content,fileName,fileUrl,regdate,regname,seq,subject,viewCount
"밀키트 국내외 시장 및 특허현황보고서는 농업기술실용화재단에서 작성하였으며,담당 연구원의 개인적인 견해가 반영된 것으로서 재단의 공식적인 의견이 아님을 밝혀드립니다.",밀키트 국내외 시장 및 특허현황.pdf,http://www.fact.or.kr/action.do?action=farmtech%24file&seq=756&file_seq=1,2021.11.16,김수연,756,밀키트 국내외 시장 및 특허현황,26
"국내 쌀가공식품 시장 및 특허현황보고서는 농업기술실용화재단에서 작성하였으며,담당 연구원의 개인적인 견해가 반영된 것으로서 재단의 공식적인 의견이 아님을 밝혀드립니다.",국내 쌀가공식품 시장 및 특허동향.pdf,http://www.fact.or.kr/action.do?action=farmtech%24file&seq=755&file_seq=1,2021.10.13,김수연,755,국내 쌀가공식품 시장 및 특허현황,102
"식물기반(plant-based)식품&nbsp;시장 및 특허기술현황 보고서는 농업기술실용화재단에서 작성하였으며,담당 연구원의 개인적인 견해가 반영된 것으로서 재단의 공식적인 의견이 아님을 밝혀드립니다.",식물기반 식품 시장 및 특허현황.pdf,http://www.fact.or.kr/action.do?action=farmtech%24file&seq=754&file_seq=1,2021.09.17,김수연,754,식물기반(plant-based)식품 시장 및 특허기술현황,134
"냉동식품&nbsp;시장 및 특허기술현황 보고서는 농업기술실용화재단에서 작성하였으며,담당 연구원의 개인적인 견해가 반영된 것으로서 재단의 공식적인 의견이 아님을 밝혀드립니다.",냉동식품 시장 및 특허현황.pdf,http://www.fact.or.kr/action.do?action=farmtech%24file&seq=753&file_seq=1,2021.08.23,김수연,753,냉동식품 시장 및 특허기술현황,157
"&nbsp;국내 먹는 샘물(생수)시장 및 현특허현황 보고서는 농업기술실용화재단에서 작성하였으며,담당 연구원의 개인적인 견해가 반영된 것으로서 재단의 공식적인 의견이 아님을 밝혀드립니다.",국내 생수시장 및 특허현황.pdf,http://www.fact.or.kr/action.do?action=farmtech%24file&seq=752&file_seq=1,2021.07.12,김수연,752,국내 먹는 샘물(생수)시장 및 특허현황,209
"맥주 국내&nbsp;시장 및 특허기술현황 보고서는 농업기술실용화재단에서 작성하였으며,담당 연구원의 개인적인 견해가 반영된 것으로서 재단의 공식적인 의견이 아님을 밝혀드립니다.",맥주 국내 시장 및 특허현황.pdf,http://www.fact.or.kr/action.do?action=farmtech%24file&seq=751&file_seq=1,2021.06.11,김수연,751,맥주 국내 시장 및 특허기술 현황,312
"국내 고추장 시장 및 특허현황 특허현황&nbsp;보고서는 농업기술실용화재단에서 작성하였으며,담당 연구원의 개인적인 견해가 반영된 것으로서 재단의 공식적인 의견이 아님을 밝혀드립니다.",국내 고추장 시장 및 특허현황.pdf,http://www.fact.or.kr/action.do?action=farmtech%24file&seq=750&file_seq=1,2021.05.12,김수연,750,국내 고추장 시장 및 특허현황,314
"국내 커피류 시장 및 특허현황 특허현황&nbsp;보고서는 농업기술실용화재단에서 작성하였으며,담당 연구원의 개인적인 견해가 반영된 것으로서 재단의 공식적인 의견이 아님을 밝혀드립니다.",국내 커피류 시장 및 특허현황.pdf,http://www.fact.or.kr/action.do?action=farmtech%24file&seq=749&file_seq=1,2021.04.12,김수연,749,국내 커피류 시장 및 특허현황,377
"식육가공품 시장 및 특허현황&nbsp;보고서는 농업기술실용화재단에서 작성하였으며,담당 연구원의 개인적인 견해가 반영된 것으로서 재단의 공식적인 의견이 아님을 밝혀드립니다.",식육가공품 시장 및 특허현황.pdf,http://www.fact.or.kr/action.do?action=farmtech%24file&seq=748&file_seq=1,2021.03.05,김수연,748,식육가공품 시장 및 특허현황,394
"국내 발효유 시장 및 특허현황 보고서는 농업기술실용화재단에서 작성하였으며,담당 연구원의 개인적인 견해가 반영된 것으로서 재단의 공식적인 의견이 아님을 밝혀드립니다.",국내 발효유 시장 및 특허현황.pdf,http://www.fact.or.kr/action.do?action=farmtech%24file&seq=747&file_seq=1,2021.02.10,김수연,747,국내 발효유 시장 및 특허현황,445
"특수의료용도 식품 시장 및 특허현황&nbsp;보고서는 농업기술실용화재단에서 작성하였으며,담당 연구원의 개인적인 견해가 반영된 것으로서 재단의 공식적인 의견이 아님을 밝혀드립니다.(2020년&nbsp;11월 '식품의 기준 및&nbsp;규격' 개정 전 작성된 것으로 이를 유의하여 참고하시기 바랍니다.)",특수의료용도식품 시장 및 특허현황.pdf,http://www.fact.or.kr/action.do?action=farmtech%24file&seq=746&file_seq=1,2021.01.18,김수연,746,특수의료용도 식품 및 특허현황,485
"본 자료는 농림축산식품부에서 주관하는 `식품 기술거래 이전 지원사업`의 일환으로,연구자 및 기업체에게 해외 식품시장과 기술 트렌드를 제공함으로써 R&amp;D전략 수립과 해외 시장 진출에 도움을 드리고자 제작된 자료입니다.&nbsp;본 자료는 농림축산식품부의 식품분야 육성 계획을 바탕으로간편식품에 대한 시장 및 산업 동향을 조사하였습니다.&nbsp;또한, 분야별로 일본, 미국 및 유럽의 2019년 등록특허를 추출(부록1)하고패밀리 특허 지수에 따라 대표 기술을 선별하여 기술소개자료(SMK)를 수록하였습니다.",트렌드북2-최종.pdf,http://www.fact.or.kr/action.do?action=farmtech%24file&seq=745&file_seq=1,2020.12.30,문연정,745,2020 해외 우수 식품 특허 트렌드북 2,511
"프리프롬(Free-From)시장 및 국내 특허기술현황 보고서는 농업기술실용화재단에서 작성하였으며,담당 연구원의 개인적인 견해가 반영된 것으로서 재단의 공식적인 의견이 아님을 밝혀드립니다.","프리프롬(무첨가, Free-From)시장 및 특허기술현황.pdf",http://www.fact.or.kr/action.do?action=farmtech%24file&seq=744&file_seq=1,2020.12.14,김수연,744,"프리프롬(Free-From)시장 및 국내 특허기술현황 ",436
"국내 된장 시장 및 특허기술현황 보고서는 농업기술실용화재단에서 작성하였으며,담당 연구원의 개인적인 견해가 반영된 것으로서 재단의 공식적인 의견이 아님을 밝혀드립니다.",국내 된장시장 및 특허기술현황.pdf,http://www.fact.or.kr/action.do?action=farmtech%24file&seq=743&file_seq=1,2020.11.09,김수연,743,국내 된장 시장 및 특허기술현황,474
"본 자료는 농림축산식품부에서 주관하는 '식품 기술거래 이전 지원사업'의 일환으로,연구자 및 기업체에게 해외 식품시장과 기술 트렌드를 제공함으로써 R&amp;D전략 수립과 해외 시장 진출에 도움을 드리고자 제작된 자료입니다.&nbsp;본 자료는 농림축산식품부의 식품분야 육성 계획을 바탕으로메디푸드, 고령친화식품, 대체식품에 대한 시장 및 산업 동향을 조사하였습니다.&nbsp;또한, 분야별로 일본, 미국 및 유럽의 2019년 등록특허를 추출(부록1)하고패밀리 특허 지수에 따라 대표 기술을 선별하여 기술소개자료(SMK)를 수록하였습니다.",2020 해외 우수 식품특허 트렌드북I (PDF).pdf,http://www.fact.or.kr/action.do?action=farmtech%24file&seq=742&file_seq=1,2020.10.27,문연정,742,2020 해외 우수 식품특허 트렌드북 1,567
"국내 치즈 시장 및 특허기술현황 보고서는 농업기술실용화재단에서 작성하였으며,담당 연구원의 개인적인 견해가 반영된 것으로서 재단의 공식적인 의견이 아님을 밝혀드립니다.",국내 치즈 시장 및 특허기술현황.pdf,http://www.fact.or.kr/action.do?action=farmtech%24file&seq=741&file_seq=1,2020.10.07,김수연,741,국내 치즈 시장 및 특허기술현황,380
"국내&nbsp;두부시장 및 특허기술 현황&nbsp;보고서는 농업기술실용화재단에서 작성하였으며,담당 연구원의 개인적인 견해가 반영된 것으로서 재단의 공식적인 의견이 아님을 밝혀드립니다.",국내 두부 시장 및 특허기술현황.pdf,http://www.fact.or.kr/action.do?action=farmtech%24file&seq=740&file_seq=1,2020.09.08,김수연,740,국내 두부시장 및 특허기술 현황,409
"국내&nbsp;배추김치 시장 및 특허기술동향 보고서는 농업기술실용화재단에서 작성하였으며,담당 연구원의 개인적인 견해가 반영된 것으로서 재단의 공식적인 의견이 아님을 밝혀드립니다.",국내 배추김치 시장 및 특허기술현황.pdf,http://www.fact.or.kr/action.do?action=farmtech%24file&seq=739&file_seq=1,2020.07.08,김수연,739,국내 배추김치 시장 및 특허기술동향,461
"국내&nbsp;아이스크림 시장 및 특허기술현황 보고서는 농업기술실용화재단에서 작성하였으며,담당 연구원의 개인적인 견해가 반영된 것으로서 재단의 공식적인 의견이 아님을 밝혀드립니다.",국내 아이스크림 시장 및 특허기술현황.pdf,http://www.fact.or.kr/action.do?action=farmtech%24file&seq=738&file_seq=1,2020.06.08,김수연,738,국내 아이스크림 시장 및 특허기술현황,439
"국내 빵류 시장 및 특허현황 보고서는 농업기술실용화재단에서 작성하였으며,담당 연구원의 개인적인 견해가 반영된 것으로서 재단의 공식적인 의견이 아님을 밝혀드립니다.",국내 빵류 시장 및 특허현황.pdf,http://www.fact.or.kr/action.do?action=farmtech%24file&seq=737&file_seq=1,2020.05.06,김수연,737,국내 빵류 시장 및 특허현황,486
"어묵을 중심으로 한 어육가공식품 시장 및 특허현황 보고서는 농업기술실용화재단에서 작성하였으며,담당 연구원의 개인적인 견해가 반영된 것으로서 재단의 공식적인 의견이 아님을 밝혀드립니다.",어묵을 중심으로 한 어육가공식품 시장 및 특허현황.pdf,http://www.fact.or.kr/action.do?action=farmtech%24file&seq=736&file_seq=1,2020.04.02,김수연,736,어묵을 중심으로 한 어육가공식품 시장 및 특허현황,492
"국내 신선편의 식품과 신선편이 농산물 시장 및 특허기술현황&nbsp;보고서는 농업기술실용화재단에서 작성하였으며,담당 연구원의 개인적인 견해가 반영된 것으로서 재단의 공식적인 의견이 아님을 밝혀드립니다.",국내 신선편의식품과 신선편이 농산물 시장 및 특허기술 현황.pdf,http://www.fact.or.kr/action.do?action=farmtech%24file&seq=735&file_seq=1,2020.03.30,김수연,735,국내 신선편의 식품과 신선편이 농산물 시장 및 특허기술 현황,739
'해외 우수 식품 특허 트렌드북 II' 는 푸드테크(2017~2019) 및 가공식품(2019)에 대한 해외 우수특허 정보를 제공합니다.,해외 우수 식품특허 트렌드북 II (푸드테크를 중심으로).pdf,http://www.fact.or.kr/action.do?action=farmtech%24file&seq=734&file_seq=1,2020.02.04,문연정,734,해외 우수 식품특허 트렌드북 II,809
"해외 우수 식품특허 트렌드북(2018.01~2018.12)은 미국, 유럽, 일본에 등록된 최신 특허정보와 식품산업동향 자료를 제공합니다.",1907_해외 우수 식품특허 트렌드북.pdf,http://www.fact.or.kr/action.do?action=farmtech%24file&seq=733&file_seq=1,2019.07.19,김수연,733,해외 우수 식품특허 트렌드북,1242
"대체고기 산업 및 특허기술 현황 보고서는 농업기술실용화재단에서 작성하였으며,담당 연구원의 개인적인 견해가 반영된 것으로서 재단의 공식적인 의견이 아님을 밝혀드립니다.",대체고기 산업 및 특허기술현황.pdf,http://www.fact.or.kr/action.do?action=farmtech%24file&seq=731&file_seq=1,2019.06.07,김수연,731,대체고기 산업 및 특허기술 현황,765
"국내&nbsp;라면 시장 및 특허기술 동향&nbsp;보고서는 농업기술실용화재단에서 작성하였으며,담당 연구원의 개인적인 견해가 반영된 것으로서 재단의 공식적인 의견이 아님을 밝혀드립니다.",국내 라면 시장 및 특허기술 동향.pdf,http://www.fact.or.kr/action.do?action=farmtech%24file&seq=730&file_seq=1,2019.05.13,김수연,730,국내 라면시장 및 특허기술 동향,679
"국내 과실식초 시장현황 및 특허기술 동향&nbsp;보고서는 농업기술실용화재단에서 작성하였으며,담당 연구원의 개인적인 견해가 반영된 것으로서 재단의 공식적인 의견이 아님을 밝혀드립니다.&nbsp;&nbsp;&nbsp;&nbsp;",국내 과실식초 시장현황 및 특허기술 동향.pdf,http://www.fact.or.kr/action.do?action=farmtech%24file&seq=729&file_seq=1,2019.04.04,김수연,729,국내 과실식초 시장현황 및 특허기술 동향,720
"식품포장재 관련 국내 특허기술 보고서는 농업기술실용화재단에서 작성하였으며,&nbsp;담당 연구원의 개인적인 견해가 반영된 것으로서 재단의 공식적인 의견이 아님을 밝혀드립니다.",식품포장재 관련 국내 특허기술.pdf,http://www.fact.or.kr/action.do?action=farmtech%24file&seq=728&file_seq=1,2019.03.11,김수연,728,식품포장재 관련 국내 특허기술,693
"국내 스마트팜 산업 및 특허기술 현황 보고서는 농업기술실용화재단에서 작성하였으며,&nbsp;담당 연구원의 개인적인 견해가 반영된 것으로서 재단의 공식적인 의견이 아님을 밝혀드립니다.",국내 스마트팜 산업 및 특허기술현황.pdf,http://www.fact.or.kr/action.do?action=farmtech%24file&seq=727&file_seq=1,2017.12.28,김수연,727,국내 스마트팜 산업 및 특허기술 현황,1862
"밭농업 기계화 산업 및 특허기술보고서는 농업기술실용화재단에서 작성하였으며,&nbsp;담당 연구원의 개인적인 견해가 반영된 것으로서 재단의 공식적인 의견이 아님을 밝혀드립니다.",밭농업기계화 산업 및 특허기술.pdf,http://www.fact.or.kr/action.do?action=farmtech%24file&seq=726&file_seq=1,2017.12.26,김수연,726,밭농업 기계화 산업 및 특허기술,929
"반려동물 시장과 특허동향 보고서는 농업기술실용화재단에서 작성하였으며,&nbsp;담당 연구원의 개인적인 견해가 반영된 것으로서 재단의 공식적인 의견이 아님을 밝혀드립니다.",반려동물 시장 및 특허기술동향.pdf,http://www.fact.or.kr/action.do?action=farmtech%24file&seq=725&file_seq=1,2017.12.06,김수연,725,반려동물 시장과 특허동향,948
"국내 저알콜 시장과 특허현황 보고서는 농업기술실용화재단에서 작성하였으며,&nbsp;담당 연구원의 개인적인 견해가 반영된 것으로서 재단의 공식적인 의견이 아님을 밝혀드립니다.",국내 저알콜시장과 특허현황.pdf,http://www.fact.or.kr/action.do?action=farmtech%24file&seq=724&file_seq=1,2017.12.06,김수연,724,국내 저알콜시장과 특허현황,632
"국내 감미료 시장과 특허현황 보고서는 농업기술실용화재단에서 작성하였으며,&nbsp;담당 연구원의 개인적인 견해가 반영된 것으로서 재단의 공식적인 의견이 아님을 밝혀드립니다.",국내 감미료 시장과 특허기술현황.pdf,http://www.fact.or.kr/action.do?action=farmtech%24file&seq=723&file_seq=1,2017.12.06,김수연,723,국내 감미료 시장과 특허기술현황,599
"국내 조미료 시장과 특허현황 보고서는 농업기술실용화재단에서 작성하였으며,&nbsp;담당 연구원의 개인적인 견해가 반영된 것으로서 재단의 공식적인 의견이 아님을 밝혀드립니다.",국내 조미료 시장과 특허기술현황.pdf,http://www.fact.or.kr/action.do?action=farmtech%24file&seq=722&file_seq=1,2017.09.26,김수연,722,국내 조미료 시장과 특허현황,738
"국내 영유아식 시장 및 특허기술 현황 보고서는 농업기술실용화재단에서 작성하였으며,&nbsp;담당 연구원의 개인적인 견해가 반영된 것으로서 재단의 공식적인 의견이 아님을 밝혀드립니다.",국내 영유아식 시장 및 특허기술현황.pdf,http://www.fact.or.kr/action.do?action=farmtech%24file&seq=721&file_seq=1,2017.09.26,김수연,721,국내 영유아식 시장 및 특허기술 현황,679
"FODMAPS 특허기술현황 보고서는 농업기술실용화재단에서 작성하였으며,&nbsp;담당 연구원의 개인적인 견해가 반영된 것으로서 재단의 공식적인 의견이 아님을 밝혀드립니다.",FODMAPs 특허기술현황.pdf,http://www.fact.or.kr/action.do?action=farmtech%24file&seq=720&file_seq=1,2017.09.26,김수연,720,FODMAPS 특허기술현황,566
"국내 HMR시장현황과 특허기술동향보고서는 농업기술실용화재단에서 작성하였으며,&nbsp;담당 연구원의 개인적인 견해가 반영된 것으로서 재단의 공식적인 의견이 아님을 밝혀드립니다.",국내 HMR 시장현황 및 특허기술 동향.pdf,http://www.fact.or.kr/action.do?action=farmtech%24file&seq=719&file_seq=1,2017.09.26,김수연,719,국내 HMR시장현황과 특허기술동향,926
"고령친화식품산업 특허기술현황과 동향보고서는 농업기술실용화재단에서 작성하였으며,&nbsp;담당 연구원의 개인적인 견해가 반영된 것으로서 재단의 공식적인 의견이 아님을 밝혀드립니다.",고령친화식품산업 특허기술 현황 및 동향.pdf,http://www.fact.or.kr/action.do?action=farmtech%24file&seq=718&file_seq=1,2017.09.26,김수연,718,고령친화식품산업 특허기술 현황 및 동향,804
"이번 쌀가공식품 국내 시장 및 특허동향보고서는 농업기술실용화재단에서 작성하였으며,&nbsp;담당 연구원의 개인적인 견해가 반영된 것으로서 재단의 공식적인 의견이 아님을 밝혀드립니다.&nbsp;&nbsp;&nbsp;&nbsp;&nbsp;&nbsp;&nbsp;&nbsp;&nbsp;&nbsp;&nbsp;담당 : 기술평가팀 김정은 (jekim@efact.or.kr,  031-8012-7244)","쌀가공식품 국내시장 및 특허동향_김수연,김정은.pdf",http://www.fact.or.kr/action.do?action=farmtech%24file&seq=717&file_seq=1,2017.06.14,김정은,717,쌀가공식품 국내 시장 및 특허동향,961
"이번 식용곤충 특허기술 및 시장동향보고서는 농업기술실용화재단에서 작성하였으며,&nbsp;담당 연구원의 개인적인 견해가 반영된 것으로서 재단의 공식적인 의견이 아님을 밝혀드립니다.&nbsp;&nbsp;&nbsp;&nbsp;&nbsp;&nbsp;&nbsp;&nbsp;&nbsp;&nbsp;&nbsp;담당 : 기술평가팀 김정은 (jekim@efact.or.kr, 031-8012-7244)",식용곤충 특허기술 및 시장동향.pdf,http://www.fact.or.kr/action.do?action=farmtech%24file&seq=716&file_seq=1,2017.05.22,김정은,716,식용곤충 특허기술 및 시장동향,899
"본 보고서는 농업기술실용화재단에서 작성하였으며,&nbsp;담당 연구원의 개인적인 견해가 반영된 것으로서 재단의 공식적인 의견이 아님을 밝혀드립니다.&nbsp;&nbsp;&nbsp;&nbsp;&nbsp;향후 연구개발 방향 설정에 도움이 되고자 최근 공개 또는 등록된 한국, 미국, 일본, 중국, 유럽, 국제출원(PCT)의 특허(실용신안)를 기반으로 농식품 관련 전 세계 특허동향 및 국내 특허동향을 을 분석하였습니다.&nbsp;&nbsp;&nbsp;&nbsp;&nbsp;&nbsp;&nbsp;&nbsp;&nbsp;담당 : 기술평가팀 김정은 (jekim@efact.or.kr, 031-8012-7244)&nbsp;",[FACT]농·식품분야 최신특허 동향(`16.8.1~`16.8.31).pdf,http://www.fact.or.kr/action.do?action=farmtech%24file&seq=715&file_seq=1,2016.12.08,김정은,715,[FACT]농·식품분야 최신특허 동향(`16.9월),1323
"본 보고서는 농업기술실용화재단에서 작성하였으며,&nbsp;담당 연구원의 개인적인 견해가 반영된 것으로서 재단의 공식적인 의견이 아님을 밝혀드립니다.&nbsp;&nbsp;&nbsp;&nbsp;&nbsp;향후 연구개발 방향 설정에 도움이 되고자 최근 공개 또는 등록된 한국, 미국, 일본, 중국, 유럽, 국제출원(PCT)의 특허(실용신안)를 기반으로 농식품 관련 전 세계 특허동향 및 국내 특허동향을 을 분석하였습니다.&nbsp;&nbsp;&nbsp;&nbsp;&nbsp;&nbsp;&nbsp;&nbsp;&nbsp;담당 : 기술평가팀 김정은 (jekim@efact.or.kr, 031-8012-7244)",(발송용)_(FACT)농식품분야 최신특허동향(`16.7.1~`16.7.31).pdf,http://www.fact.or.kr/action.do?action=farmtech%24file&seq=714&file_seq=1,2016.09.12,김정은,714,[FACT]농·식품분야 최신특허 동향(`16.8월),874
"본 보고서는 농업기술실용화재단에서 작성하였으며,담당 연구원의 개인적인 견해가 반영된 것으로서 재단의 공식적인 의견이 아님을 밝혀드립니다.&nbsp;&nbsp;향후 연구개발 방향 설정에 도움이 되고자 최근 공개 또는 등록된 한국, 미국, 일본, 중국, 유럽, 국제출원(PCT)의 특허(실용신안)를 기반으로 농식품 관련 전 세계 특허동향 및 국내 특허동향을 을 분석하였습니다.&nbsp;&nbsp;&nbsp;&nbsp;담당 : 기술평가팀 김정은 (jekim@efact.or.kr, 031-8012-7244)",(발송용)_[FACT]농·식품분야 최신특허 동향(`16.6.1~`16.6.30).pdf,http://www.fact.or.kr/action.do?action=farmtech%24file&seq=712&file_seq=1,2016.08.05,김정은,712,[FACT]농·식품분야 최신특허 동향(`16.7월),767
"본 보고서는 농업기술실용화재단에서 작성하였으며,담당 연구원의 개인적인 견해가 반영된 것으로서 재단의 공식적인 의견이 아님을 밝혀드립니다.&nbsp;&nbsp;&nbsp;&nbsp;&nbsp;국내 농식품분야 융복합 특허기술(&rsquo;16.6월), 농업기술실용화재단 박진구/김정은&nbsp;&nbsp;&nbsp;&nbsp;농식품 기술과 관련하여 전 세계 특허동향 및 경쟁현황을 파악하고 향후 연구개발 방향 결정에 도움이 되고자최근 공개 또는 등록된 한국, 미국, 일본, 중국, 유럽, 국제출원(PCT)의 특허(실용신안)을 분석하였다. &nbsp;&nbsp;&nbsp;&nbsp;담당 : 기술평가팀 박진구 (jgpark@efact.or.kr, 031-8012-7201) / 김정은 (jekim@efact.or.kr, 031-8012-7244)",(발송용)_[FACT]농·식품분야 최신특허 동향(`16.5.1~`16.5.30).pdf,http://www.fact.or.kr/action.do?action=farmtech%24file&seq=711&file_seq=1,2016.07.11,김정은,711,[FACT]농·식품분야 최신특허 동향(`16.6월),732
"본 보고서는 농업기술실용화재단에서 작성하였으며,담당 연구원의 개인적인 견해가 반영된 것으로서 재단의 공식적인 의견이 아님을 밝혀드립니다.&nbsp;&nbsp;국내 농&bull;식품분야 융&bull;복합 특허기술(&rsquo;16.4월), 농업기술실용화재단 박진구&nbsp;농식품 기술과 관련하여 전 세계 특허동향 및 경쟁현황을 파악하고 향후 연구개발 방향 결정에 도움이 되고자최근 공개 또는 등록된 한국, 미국, 일본, 중국, 유럽, 국제출원(PCT)의 특허(실용신안)을 분석하였다. &nbsp;&nbsp;&nbsp;&nbsp;&nbsp;담당 : 기술평가팀 박진구 (jgpark@efact.or.kr, 031-8012-7201)",(발송용)_[FACT]농·식품분야 최신특허 동향(`16.5월).pdf,http://www.fact.or.kr/action.do?action=farmtech%24file&seq=710&file_seq=1,2016.06.08,박진구,710,[FACT]농·식품분야 최신특허 동향(`16.5월),985
"본 보고서는 농업기술실용화재단에서 작성하였으며,담당 연구원의 개인적인 견해가 반영된 것으로서 재단의 공식적인 의견이 아님을 밝혀드립니다.&nbsp;국내 농&bull;식품분야 융&bull;복합 특허기술(&rsquo;16.4월), 농업기술실용화재단 박진구&nbsp;농식품 기술과 관련하여 전 세계 특허동향 및 경쟁현황을 파악하고 향후 연구개발 방향 결정에 도움이 되고자 최근 공개 또는 등록된 한국, 미국, 일본, 중국, 유럽, 국제출원(PCT)의 특허(실용신안)을 분석하였다. 분석대상은 농업,식품,축산업,수산업, 임업, 융복합 분야를 대상으로 하였다. &nbsp;담당 : 기술평가팀 박진구 (jgpark@efact.or.kr, 031-8012-7201)",(발송용)_[FACT]농·식품분야 최신특허 동향(`16.3.1~`16.3.31).pdf,http://www.fact.or.kr/action.do?action=farmtech%24file&seq=709&file_seq=1,2016.05.04,박진구,709,[FACT]농·식품분야 최신특허 동향(`16.4월),907
"본 보고서는 농업기술실용화재단에서 작성하였으며,담당 연구원의 개인적인 견해가 반영된 것으로서 재단의 공식적인 의견이 아님을 밝혀드립니다.&nbsp;국내 농&bull;식품분야 융&bull;복합 특허기술(&rsquo;16.2월), 농업기술실용화재단 박진구&nbsp;농식품 기술과 관련하여 전 세계 특허동향 및 경쟁현황을 파악하고 향후 연구개발 방향 결정에 도움이 되고자 2016. 1월 공개 또는 등록된 한국, 미국, 일본, 중국, 유럽, 국제출원(PCT)의 특허(실용신안)을 분석하였다. 분석대상은 농업,식품,축산업,수산업, 임업, 융복합 분야를 대상으로 하였다. &nbsp;담당 : 기술평가팀 박진구 (jgpark@efact.or.kr, 031-8012-7201)",[FACT]농·식품분야 최신특허 동향(`16.3월).pdf,http://www.fact.or.kr/action.do?action=farmtech%24file&seq=708&file_seq=1,2016.03.31,박진구,708,[FACT]농·식품분야 최신특허 동향(`16.3월),852
"본 보고서는 농업기술실용화재단에서 작성하였으며,담당 연구원의 개인적인 견해가 반영된 것으로서 재단의 공식적인 의견이 아님을 밝혀드립니다.&nbsp;국내 농&bull;식품분야 융&bull;복합 특허기술(&rsquo;16.2월)농업기술실용화재단 박진구&nbsp;농식품 기술과 관련하여 전 세계 특허동향 및 경쟁현황을 파악하고 향후 연구개발 방향 결정에 도움이 되고자 2016. 1월 공개 또는 등록된 한국, 미국, 일본, 중국, 유럽, 국제출원(PCT)의 특허(실용신안)을 분석하였다. 분석대상은 농업,식품,축산업,수산업, 임업, 융복합 분야를 대상으로 하였다. &nbsp;담당 : 기술평가팀 박진구 031-8012-7201",2_[FACT]농·식품분야 최신특허 동향(`16.2월).pdf,http://www.fact.or.kr/action.do?action=farmtech%24file&seq=707&file_seq=1,2016.03.03,박진구,707,[FACT]농·식품분야 최신특허 동향(`16.2월),860
"본 보고서는 농업기술실용화재단에서 작성하였으며,담당 연구원들의 개인적인 견해가 반영된 것으로서 재단의 공식적인 의견이 아님을 밝혀드립니다.&nbsp;&nbsp;국내 농&bull;식품분야 융&bull;복합 특허기술(&rsquo;16.1월)농업기술실용화재단 박진구전 세계 특허동향 및 경쟁현황을 파악하고 향후 연구개발 방향 결정에 도움이 되고자 2015. 12월 공개 또는 등록된 한국, 미국, 일본, 중국, 유럽, 국제출원(PCT)의 특허(실용신안)을 분석하였다. 분석대상은 농업,식품,축산업,수산업, 임업, 융복합 분야를 대상으로 하였다. &nbsp;담당 : 기술평가팀 박진구 031-8012-7201",[FACT]농·식품분야 최신특허 동향(`16.1월).pdf,http://www.fact.or.kr/action.do?action=farmtech%24file&seq=706&file_seq=1,2016.02.04,박진구,706,[FACT]농·식품분야 최신특허 동향(`16.1월),758
"본 산업동향 보고서는 농업기술실용화재단에서 작성하였으며,담당 연구원들의 개인적인 견해가 반영된 것으로서 재단의 공식적인 의견이 아님을 밝혀드립니다.봉독분야 주요기술동향 및 사업화가능성 탐색2012년 양봉산물 생산액을 기준으로 한 국내 꿀벌산업의 규모는 4,000억원 수준으로, 2008년 3,400억원, 2010년 4,500억원(△30.3%)의 증가추세가 주춤한 상황이다. 꿀벌산업의 공익적 가치(농산물 생산기여효과)가 양봉산물 생산가치의 100배에 달하는 중요한 산업이지만 그 성장이 정체되어 있음을 고려할 때 향후 &lsquo;지속가능한, 신 녹색성장을 주도하는 생명산업&rsquo;으로의 양봉산업의 존립과 성장에 대한 국가적 관심과 계획이 절실하다. &nbsp;전통적으로 국내 꿀벌산업은 꿀, 화분, 로열젤리, 밀랍, 프로폴리스 등 &lt;1차 생산물&gt;을 중심으로 전개되어 왔고, 국내산 양봉산물의 성분이나 효능, 인체 작용기전에 대한 연구 등 부가가치를 제고하기 위한 사업화 노력이 부족했던 것으로 평가되고 있다. 다만 봉독(bee venom)의 경우 전체 양봉산업 중 차지하는 비중이 1%도 되지 않지만, 이를 소재로 인체의약품, 동물의약품, 기능성 화장품 등의 분야에서 꾸준히 연구가 진행되고 있으며 가시적 성과가 곧 나타날 것으로 예상된다.담당 : 기술동향분석팀 김수연 연구원 031-8012-7224&nbsp;",봉독분야 주요기술동향 및 사업화가능성 탐색-팩트메거진_1월호.pdf,http://www.fact.or.kr/action.do?action=farmtech%24file&seq=705&file_seq=1,2015.03.31,김수연,705,[FACT]봉독분야 주요기술동향 및 사업화가능성 탐색,1097
"우리나라 곡물 수급 현황 및 식량자급률 제고방안국립식량과학원 GSP식량종자사업단장 최임수일반적으로 식량은 인류가 생존과 활동을 위해 섭취하는 곡물류, 감자？고구마류, 육？어류, 채소류, 과일류 등의 먹을거리를 일컫는다. 이 중 곡류는 주된 에너지의 공급원이자 가축사료로 이용되고 있으며 협의의 식량으로 통용되고 있다. 국제적으로 기후변화 및 산업화로 곡물 수급에 불안감이 증가하고 있다.",우리나라_곡물_수급_현황_및_식량자급률_제고_방안(최임수)20141206.pdf,http://www.fact.or.kr/action.do?action=farmtech%24file&seq=704&file_seq=1,2015.03.31,김수연,704,[전문가기고]우리나라 곡물 수급 현황 및 식량자급률 제고방안,1078
"민간육종 연구지원투자의 효과 거양을 위하여&nbsp;&nbsp;&nbsp;&nbsp;&nbsp;&nbsp;&nbsp;&nbsp;&nbsp;&nbsp;&nbsp;&nbsp;&nbsp;&nbsp;&nbsp;&nbsp;&nbsp;&nbsp;&nbsp;&nbsp;&nbsp;&nbsp;&nbsp;&nbsp;&nbsp;&nbsp;&nbsp;&nbsp;&nbsp;&nbsp;&nbsp;&nbsp;&nbsp;&nbsp;&nbsp;&nbsp;&nbsp;&nbsp;&nbsp;&nbsp;&nbsp;&nbsp;&nbsp;&nbsp;&nbsp;&nbsp;&nbsp;&nbsp;&nbsp;&nbsp;&nbsp;&nbsp;&nbsp;&nbsp;&nbsp;&nbsp;&nbsp;&nbsp;&nbsp;&nbsp;&nbsp;&nbsp;&nbsp;&nbsp;&nbsp;&nbsp;&nbsp;&nbsp;&nbsp;&nbsp;&nbsp;&nbsp;&nbsp;&nbsp;&nbsp;&nbsp;&nbsp;&nbsp;&nbsp;&nbsp;&nbsp;&nbsp;&nbsp;&nbsp;&nbsp;&nbsp;&nbsp;&nbsp;&nbsp;&nbsp;&nbsp;&nbsp;&nbsp;&nbsp;&nbsp;&nbsp;&nbsp;&nbsp;&nbsp;&nbsp;&nbsp;&nbsp;&nbsp;&nbsp;&nbsp;&nbsp;&nbsp;&nbsp;&nbsp;&nbsp;&nbsp;&nbsp;&nbsp;&nbsp;&nbsp;&nbsp;&nbsp;&nbsp;&nbsp;&nbsp;&nbsp;&nbsp;&nbsp;&nbsp; (사) 한국종자연구회 고문 윤진영정부는 외국품종 의존도가 높은 작물의 우리 품종 자급율을 향상하고 종자 산언을 수출지향적으로 육성하는 목표를 위하여 Golden Seed Project와 Seed Vally 사업 등을 통하여 막대한 예산을 민간에 지원하고 있다. 이런 우호적인 분위기를 활용하여 우수한 품종을 다수 육종하고 그 품종들이 수출 시장에서 날개를 달고 우리 농업을 잘 뒷받침하는 상황을 만들고 지속하자면 개별 과제의 성공을 위하여 노력하며 중간점검결과에 따라서는 사업 전체의 구조를 보완하고, 품종육종 및 종자산업에 직간접적으로 영향을 및는 제반 사항을 정비해야 할 덧이다. 본고에서는 이런 관점에서 중요한 몇가지를 살펴본다.",민간육종연구지원투자의_효과_거양을_위하여.pdf,http://www.fact.or.kr/action.do?action=farmtech%24file&seq=703&file_seq=1,2015.03.31,김수연,703,[전문가기고]민간육종연구지원투자의 효과 거양을 위하여,978
"본 보고서는 농업기술실용화재단에서 작성하였으며,담당 연구원들의 개인적인 견해가 반영된 것으로서 재단의 공식적인 의견이 아님을 밝혀드립니다.&nbsp;최근 정부에서는 창조경제, 과학기술과 정보통신기술(ICT) 융&middot;복합을 통한 새로운 성장 동력 및 일자리 창출이 강조되면서 농업부문에서도 ICT 융&middot;복합 확산이 정책적 과제로 제기되고 있다. 농업생산의 정체 현상, 농촌 노동력의 감소와 고령화, 기상이변, 복잡한 유통구조에 따른 고비용 구조 등의 문제가 우리 농업부문의 주요 과제로 등장하는데, 농업과 ICT의 융&middot;복합이 이러한 문제를 해결하는 방안으로 강조되고 있다.&nbsp; 이와 관련하여 2014년 8월 1일부터 2014년 11월 30일까지 공개 또는 등록된 국내 농？식품 분야 최신특허 중 &lsquo;농？식품 ICT 융？복합 모델&rsquo; 기술과 연관된 특허를 소개하고자 한다.",국내_ICT_융복합_특허기술.pdf,http://www.fact.or.kr/action.do?action=farmtech%24file&seq=702&file_seq=1,2015.03.31,김수연,702,[FACT] 국내 ICT융복합 특허기술('14.8월~'14.11월),1018
"마늘의 건강기능식품 고시형 원료 등록에 따른 증분수요 추정 보고서마늘의 건기식 등록에 따른 증분수요를 추정하기 위해 연령별/지역별/성별 인구비례할당 표본 추출에&nbsp;의해&nbsp;온라인으로 전국 만 20세 이상 남녀 1,500명의 향후 마늘 소비량 변화, 향후 지불의사금액 등을 조사/분석함. 분석 결과, &ldquo;마늘의 건강기능식품 고시형 원료 등록&rdquo;에 따른 증분수요는 2015년 약 4,325억 원으로 나타났으며, 향후 10년 간 증분수요의 합은 약 4조 5,091억 원으로 예상됨.&nbsp;&nbsp; 담당 : 기술동향분석팀 엄인용 선임연구원 031) 8012-7227",140924_마늘_건기식지정_증분수요_추정.pdf,http://www.fact.or.kr/action.do?action=farmtech%24file&seq=701&file_seq=1,2014.10.16,엄인용,701,[FACT]마늘의 건강기능식품 고시형 원료 등록에 따른 증분수요 추정 보고서,1416
"본 보고서는 농업기술실용화재단에서 작성하였으며,담당 연구원들의 개인적인 견해가 반영된 것으로서 재단의 공식적인 의견이 아님을 밝혀드립니다.&nbsp;국내 농&bull;식품분야 융&bull;복합 특허기술(&rsquo;14.5~&rsquo;14.7월)농업기술실용화재단 김수연전 세계 특허동향 및 경쟁현황을 파악하고 향후 연구개발 방향 결정에 도움이 되고자 2014. 5월부터 7월까지 공개 또는 등록된 한국, 미국, 일본, 중국, 유럽, 국제출원(PCT)의 특허(실용신안)을 분석하였다.&nbsp;분석대상은 농업,식품,축산업,융복합 분야를 대상으로 하였으며, 국가별로는 한국의 특허활동이 가장 활발하였으며, 기술분야별로는 농업분야가 가장 많은 출원을 기록하였다.담당 : 기술동향분석팀 김수연 031-8012-7224",농·식품분야_최신특허_동향.pdf,http://www.fact.or.kr/action.do?action=farmtech%24file&seq=700&file_seq=1,2014.09.26,권윤구,700,[FACT]농·식품분야 최신특허 동향(‘14.5~‘14.7월),1414
"본 보고서는 농업기술실용화재단에서 작성하였으며,담당 연구원들의 개인적인 견해가 반영된 것으로서 재단의 공식적인 의견이 아님을 밝혀드립니다.&nbsp;국내 농&bull;식품분야 융&bull;복합 특허기술 (&rsquo;14.5~&rsquo;14.7월)&nbsp;농업기술실용화재단 김수연&nbsp;2014년 5월 1일부터 2014년 7월 30일까지 공개 또는 등록된 국내 농&bull;식품 분야 최신특허 중&nbsp; 시설원예 관련 특허 13건, 지능형 축사분야 5건,&nbsp; 과수분야와 유통소비 분야 각각 1건 등 총 20건의 &lsquo;농&bull;식품 ICT 융&bull;복합 모델' 특허를 소개하고자 한다.&nbsp;&nbsp;담당 : 기술동향분석팀 김수연 031-8012-7224",국내_농·식품_융복합_특허기술.pdf,http://www.fact.or.kr/action.do?action=farmtech%24file&seq=699&file_seq=1,2014.09.25,권윤구,699,[FACT]국내 농식품분야 융복합 특허기술(‘14.5~14.7월 ),1325
"축산업의 6차 산업화 필요성과 추진방향농협경제연구소 축산경제연구실장 황명철&nbsp;&nbsp; 6차산업화란 경제가 발전할수록 1차 산업에서 2차 산업으로, 다시 2차 산업에서 3차 산업으로 발전하고 1차에서 2차, 3차로 갈수록 소득도 높아진다는 &lsquo;페티의 법칙&rsquo;을 이론적 근거로 하며, 농가소득 증대를 위한 방안으로 일본의 이마무라 나라오미(今村奈良臣）동경대학 교수가 20여 년 전에 제창한 조어이다.&nbsp;&nbsp;&nbsp; 한편, 우리나라 축산업 현실을 보면, 1995년 WTO체제 이후 미국, EU, 호주, 캐나다 등 축산 강국과의 연이은 FTA협정 타결로 인한 축산물시장 개방 확대로 축산 농가 수는 과거 20여 년간 70&sim;80%가 줄어드는 등 축산 농가는 경영의 주도권을 제대로 행사하기 어려우며 그 입지는 매우 취약하다.&nbsp; 이처럼 위기상황에 처한 축산업의 활로를 찾기 위해서는 6차 산업 이론에서 보는 바와 같이 6차 산업화로, 대기업 등이 차지하고 있는 축산분야 2차 가공과 3차 판매 등을 축산경영으로 환원함으로써 축산농가의 소득증대를 도모할 필요가 있다. &nbsp; 축산업의 6차산업화 방안으로는 첫째, 6차산업화의 숲속에서 조난당하지 않도록 끊임없는 학습과 선진사례 벤치마킹이 필수적이다. 두 번째, 경영위험 최소화를 위해 자본투자는 점진적으로 하고 기존 자원을 최대한 활용해야 한다. 세 번째, 개별농가 및 법인보다는 지역단위 중심 사업추진이 효과적이다. 네 번째, 지역단위 6차산업화 주체로서 농&middot;축협의 적극적 참여가 필요하며, 농협은 6차산업화에 핵심적인 역할을 하는데 주저함이 없어야 한다.",축산업의 6차 산업화와 추진방향.pdf,http://www.fact.or.kr/action.do?action=farmtech%24file&seq=698&file_seq=1,2014.09.17,권윤구,698,[전문가기고]축산업의 6차 산업화 필요성과 추진방향,1402
"&nbsp;6차 산업화의 해외 사례 및 시사점충남대학교 농업경제학과 교수 김성훈&nbsp;6차 산업화의 개념은 농업이 1차 산업(농축산물의 생산)에 머무르지 않고, 2차 산업(농축산물의 가공 및 식품제조업) 및 3차 산업(도ㆍ소매업, 음식업, 정보서비스업, 관광 등)까지 영역을 확대하고, 농기업의 다각화와 농업의 종합산업화(1차 + 2차 + 3차 = 6차)를 통해 농촌에 새로운 가치와 취업 기회를 만들어내는 활동을 의미한다.&nbsp; &nbsp; 6차 산업화를 우리나라에 효과적으로 시도하기 위해서는 해외의 성공 사례를 분석하여 시사점을 도출할 필요가 있기에, 각 유형별로 사례(네덜란드의 레메커 치즈 농장, 미국의 오크 팜, 일본의 포도의 언덕)를 조사하한 다음 SWOT 기법을 적용하여 분석하였다.",6차 산업화의 해외 사례 및 시사점.pdf,http://www.fact.or.kr/action.do?action=farmtech%24file&seq=697&file_seq=1,2014.09.17,권윤구,697,[전문가기고]6차 산업화의 해외 사례 및 시사점,1538
"본 산업동향 보고서는 농업기술실용화재단에서 작성하였으며,담당 연구원들의 개인적인 견해가 반영된 것으로서 재단의 공식적인 의견이 아님을 밝혀드립니다.&nbsp;약용작물 재배현황 및 시장 동향약용작물 산업은 한약재에서 벗어나 천연소재 신약, 기능성식품, 화장품, 생활용품 건강관련 식품으로 점차 그 영역을 확대하고 있으며추세는 당분간 지속될 것으로 예상된다. 약용작물 시장 확대에 따라 국내 약용작물 재배도 증가하고 있으며, 약용작물 고부가가치화에 따라 농가 소득 증대에 기여할 것으로 예상된다.이러한 약용시장의 국내 현황과 향후 전망에 대해 살펴보고자 한다담당 : 기술동향분석팀 김혜원 연구원 031-8012-7393&nbsp;",약용작물 재배현황 및 시장동향.pdf,http://www.fact.or.kr/action.do?action=farmtech%24file&seq=696&file_seq=1,2014.09.17,권윤구,696,[FACT]약용작물 재배현황 및 시장 동향,1569
"본 산업동향 보고서는 농업기술실용화재단에서 작성하였으며,담당 연구원들의 개인적인 견해가 반영된 것으로서 재단의 공식적인 의견이 아님을 밝혀드립니다.국내 약용작물 특허기술동향인류는 자연으로부터 식량과 질병치료를 위해 약초를 이용하였다. 약 6만 년 전 네안데르탈인의 무덤에서 오늘날 향료로 사용되는 약초가 발견될 정도로 인류가 약초를 이용한 역사는 매우 길다. 약용작물은 난치병, 노화, 성인병 등 현대의약에서 미비점을 보완하는 대체의약 산업의 원료이자 생물자원의 보고로 그 중요성이 커지고 있다. 특히 건강과 웰빙에 대한 사회적 관심이 높아지면서 기능성 건강식품 및 약용작물 관련 시장규모도 성장을 거듭하고 있다.&nbsp;담당 : 기술동향분석팀 김수연 연구원 031-8012-7224",국내 약용작물 특허기술동향.pdf,http://www.fact.or.kr/action.do?action=farmtech%24file&seq=695&file_seq=1,2014.09.17,권윤구,695,[FACT]국내 약용작물 특허기술동향,1301
"본 산업동향 보고서는 농업기술실용화재단에서 작성하였으며,담당 연구원들의 개인적인 견해가 반영된 것으로서 재단의 공식적인 의견이 아님을 밝혀드립니다.&nbsp;&nbsp;딸기의 재배현황과 수출입동향&nbsp;딸기는 국내에서 재배되고 있는 과채류 중 생육 적온이 가장 낮아 저온기에도 난방비의 부담이 적어 시설재배가 유리하다.한국산 딸기는 싱가폴, 홍콩, 태국 및 말레이시아 등 동남아시아 지역으로 수출이 활성화되고 있는데, &rsquo;13년 국내 총 생산량 216,803톤 중 3,117톤 만이 해외로 수출되고 있다.수출 증대를 위해서는 오염 방지, 신선도 유지 등 수확 후 관리에 대한 연구가 절실히 요구되며, 신규 수출시장 개척을 위한 해외마케팅, 시장정보조사, 수출국으로의 수출조건, 통관 및 검역제도 등 다양한 조사도 필요하다. 그러한 기초 조사로써, 한국산 딸기의 재배현황과 주요 수출국의 수출입동향 대하여 우선적으로 알아보고자 한다.&nbsp;담당 : 기술동향분석팀 최철만 선임연구원 031-8012-7228",딸기의 재배현황과 수출입동향.pdf,http://www.fact.or.kr/action.do?action=farmtech%24file&seq=694&file_seq=1,2014.09.17,권윤구,694,[FACT]딸기의 재배현황과 수출입동향,1257
"본 보고서는 농업기술실용화재단에서 작성하였으며,담당 연구원들의 개인적인 견해가 반영된 것으로서 재단의 공식적인 의견이 아님을 밝혀드립니다.국내 농&middot;식품분야 융&middot;복합 특허기술(&lsquo;14.2~&lsquo;14.4월)농림축산식품부는 농식품 분야와 ICT 융합기술을 접목하여 실제 현장의 애로사항을 해결하기 위해 노력하고 있다 이에 농식품 분야 경영체의 생산비용 절감 등 효과를 실증하여 확산 가능한 농식품 ICT 모델화 사업을 추진하고 있다. &nbsp; 이와 관련하여 2014년 2월 1일부터 2014년 4월 30일까지 공개 또는 등록된 국내 농&middot;식품 분야 최신특허 중 &lsquo;농&middot;식품 ICT 융&middot;복합 모델&rsquo; 기술과 연관된 특허를 소개하고자 한다.담당 : 기술동향분석팀 김수연 031-8012-7224",국내_농·식품_융복합_특허기술.pdf,http://www.fact.or.kr/action.do?action=farmtech%24file&seq=693&file_seq=1,2014.06.24,권윤구,693,[FACT]국내 농·식품분야 융·복합 특허기술(‘14.2~‘14.4월),1430
"본 보고서는 농업기술실용화재단에서 작성하였으며,담당 연구원들의 개인적인 견해가 반영된 것으로서 재단의 공식적인 의견이 아님을 밝혀드립니다.농&middot;식품분야 최신특허 동향(&lsquo;14.2~&lsquo;14.4월)&lsquo;14년 5월 중국 농업부는 「2014년 중국 농업 지식재산권 창조 지수 보고서」를 발표해 지난 2013년 중국 전 지역의 농업 관련 지식재산권 창출 현황을 소개하였다. 이 보고서에 따르면 지난해 중국농업 지식재산권 출원건수는 약 41만건으로 전년대비(&lsquo;12년) 약 29%가 증가된 것으로 나타났다. 중국 농업부는 &lsquo;12년보다 농업 지식재산권 창출이 증가하였으며 이는 중국의 농업관련 과학기술의 혁신능력이 향상되었음을 증명하는 것이라고 평가하였다. 중국 국유기관의 농업분야 지식재산권 창출 노력은 계속되고 있으며 이러한 현상은 국내 농업분야 기술개발에 많은 영향을 주고 있다. 따라서 최근 공개된 특허를 대상으로 전 세계 특허동향 및 경쟁현황을 파악하여 향후 국내 연구개발 방향 결정의 자료로 제공하고자 한다.&lsquo;14년 5월 중국 농업부는 「2014년 중국 농업 지식재산권 창조 지수 보고서」를 발표해 지난 2013년 중국 전 지역의 농업 관련 지식재산권 창출 현황을 소개하였다. 이 보고서에 따르면 지난해 중국농업 지식재산권 출원건수는 약 41만건으로 전년대비(&lsquo;12년) 약 29%가 증가된 것으로 나타났다. 중국 농업부는 &lsquo;12년보다 농업 지식재산권 창출이 증가하였으며 이는 중국의 농업관련 과학기술의 혁신능력이 향상되었음을 증명하는 것이라고 평가하였다. 중국 국유기관의 농업분야 지식재산권 창출 노력은 계속되고 있으며 이러한 현상은 국내 농업분야 기술개발에 많은 영향을 주고 있다. 따라서 최근 공개된 특허를 대상으로 전 세계 특허동향 및 경쟁현황을 파악하여 향후 국내 연구개발 방향 결정의 자료로 제공하고자 한다.담당 : 기술동향분석팀 김수연 031-8012-7224",농·식품분야_최신특허_동향.pdf,http://www.fact.or.kr/action.do?action=farmtech%24file&seq=692&file_seq=1,2014.06.24,권윤구,692,[FACT]농·식품분야 최신특허 동향(‘14.2~‘14.4월),1394
"ICT융합을 이용한 농산물의 유통저장기술 사례한국교통대&nbsp; 송석일/곽윤식 교수농산물의 높은 유통 비용율은 가격 대비 큰 부피와 중량, 분산된 생산과 소비주체, 소비의 고급화, 부패와 감모 등 높은 손실률등의 불가피한 측면도 있지만, 유통경로 간 경쟁 부족, 유통단계별 비효율성이 보다 중요한 원인으로 분석된다. 이와 함께, 부패와 감모 등 높은 손실률 도 유통 비용율을 높이는 요인들 중 하나이다. 특히, 저장성이 낮고 기후의 영향을 많이 받는 채소류와 청과류는 가격변동성이 매우 높다.ICT 융합 농산물 관리 시스템은 단순 이력 추적 및 생장환경 모니터링에서 벗어나서 저장 및 유통 과정 중 농산물에 가해진 환경요인을 모니터링하고, 이를 기반으로 농산물의 품질저하 정도를 측정하여 농산물 품질저하로 인한 폐기율을 줄일 수 있는 시스템으로 발전할 필요가 있다. 또한, 농민들이 제값을 받고 판매할 수 있도록 농산물의 거래가격을 예측해서 판매시점을 결정하는데 도움을 주는 시스템도 필요하다.한국교통대학교 곽윤식 교수 연구 팀은 농업실용화재단, 충북대학교, 부산대학교, 보아스 전자, 에이에스엔과 함께 무선 센서네트워크 기반의 종합 농산물 저장 및 유통 관리 시스템을 개발하고 실증사업을 수행하였다. 지금부터 이 시스템의 기본 구조와 기능들에 대해서 기술하고, 실증사업 수행 결과에 대해서 제시하였다.담당 : 기술동향분석팀 031-8012-7197&nbsp;",ICT융합을_이용한_농산물의_유통저장_기술_사례.pdf,http://www.fact.or.kr/action.do?action=farmtech%24file&seq=691&file_seq=1,2014.06.23,권윤구,691,[전문가기고] ICT융합을 이용한 농산물의 유통저장기술 사례,779
"&nbsp;ICT융복합 기술의 농업적용 동향 및 전망 &nbsp;&nbsp;충남대 정선옥 교수최근 농업의 화두는 ICT융복합이다. 농림축산식품부 뿐 아니라 범 부처 협력사업으로 추진되고 있으며 여러 조직의 설립, 연구개발 및 실용화 지원사업 등이 실시되고 있어 그 전망이 더욱 밝다고 판단된다. 타 분야 ICT융복합 기술 활용에 비하여 농업분야는 아직 초보적인 단계이며, 기술의 완성도 높은 적용을 위해서는 적용 작목 및 지역에 맞는 농법에 관한 내용(contents) 개발이 필요하다. &nbsp; ICT융복합 기술의 농업 적용에 있어 국외와 비교할 때 국내 기술은 여러 가지 미흡한 부분이 존재하여 이를 우선 해결해야 할 것이다. 또한 장비 뿐만 아니라 농업적인 내용(contents) 또한 ICT융복합 기술을 적용할 수 있는 형태로 개발되고 가공되어야 한다.&nbsp; 최근 농림축산식품부의 50대 핵심기술에 ICT융복합 기술을 적용해야 하는 중장기 연구개발 프로젝트가 추진되고 있는 점 등을 고려하면 향후 우리나라 농업분야에 ICT융복합 기술이 적극적으로 적용될 것이고 발전할 것으로 그 전망이 매우 밝다고 판단된다. 하지만, 이러한 연구개발이 일회성으로 끝나지 않고 성공하려면 인력양성, 안정적인 연구개발, 실용화 지원을 위한 제도적, 법적 인프라구축이 이루어져야 하며, 영세한 관련 산업체가 ICT융복합 농업기술을 완성도 높게 사업화할 수 있는 지원이 함께 추진되어야 할 것이다.담당 : 기술동향분석팀 031-8012-7197",ICT융복합_기술의_농업적용_동향_및_전망.pdf,http://www.fact.or.kr/action.do?action=farmtech%24file&seq=690&file_seq=1,2014.06.23,권윤구,690,[전문가기고]ICT융복합 기술의 농업적용 동향 및 전망,787
"본 산업동향 보고서는 농업기술실용화재단에서 작성하였으며,담당 연구원들의 개인적인 견해가 반영된 것으로서 재단의 공식적인 의견이 아님을 밝혀드립니다.우크라이나 사태와 소맥시장 동향EU경제협력 문제로 촉발된 우크라이나 내부 갈등 문제는 이제 러시아의 범슬라브주의와 서방 간의 대립으로 발전하고 있다. 세계적 곡물산지인 우크라이나와 러시아 지역의 분쟁은 세계 곡물수급에 우려를 낳고 있으며 이로 인한 심리적인 충격은 국제 소맥가격의 인상으로 연결되고 있다. 수입밀에 전적으로 의존하고 있는 국내 소맥시장은 국제 소맥가격이 오를 때마다 국내가격이 시차를 두고 인상되는 경향을 보여 왔고 이는 곧 국내 제분, 사료업계 더 나아가 소비자와 축산농가의 부담으로 작용해 왔다. 때문에 축산농가는 국제소매가격의 동향에 민감하다.이번 우크라이나 사태도 국제 소맥가격을 상승 시키는 요인으로 작용하고 있고 이로 인해 국내 소맥시장에 큰 혼란을 야기 할 잠재력을 갖고 있다. 하지만 이러한 소맥가격 상승예상이 타당한 것인지, 우크라이나 사태에 대해 시장이 과민반응을 하는 것은 아닌지 검토해 볼 필요가 있다고 생각한다. 이러한 검토를 통해 국내 소맥산업 관련 종사자들이 합리적으로 우크라이나 사태에 대응할 수 있도록 적절한 정보를 제공하고자 한다.담당 : 기술동향분석팀&nbsp;권윤구 선임연구원 031-8012-7197&nbsp;&nbsp;",5월 FACT 매거진_농식품산업동향_우크라이나_사태.pdf,http://www.fact.or.kr/action.do?action=farmtech%24file&seq=689&file_seq=1,2014.06.23,권윤구,689,[FACT]우크라이나 사태와 소맥시장 동향,615
"본 산업동향 보고서는 농업기술실용화재단에서 작성하였으며,담당 연구원들의 개인적인 견해가 반영된 것으로서 재단의 공식적인 의견이 아님을 밝혀드립니다.국내 편의가공식품 시장 동향1인 가구 증가로 시장이 성장하던 편의가공식품은, 최근에는 캠핑인구 증가 등으로 인해 어느덧 우리 식음료 소비에 하나의 트랜드로 자리 잡았다. 이에 편의가공식품 시장의 시장규모 및 성장률을 알아보고, 시장점유율과 이를 이용한 HHI 지수를 도출하여 관련 시장의 정보를 제공하고자 한다.담당 : 기술동향분석팀 엄인용 연구원 031-8012-7227",국내 편의가공식품 시장 동향.pdf,http://www.fact.or.kr/action.do?action=farmtech%24file&seq=688&file_seq=1,2014.06.23,권윤구,688,[FACT]국내 편의가공식품 시장 동향,1429
"본 산업동향 보고서는 농업기술실용화재단에서 작성하였으며,담당 연구원들의 개인적인 견해가 반영된 것으로서 재단의 공식적인 의견이 아님을 밝혀드립니다.국내 생수시장 동향1990년대 처음 국내에 선을 보인 생수는 최근 환경오염(식수오염) 등으로 인해 깨끗한 물을 원하는 소비자들이 늘어나면서 그 소비가 점점 증가하고 있다. 이에 우리 식음료 소비에 하나의 트랜드로 자리 잡은 생수산업의 시장규모 및 성장률을 알아보고, 시장점유율과 이를 이용한 HHI 지수를 도출하여 관련 시장의 정보를 제공하고자 한다.1990년대 처음 국내에 선을 보인 생수는 최근 환경오염(식수오염) 등으로 인해 깨끗한 물을 원하는 소비자들이 늘어나면서 그 소비가 점점 증가하고 있다. 이에 우리 식음료 소비에 하나의 트랜드로 자리 잡은 생수산업의 시장규모 및 성장률을 알아보고, 시장점유율과 이를 이용한 HHI 지수를 도출하여 관련 시장의 정보를 제공하고자 한다.담당 : 기술동향분석팀 엄인용 연구원 031-8012-7227&nbsp;&nbsp;&nbsp;&nbsp;",국내 생수시장 동향.pdf,http://www.fact.or.kr/action.do?action=farmtech%24file&seq=687&file_seq=1,2014.06.23,권윤구,687,[FACT]국내 생수시장 동향,811
"본 산업동향 보고서는 농업기술실용화재단에서 작성하였으며,담당 연구원들의 개인적인 견해가 반영된 것으로서 재단의 공식적인 의견이 아님을 밝혀드립니다.국내 조미료 시장 현황식품첨가물은 예로부터 식생활에 큰 비중을 차지하고 있는 물질이다. 일상화되는 웰빙 인식의 확대로 식품첨가물의 소비트렌드는 빠르게 변화되어 왔다. 특히 대표적인 향미증진제인 MSG는 인체에 무해하다는 연구에도 불구하고 소비자의 거부감이 날로 증가하고 있다. 이를 해소하기 위하여 제조사들은 신제품 개발과 마케팅에 주력하고 있는데, MGS 등 최근 조미료의 유통현황을 알아본 후 마케팅 방향을 살펴보고자 한다.담당 : 기술동향분석팀 김혜원 031-8012-7393&nbsp;",국내 조미료 시장 현황.pdf,http://www.fact.or.kr/action.do?action=farmtech%24file&seq=686&file_seq=1,2014.06.23,권윤구,686,[FACT]국내 조미료 시장 현황,856
"본 보고서는 농업기술실용화재단에서 작성하였으며,담당 연구원들의 개인적인 견해가 반영된 것으로서 재단의 공식적인 의견이 아님을 밝혀드립니다.&nbsp;농&bull;식품분야 최신특허 동향('13.11~'14.1월 )농업기술실용화재단 김수연&lsquo;14년 1월 중국 국가지식산권국(SIPO)은 &lsquo;13년 SIPO에 출원&bull;등록된 특허 현황 통계를 발표하였다. SIPO에 따르면 &lsquo;13년에 출원된 특허는 총 237만 건으로 전년대비 15.9%가 증가하였다. 또한 세계지식재산 기구의 발표에 따르면 중국의 국제특허 출원건수가 세계 3위로, 5위인 한국을 앞선 것으로 나타났다. 중국의 지식재산권 창출 노력은 계속되고 있으며 이러한 현상은 국내 농업분야 기술개발에도 많은 영향을 주고 있다. 따라서 최근 공개된 특허를 대상으로 농&bull;식품분야 선도기업(주체)을 살펴, 전 세계 특허동향 및 경쟁현황을 파악하여 향후 국내 연구개발 방향 결정의 자료로 제공하고자 한다.담당 : 기술동향분석팀 김수연 031-8012-7224&nbsp;",농·식품분야 최신특허 동향(‘13.11~14.1월 ).pdf,http://www.fact.or.kr/action.do?action=farmtech%24file&seq=685&file_seq=1,2014.03.27,권윤구,685,[FACT]농·식품분야 최신특허 동향(‘13.11~14.1월 ),2318
"본 보고서는 농업기술실용화재단에서 작성하였으며,담당 연구원들의 개인적인 견해가 반영된 것으로서 재단의 공식적인 의견이 아님을 밝혀드립니다.&nbsp;국내 농&bull;식품분야 융&bull;복합 특허기술(&rsquo;13.11~&rsquo;14.1월)농업기술실용화재단 김수연최근 농업은 단순히 1차원적인 먹거리를 생산하는 산업에서 첨단 미래 산업으로 진화하고 있다. 기존 농업기술에서 부가가치를 찾고 &lsquo;ICT, BT기술의 융복합&rsquo;등 새로운 발상전환을 통해 &lsquo;창조농업&rsquo;을 이끌어 가고 있다.대표적인 농&bull;식품분야 융&bull;복합 기술로 ㈀ 농업인들의 과학적 영농을 통해 미래 성장산업기반을 위한 &lsquo;농&bull;식품 ICT 융&bull;복합 모델&rsquo; ㈁ 기능성 농산물을 생산하고 이를 통해 식품 또는 의약품 등의 소재로 활용할 수 있도록 한 &lsquo;농&bull;식품 BT 융&bull;복합 기술&rsquo;이 있다. 이와 관련하여 2013년 11월 1일부터 2014년 1월 31일까지 공개된 국내 농&bull;식품 분야 최신특허 중 &lsquo;농&bull;식품 ICT 융&bull;복합 모델&rsquo; 기술과 연관된 특허를 소개하고자 한다.담당 : 기술동향분석팀 김수연 031-8012-7224&nbsp;",국내 농식품분야 융복합 특허기술(‘13.11~14.1월 ).pdf,http://www.fact.or.kr/action.do?action=farmtech%24file&seq=684&file_seq=2,2014.03.27,권윤구,684,[FACT]국내 농식품분야  융복합 특허기술(‘13.11~14.1월 ),1735
"국내&middot;외 건강기능식품산업 현황 및 전망서정대 김정연 교수고령화사회 진입 등 수요측면의 변화와 효능에 대한 과학적 근거 제시와 관련법규 마련 공급측면의 혁신 등으로 인해 최근에는 건강기능식품시장이 급격히 확대되고 있다.&nbsp;2012년 건강기능식품 생산액은 1조 4,091억 원으로 2011년 1조 3,682억 원에 비하여 약 3% 증가하여 전반적인 경기침체로 둔화세를 보였으나 꾸준한 성장을 지속하고 있다.세계 건강기능식품 시장규모는 2009년 대비(802억 달러)에어 10년 845억 달러로 5.4%의 성장을 기록하고 있다.건강기능식품을 둘러싼 까다로운 규제나 개발의 난이도에도 불구하고 시장의 잠재력은 높이 평가되고 있다. 소비계층의 다양화와 함께 다양한 기업들의 참여증대, 혁신적 소재 개발이 증가 하면서 미래의 건강기능식품 시장은 새로운 유통채널을 통한 맞춤형 제품의 접근성이 확대될 것으로 예상된다. 아직 많은 소비자들이 비싼 가격이나 효능에 대한 불확신으로 인해 건강기능식품 복용을 주저하는 것으로 나타나고 있지만 효능에 대한 과학적 근거가 좀 더 뒷받침되고, 유통 구조가 보다 투명한 방향으로 개선된다면 건강기능식품이 소비자들의 신뢰를 얻고 이를 통해 시장이 보다 안정적으로 성장할 수 있을 것으로 기대된다.관련 기업들이 빠르게 성장하는 건강기능식품 시장에서 성공하기 위해서는 소비자와의 지속적인 교류를 통해 불만 및 개선 사항을 정확히 파악하고, 맞춤형 제품과 서비스를 통해 소비자들의 신뢰를 확보하는 데 주력해야 할 것이다.&nbsp;담당 : 기술동향분석팀 031-8012-7197&nbsp;",국내·외 건강기능식품산업 현황 및 전망.pdf,http://www.fact.or.kr/action.do?action=farmtech%24file&seq=683&file_seq=1,2014.03.25,권윤구,683,[전문가기고] 국내·외 건강기능식품산업 현황 및 전망,9775
"가축분뇨 액비화 기술 동향 및 전망충남대 안희권 교수&nbsp;축산업이 전업&middot;규모화 됨에 따라 가축분뇨 발생량이 급증하여 축산분뇨관리는 축산분야의 중요한 사안으로 대두되게 되었다. 축산분뇨의 재활용을 통해 농업의 생산비 절감 및 친환경 안전농산물을 생산해 수익을 극대화하는 자연순환농업을 정착시킬 필요가 있다.&nbsp;가축분뇨 처리방법 중 액비화 보급률은 최근 들어 지속적으로 증가하는 추세를 보이고 있으며, 화석연료 대체 에너지 개발 및 온실가스 저감 측면에서 볼 때 가축분뇨를 이용해 에너지를 생산하는 기술 수요는 점차 늘어날 가능성이 높다 .이러한 점들을 고려할 경우 국내 환경에 적합한 혐기성 액비 생산기술은 향후 보급이 더욱더 확대될 것으로 전망된다.&nbsp;정부는 2017년까지 연간 액비 공급량을 2012년 보다 약 100만 톤 많은 450만 톤 수준으로 증대시키고, 2012년 162개소인 액비유통센터를 2017년까지 287개소 수준으로 확대 할 계획이다. 또한 2017년부터 액비유통센터의 비료생산업 등록을 의무화하고 전체 액비생산 농가에 대한 시비처방을 의무화를 통해 축산액비의 질적관리를 도모하는 등 액비의 공급확대를 위한 적극적인 정책을 개발하고 있다. 정부의 이러한 적극적인 정책개발 및 지원으로 인해 우리나라 액비생산 및 이용체계는 더욱더 공고해 질 것으로 예상되며 이러한 기반구축으로 인해 향후 가축분뇨 액비화 비중은 점차 증가할 것으로 예상된다.담당 : 기술동향분석팀 031-8012-7197",가축분뇨 액비화 기술 동향 및 전망.pdf,http://www.fact.or.kr/action.do?action=farmtech%24file&seq=682&file_seq=1,2014.03.25,권윤구,682,[전문가기고] 가축분뇨 액비화 기술 동향 및 전망,1259
"1. 국내 배합사료 선행지표&nbsp; - 선행지표 : 국제곡물가격지수(국제곡물가격지수와 국내배합사료가격은 7개월 시차를 두고 일치함)2. 선행지표를 통한 국내 배합사료 가격 전망&nbsp; - 4월 : 505.0~510.2원/kg, 5월 : 500.5~505.1원/kg, 6월 : 501.2~503.2원/kg, 7월 : 500.3~501.9원/kg작성자 : 기술동향분석팀 엄인용 연구원(031-8012-7227)",140318_국제곡물가격 동향과 국내 배합사료 가격 전망.pdf,http://www.fact.or.kr/action.do?action=farmtech%24file&seq=681&file_seq=1,2014.03.24,엄인용,681,[FACT]국제곡물가격 동향과 국내 배합사료 가격 전망,1068
"1. 아프리카 양봉산업 주요국가&nbsp; 가) 양봉산물 생산량 : 에디오피아, 탄자니아, 앙골라, 중앙아프리카 공화국&nbsp; 나) 봉군 수 : 에디오피아, 탄자니아, 케냐, 중앙아프리카 공화국&nbsp; 다) 양봉산물 수입량 : 남아프리카 공화국, 모로코, 수단, 르완다2. 아프리카 주요국가&nbsp;양봉산업 생산성&nbsp; 가) 케나, 에디오피아, 탄자니아, 중앙아프리카 공화국 생산성 비교적&nbsp;낮음&nbsp; 나) 앙골라 생산성은 한국보다 높고, 러시아와 비슷한 수준&nbsp;3. 수출타켓 국가&nbsp;&nbsp; 가) 매트릭스 분석(생산성 &amp; 수입량 CAGR) : 말리, 에디오피아, 우간다담당자 : 기술동향분석팀 엄인용 연구원(031-8012-7227)",140311_아프리카_시장개척을_위한_양봉산업_동향분석_보고서.pdf,http://www.fact.or.kr/action.do?action=farmtech%24file&seq=680&file_seq=1,2014.03.17,엄인용,680,[FACT]아프리카 시장개척을 위한 양봉산업 동향분석 보고서,1023
"1. 품목별 산업집중도(시장경쟁강도) 분석&nbsp;HHI(Herfindal-Hirschman Index) 1,800 이상 산업 : 코코아/초콜릿류, 엿류, 과당, 드레싱, 포도당 등&nbsp;HHI(Herfindal-Hirschman Index) 1,000 ~ 1,800 산업 : 과자류, 장류, 건강기능식품, 커피 등&nbsp;HHI(Herfindal-Hirschman Index) 1,000 이하 산업 : 식육/알가공품, 절임식품, 다류, 조미식품, 두부류/묵류 등2. 시장 성장률 분석&nbsp;CAGR 10%&nbsp;이상 :&nbsp;올리고당류, 과당, 조림식품, 어육가공품 등&nbsp;CAGR 1% 미만 : 젓갈류, 당시럽류(마이너스&nbsp;성장)&nbsp;등3. HHI와 CAGR 매트릭스 분석&nbsp;진입장벽이 낮으면서 시장성장률이 높은 2사분면 산업 : 건포류, 빵/떡류, 조림식품, 잼류 등담당자 : 기술동향분석팀 엄인용 (Tel : 031-8012-7227)",140213_식품산업 품목별 산업집중도 및 성장률 분석_최종.pdf,http://www.fact.or.kr/action.do?action=farmtech%24file&seq=679&file_seq=1,2014.03.10,엄인용,679,[FACT]식품산업 품목별 신규시장진출 방안,1492
"국내외 천연화장품 산업동향천연화장품 시장은 전 세계적으로 꾸준한 성장 추세를 이어가고 있으며, 소비자의 윤리의식 향상 및 환경에 대한 경각심 심화 등으로 인해 앞으로의 전망도 밝을 것으로 기대된다. 이와 관련된 기술이전 및 기술사업화 역시 활발히 진행될 것으로 예상되지만 국내 천연화장품과 관련된 시장규모, 소비자 구매실태 등과 같은 시장정보는 쉽게 찾아보기 어렵다. 이에 본 기고문에서는 화장품 제조/판매업체 470업체와 소비자 800명을 대상으로 조사/분석한 결과를 바탕으로 국내 천연화장품의 현재 및 향후 시장규모, 천연화장품 제조/판매업체들의 기술니즈와 소비자 구매현황 등을 제시하여 기술사업화와 관련된 정책 및 경영 의사결정에 도움을 주고자 한다.담당자 : 엄인용 031-8012-7227",140121_국내외천연화장품_매거진_ver5.pdf,http://www.fact.or.kr/action.do?action=farmtech%24file&seq=678&file_seq=1,2014.01.29,최우주,678,[FACT]국내외 천연화장품 산업동향,3501
"농식품 산업현장 기술수요조사 결과조사 개요목적 : 현장 기술 수요 파악으로 현장 맞춤형 R&amp;D 및 기술거래 촉진대상 : 전체 농식품 사업체(대상업종 : 농업, 농업관련산업, 식료품제조업, 식품관련산업, 음료제조업)기간 : '13.6.24 ~ '13.7.30 (약 5주)조사방법 : 온라인(1,000개 업체), 방문조사 200업체(별도자료 발간)조사 결과 &lt;업종현황&gt;○ 식료품 제조업&rsquo;이 차지하는 비율이 43.8%로 가장 많았고, 그 다음으로 &lsquo;농업관련 산업(27.3%)&rsquo;, &lsquo;농업 (11.8%)&rsquo;, &lsquo;식품관련 산업(10.4%)&rsquo;, &lsquo;음료 제조업(6.7%)&rsquo;순○ 평균 매출액은 78억 원, 평균 종업원 수는 22.7명, 박사급 연구인력은 0.95명○ 벤처기업 인증률은 20.0%, 이노비즈 인증률은 14.4%로 나타났으며, &lsquo;농업관련 산업&rsquo;이 35.5%,24.2%로 높은 수준, 반면 &lsquo;농업(재배업, 축산업)&rsquo;분야는 각각의 인증률이 6.8%, 0.8%로 낮은 수준&lt;주력기술 현황&gt;○ 기업체의 주력 공정은 주로 &lsquo;가공&rsquo; 단계○ 자사의 주력 기술의 기술수준 정도에 대해 질문했을 때, 자사의 기술수준 점수를 평균 3.5점으로 평가했으며, &lsquo;식품관련 산업&rsquo;이 가장 높음.○ 주력 기술의 경쟁력 강화를 위해 역점을 두고 추진하는 방향은 &lsquo;기술성능 향상&rsquo;으로 나타남.담당자 : 기술동향분석센터 김혜원 031-8012-7393",123_2013년_농식품_산업현장_기술수요조사용역.pdf,http://www.fact.or.kr/action.do?action=farmtech%24file&seq=677&file_seq=1,2014.01.15,최우주,677,[FACT]농식품 산업현장 기술수요조사 결과,1405
"천연화장품 산업동향시장현황□ 전 세계 천연화장품 시장규모는 약 98억 달러로(2012년 기준) 추정되며, 2015년 약 127억 달러를 기록할 것으로 전망됨. 전체 화장품 시장에서 천연화장품이 차지하는 비중은 2012년 3.9%에서 2015년 4.4%로 오를 것으로 전망됨. 지역별 시장규모는 북미지역이 57억 달러로 가장 컸으며, 그 다음으로는 유럽 33억 달러, 그 외 국가 8억 달러 순임.□ 국내 천연화장품 시장규모는 2012년 약 2조 3,375억 원으로 추정되며, 이는 전체 화장품 시장의 약 17.5%의 비율임. 전체 화장품 제조/판매업체 중 천연화장품을 제조/판매하는 업체의 비율은 약 25.1%임.□ 한편 천연화장품 제조/판매를 위해 필요한 기술을 파악하기 위해 국내 470개 업체들을 대상으로 설문조사를 한 결과 &ldquo;Bio공정&rdquo;, &ldquo;안전성 평가&rdquo;, &ldquo;소재탐색&rdquo;기술의 수요가 가장 많은 것으로 나타났으며, 향후 천연화장품으로 개발하고 싶은 품목은 &ldquo;기초 화장용&rdquo;, 영/유아용&ldquo;, &rdquo;두발용&ldquo;의 비율이 상대적으로 높았음.□ 천연화장품 발전을 위해 정부가 지원해야 할 사항으로 &ldquo;R&amp;D, 설비구입 등의 자금 지원&rdquo;의 응답비율이 높았으며, &ldquo;천연화장품 정의 등 법적근거 마련&rdquo;이 필요하다는 응답도 상대적으로 많았음.특허현황천연화장품 조성물 특허의 동향을 파악하기 위해 최근 10년 간(&lsquo;03년~&rsquo;13년) 전 세계 특허출원동향을 살펴본 결과, 한국이 유럽, 일본, 미국 등에 비해 월등히 많은 출원 건 수를 기록하고 있는 모습임.□ 국가별로 최근 10년 간 주요 출원인 현황을 살펴보면, 유럽의 경우 Cognis사와 Coty사가 가장 많은 출원을 하였으며, 일본은 MARUZEN PHARMACEUT사, KAO사, 한국은 아모레퍼시픽, 코리아나화장품, 미국에서는 LVMH Recherche사, 아모레퍼시픽이 가장 많은 출원을 함.□ 국가별 내/외국인 출원 동향을 살펴보면, 미국을 제외한 유럽, 한국, 일본의 경우 내국인 출원 비율이 높았음. 특히 한국과 일본의 경우 내국인 출원비율이 상대적으로 높게 나타남.□ 천연화장품 특허 중 보습, 주름개선, 미백, 항산화 등 7가지 기능에 해당하는 특허만을 선별하여 연도별 동향을 살펴본 결과, 대부분 2008년에서 2010년 출원이 활발히 진행된 후 점점 감소하고 있는 추세임.□ 기능성별로 특허출원의 증가율과 점유율을 살펴보면, 전 세계적으로 보습, 항염증, 주름개선, 미백 기능의 특허출원 증가율과 점유율이 상대적으로 높게 나타남.□ 국가별로 살펴보면, 미국은 보습과 주름개선 기능의 특허출원 증가율과 점유율이 상대적으로 높게 나타났고, 한국은 세포재생과 자외선 차단기능을 제외한 대부분의 기능(보습, 항염증, 주름개선, 미백, 항산화)의 특허출원 증가율과 점유율이 높게 나타남. 유럽은 자외선 차단과 항염증 기능의 특허출원 증가율과 점유율이 상대적으로 높게 나타났으며, 일본은 전반적으로 모든 기능의 특허출원 증가율과 점유율이 낮게 나타남.소비자현황□ 천연화장품의 구매현황, 만족도 등 소비현황을 파악하기 위해 전국의 일반인 800명을 대상으로 설문조사를 실시함.□ 천연화장품에 천연원료의 비중이 몇 % 이상일 때 천연화장품이라고 인식하는 지에 대해, 소비자들은 평균적으로 69.6% 이상이라고 응답하였으며, 조사응답자 중 481명(60.1%)이 천연화장품 구입 경험이 있는 것으로 조사됨.□ 천연화장품에 관한 정보 취득은 인터넷을 통한 비율이 35.3%로 가장높았으며, 친구나 이웃(17.5%), TV나 라디오(13.5%)를 통한 비율도 상대적으로 높았음. 구매 동기로는 친구나 친지의 권유(25.8%)로 천연화장품을 구매했다는 응답률이 가장 높았으며, 천연이미지에 대한 믿음(24.7%), 문제성 피부를 갖고 있어서(18.3%) 천연화장품을 구입했다는응답률도 상대적으로 높게 나타남.□ 천연화장품을 구매하지 않은 응답자들의 비구매 이유로는 천연화장품에 대한 정보가 부족하다고 응답한 비율이 32.9%로 가장 높았으며, 가격이비싸서(27.9%), 필요성을 못 느껴서(20.1%) 등의 이유가 그 뒤를 이음.□ 품목별 화장품 구입경험은 기초화장용과 샴푸/린스/트리트먼트, 크림 (영양/보습) 등이 많았으며, 1회 구입 시 평균 비용은 에센스(미백/주름개선)가 가장 높게 나타남. 천연화장품 구입 비중은 어린이용, 염모제/헤나, 클렌징류에서 높게 나타났으며, 천연화장품 사용만족도는42.8%(매우만족 + 만족)로 절반에도 못 미치는 수준으로 조사됨.□ 천연화장품과 관련된 개선사항으로 &ldquo;제품에 대한 신뢰&rdquo;를 선택한 비율이 가장 높았으며, &ldquo;가격의 저렴화&rdquo;가 그 뒤를 이음.□ 천연화장품 구입경험자 중 69.3%가 앞으로도 지속적으로 천연화장품을 사용할 것이라고 응답했고, 향후 구매의향이 높은 품목으로는 기초화장용, 크림, 에센스, 비누류 등의 순으로 나타남. 비구매자들 중 향후 천연화장품을 구입할 의향이 있는 잠재 고객들 역시 기초화장용, 크림, 에센스 등에 대한 향후 구입의사가 높았음.결론 및 전망□ 조사결과 추정된 2012년 국내 천연화장품 시장규모와 전 세계 천연화장품 시장성장률 등을 근거로 향후 국내 천연화장품 시장규모를 예측한 결과, 2015년 약 3조 271억 원의 시장규모를 형성할 것으로 전망됨.2012년과 2015년(Datamonitor 및 Organic Monitor 예측치) 전 세계천연화장품 시장규모를 토대로 연평균 성장률(9.0%)을 도출한 후 이를 국내 천연화장품 시장에 대입했을 때, 2013년 약 2조 5,479억 원, 2014년 약 2조 7,772억 원, 2015년 약 3조 271억 원의 시장규모를 형성할 것으로 전망됨.□ 연령대별로 소비자를 세분화하여 유망 잠재시장, 재구매 유도 방안 등을 분석한 결과 segment별로 차이가 나타남. segment별 차별화된 기술사업화 전략이 필요하다고 판단됨.담당자 : 기술동향분석센터 엄인용 031-8012-7227",천연화장품산업동향보고서2013.pdf,http://www.fact.or.kr/action.do?action=farmtech%24file&seq=676&file_seq=1,2014.01.15,최우주,676,[FACT]천연화장품 산업동향,7040
"건강기능식품 산업동향□ 건강기능식품의 정의 &ldquo;인체에 유용한 기능성을 가진 원료나 성분을 사용하여 제조(가공 포함)한 식품&ldquo;기능성이라고 함은 &rdquo;인체의 구조 및 기능에 대하여 영양소를 조절하거나 생리학적 작용 등과 같은 보건용도에 유용한 효과를 얻는 것&ldquo;, 건강기능식품의 기능성은 영양소 기능, 생리활성 기능, 질병발생 위험감소기능 등 3가지로 정의□ 2011년 건강기능식품 시장은 약 1조 3,682억 원(국내 판매액+수출액), 연평균(&lsquo;08~&rsquo;11) 성장률은 약 19.43%식이섬유, 비타민 및 무기질, 개별인정형 제품 등이 높은 성장세□ 건강기능식품과 관련된 기업체(104업체-설문)의 기술니즈와 소비자(1,275명-문헌) 동향 조사를 실시하였으며, 주요 결과는 다음과 같음1) 기업체의 &ldquo;향후 생산/판매를 희망하는 분야 : 면연력 증진, 관절 건강, 장 건강, 체지방 감소 등2) 기술이전 의향이 높은 분야 : 지구력 증진, 골 건강, 구강 건강, 기억력 향상 등3) 소비자들의 건강기능식품 구매 시 가장 많이 고려하는 건강문제 : 피로회복, 면역력 증진, 전반적 건강증진, 혈행 개선 등&nbsp;2010년 대비 높은 증가율을 보인 효능은 피로회복(9.8%p), 혈행 개선(8.6%p), 체지방 감소(3.3%p) 등4) 향후 건강기능식품을 통해 개선하고 싶은 건강문제 : 피로회복, 면역력 증진, 전반적 건강증진, 관절 건강 등2010년 대비 높은 증가율을 보인 효능 : 관절 건강, 혈행 개선, 눈건강 등5) 기타사항건강기능식품 소비자들의 구매 시 주요 정보 탐색방법은 &ldquo;주위 아는 사람&rdquo;구매 시 중요하게 고려하는 요소로는, &ldquo;제조회사/판매회사가 믿을 만하다&rdquo;가 가장 높은 비율 차지향후 선호하는 건강기능식품 판매처로는 건기식 전문판매점, 약국, 대형할인점 순□ 기업체 니즈와 소비자 니즈의 매트릭스 분석에 의한 기술이전, 기술사업화, 연구개발의 유망 분야 제시1) 기술이전 유망 효능분야 : 피부 건강, 관절 건강, 전반적 건강증진, 면역력 증진, 다이어트기술이전의 경우, 기업체의 수요요인에 영향을 많이 받기 때문에, 기술이전 유망 효능분야를 도출하기 위해 기업체의 &ldquo;향후 생산/판매하고 싶은 효능&rdquo; 응답 수(빈도)와 이에 대한 &ldquo;기술이전 의향&rdquo;을 중심으로 매트릭스 분석2) 연구개발 유망 효능분야단 기 : 피부 건강, 관절 건강, 전반적 건강증진, 면역력 증진, 다이어트중장기 : 스트레스 해소, 관절 건강, 지구력 증진, 기억력 향상, 골 건강연구개발의 경우, 성과물 창출까지 일정기간이 필요하기 때문에 &ldquo;향후&rdquo; 소비자 니즈와 &ldquo;향후&rdquo; 기업체 니즈를 중심으로 매트릭스 분석3) 기술사업화 유망 효능분야 : 관절 건강, 콜레스테롤 저하, 노화방지, 피부 건강, 장 건강, 눈 건강기술사업화의 경우, 연구개발이나 기술이전처럼 기술공급자와 기술수요자 간의 관계보다는 소비자들의 니즈에 영향을 많이 받기 때문에,소비자들의 현재 및 미래 니즈의 변화를 중심으로 매트릭스 분석□ 기술사업화를 위한 마케팅, 유통 관련 주요 고려사항1) 기술개발/기술이전을 한 업체의 소비자 신뢰 구축2) 기술사업화 제품은 오프라인에서는 WOM(구전효과)마케팅, 온라인에서는 포탈, 인터넷 쇼핑몰 등을 활용한 광고/홍보에 집중(TV 및라디오를 활용한 홍보/광고보다)3) 대형마트/할인점의 활용은 광고/홍보 장소보다는 판매처로 활용하는데 집중하는 것이 효과적담당자 : 기술동향분석센터 엄인용 031-8012-7227",131212_건강기능식품_산업동향_보고서_최종.pdf,http://www.fact.or.kr/action.do?action=farmtech%24file&seq=675&file_seq=1,2014.01.15,최우주,675,[FACT]건강기능식품 산업동향,5975
"식량원예분야 품종개발 산업동향 세계 종자산업 동향종자산업은 전통적으로 농약 및 비료산업과 함께 대표적인 투입재 산업으로 평가되었으나 최근 종자는 미래식량수급에 중요한 요소로 식품, 바이오에너지, 제약 등 미래 성장유망산업 발전의 원천이 되고 있음종자산업은 기술？자본 집약적인 고부가가치 사업으로 인적 자본과 기술력을 가진 글로벌 기업이 세계 종자산업을 주도하고 있으며 미국, 유럽, 중국 등 종자산업 주요국 또한 고품질 종자를 생산해 수출하는데 중점을 두면서 세계시장을 공략하는 데에 집중하고 있음국내외 종자시장 규모세계 종자시장 규모는 2002년 247억 달러에서 2012년 450억 달러로 1.8배 증가하는 등 지속적으로 확대되는 추세임국가별로 미국이 120억 달러로 시장규모가 가장 크며, 중국 100억 달러, 프랑스 28억 달러 순 등이며 한국은 약 4억 달러로 세계시장의 1%정도 수준임세계 식량작물 종자시장 규모는 2010년 291억 달러이며 연평균 4.7%씩 성장하여 2025년에는 585억 달러에 달할 것으로 전망되며 이중 옥수수 종자시장이 전체의 39%를 차지하여 가장 규모가 크고, 통이 18%, 벼 12% 등의 순임세계 채소종자 시장규모는 증가 추세로, 상업용 채소종자 시장은 2011년 약 5조 5천억 원으로 추정되며, 2020년에는 9조 6천억 원까지 성장할 것으로 전망(연평균 성장률 7%)됨국외 품종출원 및 특허기술동향2011년 세계 식물신품종 출원은 전년대비 약 7.8% 증가한 약 14,000개 이상이며, 세계 식물신품종 등록은 전년대비 약 7.8% 감소한 약 10,200개로 나타났음국가별 식물신품종 출원은 2011년 유럽품종보호청(Community Plant Variety Office, CPVO)이 총 3,184건의 식물신품종 출원을 접수해 세계에서 가장 많은 출원을 접수하였음주요 시장국의 특허출원동향을 살펴보면, 미국의 출원이 가장 많은 것으로 나타났으며 UPOV 품종출원동향과 달리 중국출원건수는 매우 적었음주요 시장국가별 최다출원품종을 살펴보면, 식량작물 출원이 가장 많은 것으로 나타났으며 식량작물 중 사료용과 식용으로 재배되는 옥수수와 대두의 출원이 많았음원예작물의 경우, 채소분야에서는 &lsquo;상추&rsquo;, &lsquo;토마토&rsquo;, &lsquo;고추&rsquo;, 화훼분야에서는 &lsquo;국화&rsquo;의 출원이 가장 많았으며 과수분야는 타 분야에 비해 특허활동이 활발하지 않았으나 과실의 크기 증대, 가공적성 등의 연구가 이루어지고 있으며 해당 작물로는 &lsquo;딸기, 멜론, 사과&rsquo; 등임주요시장국의 선도업체별 개발품종의 전반적인 특징을 분석한 결과, 식량작물의 경우 &lsquo;기능성&rsquo;과 &lsquo;병충해저항성&rsquo; 등의 특징을 갖는 작물을 개발하는 것이 주요 연구방향으로 나타남채소분야에서도 중점적으로 품종개발 연구가 이루어지고 있는 특성은 &lsquo;병충해저항성&rsquo;과 &lsquo;기능성&rsquo;으로 나타났음&nbsp;국내 품종출원 및 특허기술동향'98년도 종자산업법 시행 이후 신품종보호제도에 의해 등록되거나 출원된 품종은 6,549건이며, 식량작물과 원예작물 중 화훼류와 채소류의 출원이 활발함전반적으로 출원의 증가세를 보이고 있는 품종등록 출원과는 달리 특허출원은 감소하고 있으며 특히 원예작물의 경우 2009년도 이후 출원이 급격히 감소하고 있음최근 개발된 식량작물의 주요 특성을 살펴보면, 최근 개발된 식량작물의 주요 특성을 살펴보면, &lsquo;기능성&rsquo;, &lsquo;내재해성&rsquo;과 관련된 연구가 이루어지고 있는 것으로 나타남이러한 내재해성이 있는 작물 등의 경우 작물의 피해를 최소화하여 잠재적인 수확량을 확보하기 위한 것으로 볼 수 있음원예작물에서 연구되는 작물의 주요특성은 &lsquo;병충해저항성&rsquo;과 관련된 것임 또한 식량작물과 마찬가지로 최근 소비트렌드가 반영된 &lsquo;기능성&rsquo;이 있는 작물에 대한 연구도 활발하게 진행되고 있는 것으로 나타남연구방향 및 산업전망&nbsp;위에서 본 바와 같이 국내외 연구방향의 키워드는 &lsquo;병충해저항성, 기능성, 내재해성&rsquo;으로 나타남병해충저항성- 환경오염 등으로 발생하는 각종 질병(알러지, 아토피 등)으로 고통 받는 사람들이 늘어나면서 농약을 사용하지 않고 재배된 유기농산물에 대한 관심이 높아지고 있음: 유기농에 부합한 병충해 저항성 품종기능성- 현대인의 라이프 스타일을 고려한 작은 사이즈 채소와 가정식 대체용 가공전용 품종- 먹기 편하고 식감이 우수하고 저장성이 우수한 품종: 과실 껍질이 단단하여 저장성이 우수하여 이동이 용이한 품종, 씨가 없어 먹기가 쉬운 품종, 고당도의 식감이 우수한 품종- 작물에서 천연색소를 추출하여 사료 또는 화장품의 재료로 사용: 고추의 붉은 색소를 추출하여 홍학, 비단잉어와 닭에 사용하는 경우 체색을 더욱 뚜렷하게 할 수 있음내재해성- 예측 불가능한 가뭄, 폭우, 폭설 및 한파 등이 자주 발생하고 있어 기후변화에 대응할 수 있는 내재해성 품종개발이 필요향후 국내 종자산업의 발전을 위해 R&amp;D 투자의 확대와 종자산업의 외연확대(IT, BT와 융복합) 및 소비자트렌드가 반영된 품종 개발이 이루어져야 할 것임&nbsp; 담당자 : 기술동향분석센터 김수연 031-8012-7224",식량원예분야_개발품종산업동향보고서.pdf,http://www.fact.or.kr/action.do?action=farmtech%24file&seq=674&file_seq=1,2014.01.14,최우주,674,"[FACT]식량원예분야 품종개발 산업동향 ",1707
"본 보고서는 농업기술실용화재단에서 작성하였으며,담당 연구원들의 개인적인 견해가 반영된 것으로서 재단의 공식적인 의견이 아님을 밝혀드립니다.장류시장 현황 및 현장 수요기술농업기술실용화재단 김혜원&nbsp;&nbsp;&nbsp; 우리 식생활에서 가장 비중이 큰 조미식품은 된장, 고추장같은 장류일 것이다. 장류산업은 산업화 이후 식생활의 변화로 침체되었다가 건강과 먹거리에 대한 관심이 증대되면서 재조명되고 있다. 장류는 발효식품으로 그 효능이 세계적인 주목을 받고 있어 지속적 성장 가능성이 높을 것으로 전망된다.&nbsp;&nbsp;&nbsp;&nbsp; 관련 업계에서는 국산 원료를 사용한 신제품 출시와 제품의 프리미엄화가 활발히 진행되고 있다. 전통적 방식으로 장을 제조하는 &lsquo;전통장류&rsquo;는 특히 슬로푸드에 대한 긍정적인 인식이 확산되면서 다시금 주목받는 계기를 맞이하고 있다.&nbsp;&nbsp;&nbsp; 본 보고서에서는 전통장류 산업의 활성화를 위해서 장류시장 현황을 살펴보고, 우리 재단에서 2012년도에 수행했던 『농식품 산업현장 기술수요조사』 현장 인터뷰 자료 중 장류와 관련된 부분들을 정리하여 제시하고자 한다.담당 : 기술동향분석센터 김혜원 031-801-7393",FACTMZ]_장류시장_현황_및_현장_수요기술_김혜원.pdf,http://www.fact.or.kr/action.do?action=farmtech%24file&seq=673&file_seq=1,2013.12.29,최우주,673,[FACT]장류시장 현황 및 현장 수요기술,1745
"본 보고서는 농업기술실용화재단에서 작성하였으며,담당 연구원들의 개인적인 견해가 반영된 것으로서 재단의 공식적인 의견이 아님을 밝혀드립니다.미세조류 활용기술 산업 동향농업기술실용화재단&nbsp; 최철만 &nbsp; 미세조류(microalgae, 微細藻類)란 현미경적 크기의 수중에서 광합성을 하는 생물로 전 세계적으로는 약 25,000여종, 우리나라에는 약 1,300여종이 존재한다. 미세조류는 기초과학 및 기후변화 연구재료, 대체에너지, 먹이생물, 식품 및 의약품의 원료, 건강보조식품 등 다양한 분야에서 활용되고 있다.&nbsp;&nbsp; 미세조류의 시장 규모는 건강식품, 식품첨가물 또는 사료용으로 이용되는 클로렐라(Chlorella)의 경우 세계 시장이 380억$ 이상, 시조카이트리움(Schizochytrium) 으로 생산한 DHA(docosahexaenoic acid)는 100억$ 이상, 그 외 여러 미세조류에서 생산하는 carotenoid의 시장 규모도 각각 수억$에 이른다(이관용, 2011).&nbsp; 다양한 분야에서 널리 활용되고 있는 미세조류의 유용성을 간략히 소개하고 이들을 소재로 한 산업적 이용 현황과 시장 전망을 알아보고자 한다.담당 : 기술동향분석센터 최철만 031-8012-7228",미세조류활용_산업동향20131023수정v3[1].pdf,http://www.fact.or.kr/action.do?action=farmtech%24file&seq=672&file_seq=1,2013.12.29,최우주,672,[FACT]미세조류 활용기술 산업 동향,2422
"본 보고서는 농업기술실용화재단에서 작성하였으며,담당 연구원들의 개인적인 견해가 반영된 것으로서 재단의 공식적인 의견이 아님을 밝혀드립니다.가축분뇨자원화 관련 국내특허 동향농업기술실용화재단&nbsp; 김수연&nbsp;&nbsp;&nbsp;정부의 축산진흥정책과 소비자의 식생활 변화로 육류 및 유제품의 소비는 꾸준히 증가하였다. 특히 1990년 이후 가축사육두수의 증가로 인한 축산업의&nbsp; 전업화, 대규모화가 진행되면서 축산농가에서 발생하는 가축분뇨로 인한 다양한 환경 문제가 대두되었다. 가축분뇨는 고농도 유기성 폐기물로 미처리된 상태로 배출되는 경우 하천의 수질악화, 부영양화를 초래하고 나아가 토양 및 지하수 오염 등 환경전반에 걸친 문제를 야기한다.&nbsp;가축분뇨는 수질오염원 중 가장 중요한 비점오염원으로서 관리되고 있으며, 특히 국내에서는 처리시설을 갖추지 않은 가구가 많아 오염원 관리에 어려움이 있다. 그러나 축산분뇨로 인한 환경오염은 그 심각성에 비추어 반드시 해결해야 할 국가적 과제이다. 따라서, 가축분뇨의 이용을 확대함으로써 수질오염을 줄이는 한편, 양질의 비료를 생산하여 &ldquo;자원순환형 친환경 축산기반 구축&rdquo;에 매우 중요하다.담당 : 기술동향분석센터 김수연 031-8012-7224",가축분뇨자원화 국내특허기술_기술동향분석센터 김수연 연구원.pdf,http://www.fact.or.kr/action.do?action=farmtech%24file&seq=671&file_seq=1,2013.12.29,최우주,671,[FACT]가축분뇨자원화 관련 국내특허 동향,1386
"본 보고서는 농업기술실용화재단에서 작성하였으며,담당 연구원들의 개인적인 견해가 반영된 것으로서 재단의 공식적인 의견이 아님을 밝혀드립니다.국내 농&middot;식품분야 융&middot;복합 특허기술(&lsquo;13.8~10월 )&nbsp;농업기술실용화재단 김수연&nbsp; 최근 농업은 단순히 1차원적인 먹거리를 생산하는 산업에서 첨단 미래 산업으로 진화하고 있다. 누에, 거미 등 여러 곤충을 이용하여 의약 또는 식품소재로 활용하는 기술, 작물의 유용성분을 이용하여 여러 질환을 치료하거나 예방하는 기능성 쌀을 개발하는 등 기존 농업기술에서 부가가치를 찾고 &lsquo;ICT, BT기술의 융복합&rsquo; 등 새로운 발상전환을 통해 &lsquo;창조농업&rsquo;을 이끌어 가고 있다. &nbsp; 대표적인 농？식품분야 융？복합 기술로 ㈀ &lsquo;농？식품 ICT 융？복합 모델&rsquo;과 ㈁&nbsp; &lsquo;농？식품 BT 융？복합 기술&rsquo;이 있다. 이와 관련하여 2013년 5월 1일부터 7월 31일까지 공개된 농업분야 최신특허 중 상기 융？복합 기술과 연관된 특허를 소개하고자 한다.담당 : 기술동향분석센터 김수연 031-8012-7224",국내_농·식품_융복합_특허기술_김수연(201312)_ver2.pdf,http://www.fact.or.kr/action.do?action=farmtech%24file&seq=670&file_seq=1,2013.12.29,최우주,670,[FACT]국내 농·식품분야 융·복합 특허기술(‘13.8~10월 ),1087
"본 보고서는 농업기술실용화재단에서 작성하였으며,담당 연구원들의 개인적인 견해가 반영된 것으로서 재단의 공식적인 의견이 아님을 밝혀드립니다.농&middot;식품분야 최신특허 동향 (&lsquo;13.8~10월 )농업기술실용화재단 김수연특허청이 최근 5년간 정부연구개발사업에서 창출된 특허성과를 분석한 결과 양적인 측면에서 비약적으로 성장하였으나 우수특허 비율이 낮고 기술이전 등 특허기술의 활용은 미흡한 것으로 나타났다. 또한 우수한 연구 성과가 국내에만 특허출원 되는 사례도 있어 정부 R&amp;D 연구 성과의 국제적 보호체계를 강화할 필요가 있다.&nbsp;&nbsp;&nbsp;따라서 최근 공개된 특허를 대상으로 농？식품분야 선도기업(주체)을 살펴, 전 세계 특허동향 및 경쟁현황을 파악하여 향후 국내 연구개발 방향 결정의 자료로 제공하고자 한다.담당 : 기술동향분석센터 김수연 031-8012-7224",농·식품분야 최신특허 동향_김수연 연구원(201312)_ver2.pdf,http://www.fact.or.kr/action.do?action=farmtech%24file&seq=669&file_seq=1,2013.12.29,최우주,669,[FACT]농·식품분야 최신특허 동향 (‘13.8~10월 ),1191
"골든시드프로젝트 '원예종자' 분야 산업동향순천대학교 교수 노일섭 (골든시드프로젝트 원예종자사업단 단장)최근 식량안보, 기후변화, 글로벌화 등 종자산업 관련 환경 트렌드가 변화하고 있지만 국내 종자 시장의 대응은 미흡한 실정이다. 또한 급변하는 기후변화로 인하여 기존 채소 종자의 공급체계가 변화하고 있으며, 공급에 대한 불확실성이 증가하고 있다. 우리나라가 &lsquo;02년도에 가입한 국제식물신품종보호동맹(UPOV)이 2012년부터 전면 시행됨에 따라 로열티 지급 의무 발생 품목이 급증하고 있으나 이에 대응하는 품종 개발은 미흡한 실정이며 FTA 국가의 증가로 인한 농업시장의 개방으로 농업 경쟁력 강화가 목전의 이슈가 되었고, 농업경쟁력 강화의 핵심인 종자산업 경쟁력 강화가 시급한 실정이다. 최근에는 외국의 다국적 기업들이 국내업체와&nbsp; M&amp;A를 통해 국내 종자 시장을 주도하고 있으며 5대회사(농우바이오, 몬산토, 신젠타, 다끼이, 동부하이텍)가 시장의 80%를 점유하고 있다. 이에 따라 기술력 기반, 고기능성 및 고품질 농산물 생산을 위한 신품종 종자개발이 필요하며, 해외 농산물 시장 개방에 따른 기회를 활용하기 위하여 글로벌 농업을 염두에 둔 종자 개발 정책 추진이 필요하다. 골든시드프로젝트 원예종자사업단은 국내외 종자 시장에서 요구되는 신품종을 집중 개발하여 국산화율 향상과 수출액 증가를 목적으로 하고 있다.&nbsp;담당 : 기술동향분석센터 최우주 031-8012-7197",골든시드프로젝트_원예종자사업단(산업동향).pdf,http://www.fact.or.kr/action.do?action=farmtech%24file&seq=668&file_seq=1,2013.12.29,최우주,668,[전문가기고]골든시드프로젝트 '원예종자' 분야 산업동향,1072
"골든씨드프로젝트 '식량종자' 분야 산업동향국립식량과학원 최임수 (골든씨드프로젝트 식량종자사업단 단장)세계 인구는 현재 72억 명에서 2050년까지 96억 명으로 늘어날 전망이다. 이에 따라 세계의 식량 필요량은 지금보다 2배 증가해야 한다는 연구결과들이 제시되고 있다. 선진국의 인구는 거의 변화가 없는 반면 개도국의 인구가 폭증하고, 소득상승에 따른 육류 소비 등이 증가하면서 식량 요구량이 큰 폭으로 늘어날 것이기 때문이다. 약 2배 증가할 세계인구의 식량수요를 충족하기 위해서는 연간 2.4%의 단수 증가율이 필요하다. 이런 현상은 종자시장의 무한한 가능성을 보여주는 것이다.국내 종자시장 규모는 세계시장 0.5% 수준(&lsquo;11)에 불과하므로, 종자 선진국 진입을 위하여 성장세가 두드러지는 식량작물에 대한 수출용 품종 개발이 시급하다. 식량안보, 기후변화, 종자산업의 글로벌화 등 종자산업의 환경변화를 능동적으로 대처하고 국가 신성장동력으로 육성 발전시키기 위하여 전략적이고 내실 있는 연구가 필요하다.이런 상황을 세계 각국은 식량안보 및 식량(종자) 주권 강화를 위해 노력하고 있고, 우리나라도 식량 자급률이 OECD 국가 중 최저 수준에서 탈피 할 수 있는 기술력을 보유하고 있으며 고부가가치 종자 개발, 신소재 제품 개발 등을 통해 발전하는 농&middot;생명산업은 IT, 조선, 자동차 등의 기존 산업과는 다른 새로운 블루오션 시장으로써 국가 산업 포트폴리오의 다양화에 기여하게 될 것으로 기대되나, 향후 10년 내에 국내 종자산업 활성화를 위한 기반 구축 및 종자수출 전략이 완성되지 못하면 세계시장에 진출할 기회를 잃을 것이다.식량종자의 해외 시장 진출을 위해서는 수출대상 국가별 맞춤형 품종 개발을 위해 수요 예측과 목표 형질을 정하고 국내연구기관 및 대학, 민간 기업들이 보유한 자원들로 협력체를 구성하여 다양한 기술개발로 경쟁력 있는 품종을 만들어야 할 것으로 판단된다.또한, 식량종자의 성공적인 해외 시장 진출을 위해서는 우수 품종을 개발하고 종자업체와 연구기관간의 연계체계 구축을 통한 체계적 종자수출 전략이 필요하다. 또한 해외시장 분석을 통해 목표시장을 다양화&middot;구체화 하여 그에 맞는 마케팅 지원 시스템이 구축되어야한다.담당 : 기술동향분석센터 최우주 031-8012-7197&nbsp;",골든시드프로젝트_식량종자_분야_산업동향_기고문(최임수).pdf,http://www.fact.or.kr/action.do?action=farmtech%24file&seq=667&file_seq=1,2013.12.29,최우주,667,[전문가기고]골든시드프로젝트 '식량종자' 분야 산업동향,1100
"골든시드프로젝트 '종축' 분야 산업동향&nbsp;농촌진흥청 국립축산과학원 서옥석/GSP종축사업단장본 사업은 글로벌 종자 시장 선점을 통한 종자 강국을 실현하여 2020년 종자수출 2억 달러, 2030년 종자수출 30억 달러 달성을 목표로 설계되었다. Golden Seed는 금값 이상의 가치를 가진 고부가가치 종자를 의미한다. 2009년 하반기부터 여러 단계의 조사 분석, 타당성검토, 사업추진을 위한 규정과 목표달성을 위한 상세기획을 만든 후 금년 5월에 사업단장을 선정하고 7월에 연구기관을 선정했다. 종축사업단의 개발 품목은 돼지와 닭 2개 축종이다. 종축사업단의 목표는 두 가지로 요약된다. 첫째 산업적으로 선택받을 수 있는 돼지？닭 종자 개발, 둘째 개발종자의 국내 보급 및 수출이다. 개발종자의 목표형질은 생산자와 소비자의 요구를 근거로 설정했다. 닭의 경우 브로일러와 양적으로 맞붙을 수 있는 종자개발은 어렵다고 판단되기 때문에 토착종, 토종, 도입종을 모본으로 질적으로 차별화된 종계를 만들 계획이다. 종자는 자연 상태에서 농경공동체, 기후풍토 등이 수십 수백년 동안 얽혀 이뤄지는 결과물이다. 이런 과정을 10년 안에 축약시켜야 하기 때문에 역량결집, 고도의 기술투입이라는 인위적 수단이 필요하다.개발된 종축은 내수용으로 보급하고 수출도 해야 한다. 국산화 목표는 종돈은 70%이상, 종계는 30%이상이다. 이 종축에 대한 기대역할은 수입종축에 의한 국내시장 독점 방지, 종자수입 교섭력 확보, 축산물의 제품 다양화를 통한 소비자 선택폭 확대 및 새로운 소비 창출 등이다. 수출은 9개국 정도를 대상으로 하는 수출전략 짜기가 종자개발 과제와 동시에 출범했다. 우리나라와 식습관이 비슷한 나라들이다. 분명한 차별화 및 적절한 마케팅 활동이 전개될 것이다.&nbsp;담당 : 기술동향분석센터&nbsp; 최우주 031- 8012-7197순종의 개발은 고도의 전문성이 필요한 분야로서 민간수행이 어려움으로 축산과학원의 고유사업으로 폐쇄조건에서 추진하고(소수성, 저비용, 고전문성 과정), 개발된 순종을 대규모의 핵군을 조성한 상태에서 계통간 교배？검정？선발을 통해 산업에서 요구하는 후대 종축을 만들어 내는 단계는 다수성, 고비용성, 노동집약성, 지속 반복성 과정으로서 GSP사업을 통해 산？학？연 공동으로 추진하는 역할 분담도 필요하다.&nbsp;",(00)GSP종축개발사업.pdf,http://www.fact.or.kr/action.do?action=farmtech%24file&seq=666&file_seq=1,2013.12.29,최우주,666,[전문가기고] 골든시드프로젝트 '종축' 분야 산업동향,1049
"&nbsp;본 보고서는 농업기술실용화재단에서 작성하였으며,담당 연구원들의 개인적인 견해가 반영된 것으로서 재단의 공식적인 의견이 아님을 밝혀드립니다.열대과일 국내 수입 및 재배 동향&nbsp;농업기술실용화재단 최우주최근 해외여행의 증가로 다양한 열대과일을 접할 기회가 늘어나고 외식업체에서 열대과일을 활용한 메뉴가 개발되는 등 그 시장이 확대되고 있다. 대부분 열대과일은 수입에 의존하여 국내에 유통되어 왔다. 그러나 기후변화 및 온난화로 인한 아열대기후대는 제주 및 남해안 일부지역과 중부지역까지 확대되고 있다. 기상청에 따르면 최근 100년 동안 우리나라의 평균 기온은 1.8℃ 상승했다. 서울과 대구가 2.3℃ 부산과 목포는 1도 이상 각각 평균 기온이 올랐다. 기후변화 및 온난화에 대응하기 위하여 국내에서 재배되는 열대과일의 동향을 정리하였다.담당자 : 기술동향분석센터 최우주(031-8012-7197)",열대과일_산업동향_매거진_10월_최우주.pdf,http://www.fact.or.kr/action.do?action=farmtech%24file&seq=664&file_seq=1,2013.10.16,최우주,664,[FACT] 열대과일 국내 수입 및 재배 동향,1714
"중국 기능성 음료 시장&nbsp;- 기능성 음료 정의- 생산 동향- 소비동향- 수입동향- 한국유통 수입현황- 시사점출처 : 농수산식품수출지원정보(www. kati.net)",중국기능성음료시장(베이징aT센터)[1].pdf,http://www.fact.or.kr/action.do?action=farmtech%24file&seq=663&file_seq=1,2013.10.16,최우주,663,[KATI] 중국 기능성 음료 시장,1265
"농업의 신성장동력화를 위한 기술혁신 제언 - 덴마크에서 배우는 현장농업 경쟁력과제 1&nbsp; 농업의 신성장동력화에 대한 개념 정립과제&nbsp;2&nbsp; 농정, 통상, 기술혁신의 균형과 조화 추구과제 3&nbsp; 농업 R&amp;D의 현장성 제고와 보급률 확대과제 4&nbsp; 수출 등 수요 견인형 제고와 보급률 확대과제 5&nbsp; 농업 경쟁력 제고를 위한 Soft R&amp;D 확대과제&nbsp;6&nbsp; 중장기적 R&amp;D 인력 포트폴리오 구축 출처 : 과학기술정책연구원 (www. stepi.re.kr)",STEPI_농업의 신성장동력화를 위한 기술혁신 제언_Insight_122.pdf,http://www.fact.or.kr/action.do?action=farmtech%24file&seq=662&file_seq=1,2013.10.15,최우주,662,[STEPI] 농업의 신성장동력화를 위한 기술혁신 제언 - 덴마크에서 배우는 현장농업 경쟁력,1459
"농식품 위해인자 관리를 위한 IT 융합 기술동향&nbsp;목적o 농축산물의 재배(생산)에서부터 유통, 소비 단계까지의 전체 식품공급사슬[Food Supply Chain]에 내재된 &nbsp;&nbsp; 잠재적 위험 요인에 대한 사전 검출과 안전성 확보를 위하여 사전 예방적인 위해인자 검출 시스템 개발 및 &nbsp;&nbsp; 사용자 중심의 정보 제공 서비스 기술주요현황o 세계적으로 농식품 안전관리가 사후관리에서 사전 예방관리로 패러다임이 변화하고 있음o 현재 사회적으로 이슈화되고 있는 다양한 농축산물 관련 위해인자 (위해미생물, 독소 등)를 현장에서 &nbsp;&nbsp; 측정.분석.관리할 수 있는 기술 개발시사점o 식품 위해물질 검출기술 연구개발의 선진기술을 구비한 해외 유수 연구기관과의 국제공동연구 추진을&nbsp;&nbsp; 통한 기술격차 축소가 필요함o 식품 위해인자 검출 선진화를 위한 지속적인 연구지원이 필요하며 과학적인 연구결과를 활용한 지속적인&nbsp;&nbsp;&nbsp;&nbsp;&nbsp;제도의 개선이 필요함o 식품 안전성 및 위해성 평가기술은 국가 주도적인 장기적인 계획 하에 체계적인 연구개발 지원이 필요함출처 : 한국산업기술평가관리원 (www, keit.re.kr)",KEIT-2013-07-이슈5-농식품 위해인자 관리를 위한 IT융합 기술동향[1].pdf,http://www.fact.or.kr/action.do?action=farmtech%24file&seq=661&file_seq=1,2013.10.15,최우주,661,[KEIT] 농식품 위해인자 관리를 위한 IT 융합 기술동향,1490
"본 산업동향 보고서는 농업기술실용화재단에서 작성하였으며,담당 연구원의 개인적인 견해가 반영된&nbsp;것으로서 재단의 공식적인 의견이 아님을 밝혀드립니다.&nbsp;농업용 하우스 비닐의 국내 시장 규모&nbsp;o 국내 하우스용 비닐의 대부분은 채소류 재배에 사용(96%)o 비닐하우스 면적은 2011년 기준 52,311ha 정도o 1평당 비닐 가격(1,000원) 기준으로 국내 비닐하우스 시장 규모는 약 1,700억원 정도로 추정담당자 : 기술동향분석센터 김혜원 (031-8012-7393)",농업용_하우스용_비닐의_국내_시장_규모_FACT.pdf,http://www.fact.or.kr/action.do?action=farmtech%24file&seq=660&file_seq=1,2013.10.15,최우주,660,[FACT] 농업용 하우스 비닐의 국내 시장 규모,1763
"세계농업 9월 &nbsp;1. 해외 농업 농정 포커스 : 유전자변형농산물(GMO)GM농산물 무역동향과 쟁점 분석세계 GMO 표시제 현황GMO 표시제 주요 쟁점2. 세계 농식품산업 동향 : 양돈산업미국양돈산업 동향중국 양돈산업 동향과 전망EU 양돈산업 동향칠레 양돈산업 동향과 시사점일본 양돈산업 동향&nbsp;3. 국가별 농업자료 : 영국, 우간다영국 농업 동향과 시사점우간다 농업 개황4. 국제 기구 동향 : 경제협력개발기구(OECE), 세계무역기구(WTO)OECD 및 WTO&nbsp; 농업 관련 논의 동향5. 해외농업, 농정 동향6. 세계 농업 브리핑 출처 : 한국농촌경제연구원 (www. krei.re.kr)",세계농업_9월.pdf,http://www.fact.or.kr/action.do?action=farmtech%24file&seq=659&file_seq=1,2013.10.15,최우주,659,[KREI] 세계농업 9월,839
"본 보고서는 농업기술실용화재단에서 작성하였으며,담당 연구원들의 개인적인 견해가 반영된 것으로서 재단의 공식적인 의견이 아님을 밝혀드립니다.중국 사료 산업동향중국 사료산업은 년대 이후 1970 급격하게 발전하기 시작하였다. 지난 30여년 간 중국의 사료산업은 무에서 유를 창조하고 대규모로 확대되었다. 많은 선진국들이 축적시킨사료산업 발전 경험을 단숨에 따라잡았으며, 현재 세계 2위의 생산대국으로 자리잡았다. 중국의 사료산업은 크게 아래와 같이 구분된다. 본 자료는 중국사료협회에서 최근 발표한&lsquo;Guide to China Market in Feed, Poultry and Pig Industries(2011-2012)&rsquo;를 토대로중국 사료산업 동향 및 시사점을 정리한 내용이다.담당 : 기술동향분석센터 김혜원 031-801-7393",Guide_to_China_Feed_Market(2011)_F(0930).pdf,http://www.fact.or.kr/action.do?action=farmtech%24file&seq=658&file_seq=1,2013.09.30,최우주,658,[FACT]중국 사료 산업동향,1226
"본 산업동향 보고서는 농업기술실용화재단에서 작성하였으며,담당 연구원들의 개인적인 견해가 반영된 것으로서 재단의 공식적인 의견이 아님을 밝혀드립니다.주요작물의 글로벌 수급현황&nbsp;대부분의 재화는 수요와 공급의 균형에 의해 형성된다. 아래 그림은 2010년 1월부터 2013년 8월까지의 국제곡물가격지수와 글로벌 재고량과의 관계를 나타낸 것이다. 글로벌 재고량에 따라 국제 곡물가격지수가 변동하는 모습을 볼 수 있다. 본 보고서에는 2013년 9월 12일 USDA에서 발표한 &quot;World Agricultural Supply and Demand Estimates&quot;를 요약/정리하여, 곡물가격에 중요한 영향을 미치는 주요 품목별 9월 재고량 추정치 정보를 농업인/농산업체들에게 제공하고자 한다.담당자 : 기술동향분석센터 엄인용 031-8012-7228",130927_주요작물의_글로벌_수급현황_ver3.pdf,http://www.fact.or.kr/action.do?action=farmtech%24file&seq=657&file_seq=1,2013.09.28,최우주,657,[FACT]주요작물의 글로벌 수급현황,943
"본 산업동향 보고서는 농업기술실용화재단에서 작성하였으며,담당 연구원들의 개인적인 견해가 반영된 것으로서 재단의 공식적인 의견이 아님을 밝혀드립니다.국제식량가격 동향최근 국제식량가격지수(FFPI : FAO Food Price Index)는 2011년 2월 237.9포인트를 기록한 이후 조금씩 감소하고 있는 추세이다. 2013년 5월 현재 FFPI는 215.2포인트이며, 이는 전월 대비 약 0.6포인트 감소한 수치이며, 최고점을 기록했던 2011년 2월의 237.9포인트에 비하면 22.7포인트 하락했다. 4월에 비해 5월 FFPI가 소폭 하락한 이유는 설탕과 낙농품 가격지수가 낮아졌기 때문이다.품목별로 좀 더 구체적으로 보면, 먼저 곡물가격지수의 경우 러시아 가뭄으로 2010년 3분기부터 2011년 3분기까지 가격이 상승하였고, 그 이후 비교적 안정적인 모습을 보였다. 하지만 2012년 미국의 기록적인 가뭄의 영향으로 2012년 7월 다시 가격이 상승하였으며, 2012년 9월 263.0포인트를 기록한 이후 다시 조금씩 감소하고 있는 추세이다. 담당 : 기술동향분석센터 엄인용 031-8012-7228",130718_국제식략가격동향.pdf,http://www.fact.or.kr/action.do?action=farmtech%24file&seq=656&file_seq=1,2013.09.28,최우주,656,[FACT]국제식량가격 동향,1165
"본 산업동향 보고서는 농업기술실용화재단에서 작성하였으며,담당 연구원들의 개인적인 견해가 반영된 것으로서 재단의 공식적인 의견이 아님을 밝혀드립니다.버섯산업동향- 시장 경쟁력 확보를 위한 신품종&middot;수출전략 수립을 위하여 -최근 귀농&middot;귀촌 현상이 증가함에 따라 새로운 재배 대상을 찾고자 하는 영농농가의 관심 대상이 되고 있다. &lt;표 1&gt;은 &lsquo;10년~&lsquo;12년 사이 귀농을 경험한 가구의 재배작물을 나타낸 것이다. 과거 전통 작물이었던 논벼의 비율은 점차 줄어들고 있는 반면, 채소 및 특용작물은 점차 비중이 높아지고 있는 추이를 보인다. 새로이 농사를 지으려는 사람들은 특용작물이나 채소 작물에 관심을 보이고 있으며, 답보상태인 버섯산업에도 새로운 전환점이 될 수 있을 것으로 예상된다.버섯산업은 다른 어떤 농작물보다 고도성장을 해왔으며, &lsquo;00년~&rsquo;06년 사이에 급속하게 증가했다. 그러나 최근들어 양송이, 팽이, 느타리 등 일부 버섯은 대규모 공장형 재배와 기계화의 진전으로 생산량이 급격하게 증가하여 시장가격이 점차 낮아지고 있다. 시장가격 하락으로 버섯재배 농가 수는 2006년 약 11,000가구에서 2012년 약 4,000가구로 급격하게 감소세를 보이고 있다. 반면 새롭게 개발되는 버섯, 특히 기능성 버섯(칡느타리버섯, 인삼버섯 등)들은 시장에서 높은 가격을 형성하고 있다. 기능성 버섯은 기존 버섯에 비해 건강 및 친환경적인 이미지를 높게 부각하면서 차츰 시장에서 자리를 잡아가고 있다. 재배방식에 따라 자연의존적 재배(노지재배), 반인공 재배(균상재배, 상자재배, 봉지재배), 완전인공 재배(병재배)방식으로 구분된다. 시대변화에 따라 버섯의 재배방식도 달라지게 되는데, 최근에는 자연환경에 의존하는 재배방식인 노지재배, 상자재배 등 자연의존 방식에서 인위적으로 환경을 조절하는 완전인공 재배 방식(병재배)으로 점차 전환되고 있는 추세이다. 이에 따라 버섯의 Kg당 가격이 하락하였으며, 해결방법으로 브랜드 및 기능성을 강조하는 버섯들이 등장하고 있다.&nbsp;현재 버섯시장은 과도기이며 향후 건강지향적인 소비의 증가에 따라 재도약이 예상되는 바, 국내 버섯산업 시장동향을 알아보고 몇 가지 시사점을 밝히고자 한다.담당 : 기술동향분석센터 김혜원 031-8012-7393",실용화재단_버섯산업_동향_FACT매거진[1].pdf,http://www.fact.or.kr/action.do?action=farmtech%24file&seq=655&file_seq=1,2013.09.28,최우주,655,[FACT]버섯산업 동향,1002
"본 산업동향 보고서는 농업기술실용화재단에서 작성하였으며,담당 연구원들의 개인적인 견해가 반영된 것으로서 재단의 공식적인 의견이 아님을 밝혀드립니다.국내 식용꽃 산업현황우리나라에서 꽃을 먹기 시작한 것을 정확히 추정하기 어려우나, 고려시대 9대 속절(俗節)로 음력 3월 3일을 삼짇날이라 하여 진달래 등 꽃잎으로 화전을 만들어 먹으면서 꽃놀이를 즐겨왔다. 꽃놀이 문화를 통해 여흥을 즐기며 동시에 겨울철 부족했던 비타민, 미네랄 등을 보충한 선조의 현명함을 볼 수 있다. 새로운 먹을거리와 친환경？건강기능성이 주목받는 현재 식용꽃은 시각과 후각의 아름다움을 넘어 우리의 미각을 자극하고 있다. 농촌진흥청의 보도자료에 따르면 식용꽃의 성분 분석 결과 &lsquo;채소？과일 보다 항산화 기능성분 10배 이상&rsquo;나타났다고 밝혔다. 또한 식용을 목적으로 하는 팬지 등 식용꽃 27과 68종을 농식품 품질관리시스템(친환경 인증)에 등록했다. 눈으로 보는 장식용이 아닌 먹는 식품으로써 기능을 인정받음에 따라 식용꽃에 관심도가 높아지고 있다. &nbsp;본 동향보고는 국내의 식용꽃 연구현황, 유통업체 현황, 식용꽃에 대한 소비자 인식도를 파악함으로써 향후 식용꽃의 안정적인 시장 창출과 식용꽃 산업의 실용화 확대에 도움이 되고자 한다.&nbsp;담당 : 기술동향분석센터 최우주 031-8012-7197",FACT매거진_국내식용꽃산업현황[1].pdf,http://www.fact.or.kr/action.do?action=farmtech%24file&seq=654&file_seq=1,2013.09.28,최우주,654,[FACT] 국내 식용꽃 산업현황,1131
"본 산업동향 보고서는 농업기술실용화재단에서 작성하였으며,담당 연구원들의 개인적인 견해가 반영된 것으로서 재단의 공식적인 의견이 아님을 밝혀드립니다.국내 농식품분야 ICT 융복합 특허기술(2013.5.1~7.31)타 산업분야에서는 ICT기술을 활용하여 새로운 부가가치를 창출함과 동시에 산업경쟁력을 높이고 있다. 농림축산식품부(이하 농식품부라고 한다.)는 농업인들의 과학적 영농을 통해 미래 성장산업기반을 위한 &lsquo;농식품 ICT 융복합 확산대책&rsquo;을 마련하였다.&nbsp;이와 관련하여 2013년 5월 1일부터 8월 31일까지 공개된 농업분야 최신특허 중 상기 대책과 연관된 특허를 소개하고자 한다.담당 : 기술동향분석센터 김수연 031-8012-7224",국내_농·식품_ICT_융복합_특허기술_김수연(201309.pdf,http://www.fact.or.kr/action.do?action=farmtech%24file&seq=653&file_seq=1,2013.09.28,최우주,653,[FACT]국내 농식품분야 ICT 융복합 특허기술(2013.5.1~7.31),939
"본&nbsp;보고서는 농업기술실용화재단에서 작성하였으며,담당 연구원들의 개인적인 견해가 반영된 것으로서 재단의 공식적인 의견이 아님을 밝혀드립니다.농식품분야 특허동향(2013.5.1~7.31 공개 또는 등록된 특허)지난 8월 중국 농업부에서「2013년 중국 농업 지식재산권 창조 지수 보고서」를 발표하였다. 이에 따르면 2012년 중국 농업 관련 지식재산권 창출 능력은 전년 대비 약 40%가 증가하여 중국의 농업분야 연구활동이 활발하게 이루어지고 있다. 이러한 현상은 중국뿐만이 아니라 전 세계적으로 나타나고 있으며 국내 농업분야 기술개발에도 많은 영향을 주고 있다.따라서 본 보고서에서는 최근 공개된 특허를 대상으로 농？식품분야 선도기업(주체)을 살펴, 전 세계 특허동향 및 경쟁현황을 파악하여 향후 국내 연구개발 방향 결정의 자료로 제공하고자 한다.담당 : 기술동향분석센터 김수연 031-8012-7224",농·식품분야_최신특허_동향_김수연_연구원(201309.pdf,http://www.fact.or.kr/action.do?action=farmtech%24file&seq=652&file_seq=1,2013.09.28,최우주,652,[FACT]농식품분야 특허동향(2013.5.1~7.31공개 또는 등록된 특허),958
"골든시드프로젝트 '채소종자'분야 산업동향- 충남대학교 교수 임용표(골든시드프로젝트 채소종자사업단 단장 -국내 농작물 종자시장은 2000년 이래 정체 상태이며, 채소종자의 매출액은 2011년 기준으로 총 2,337억 원으로 이 중 국내 매출이 약 80%를 차지하고 있다. 국내 채소종자 개발은 (주)농우바이오, (주)동부팜한농 등 주요 민간업체를 중심으로 활발하게 진행되고 있다. 종자기술은 전반적으로 글로벌 종자 기업에 비해 R&amp;D투자 규모가 미미하고 전문연구 인력도 부족하지만 무, 배추, 고추 등의 일부 육종 기술은 선진국 수준과 동등하거나 더 높은 기술 수준을 보유하고 있다. &nbsp; 세계 인구의 증가 및 경제 성장과 건강에 대한 관심이 증대됨에 따라 채소소비가 지속적으로 증가되고 있다. 전 세계 상업용 채소종자 시장은 2011년 약 58억불 규모로 2020년 87억불까지 성장할 것으로 전망된다. 세계 종자 산업을 주도하고 있는 글로벌 종자기업 몬산토, 듀퐁, 신젠타, 누넴 등은 GM 작물개발, 내재해성 유전자 확보, 고부가가치 기능성 품종 개발에 중점 투자하고 있다. &nbsp; 종자산업은 재배농가의 활용을 넘어 기능성식품, 식물유래 치료제 등 종자를 활용한 제품으로 활용범위가 확대되면서 식품산업, 제약산업 등과 융&middot;복합화하는 농식품 분야 핵심역할을 담당하는 산업으로 부각되고 있다. 향후 10년 내에 글로벌 종자산업 국가로의 도약이 이루어지지 못할 경우, 세계시장에 진출할 수 있는 수출기반과 종자산업 육성기회를 상실할 가능성이 크다.&nbsp;채소종자의 해외 시장 진출을 위해서는 수출목적의 우수 품종을 개발하고 종자기업 간의 연계체계 구축을 통한 수출지원이 필요하다. 또한 해외시장 분석을 통해 목표시장을 다양화&middot;구체화 하여 그에 맞는 마케팅 지원 시스템이 구축되어야한다. 해외 시장에서의 현지화 전략과 브랜드 이미지 강화를 통해 시장점유율을 확대가 이루어져야한다.담당 : 기술동향분석센터 031-8012-7197",골든시드프로젝트_채소종자_분야_산업동향_임용표.pdf,http://www.fact.or.kr/action.do?action=farmtech%24file&seq=651&file_seq=1,2013.09.28,최우주,651,[전문가기고]골든시드프로젝트'채소종자'분야 산업동향,987
"인삼 관련 특허 및 시장동향- 특허법인 누리 김미숙 변리사-&nbsp;&nbsp;우리나라를 비롯한 중국, 일본 등 아시아 국가에서 인삼에 대한 연구가 활발히 진행되고 있다.&nbsp;특히 전 세계적으로 건강기능성 식품으로 활용도가 높은 홍삼에 대한 특허출원이 가장 활발하였다. &nbsp;중국의 경우 2000년대 초반에 연구활동이 증가하고 있으며 인삼뿐만 아니라 여러 가지 천연물을 조합하여 약재를 만드는 방법에 대한 특허가 대부분을 차지하고 있다. 중국특허의 특허활동은 더욱 왕성해질 것으로 예상되며 이에 대한 철저한 대비가 필요하다.&nbsp;&nbsp;&nbsp;우리나라 인삼 관련 세부기술별 특허동향을 살펴보면, 인삼을 &lsquo;가공&rsquo;하는 기술분야가 가장 연구활동이 활발하게 나타났다. &lsquo;가공&rsquo;분야는 홍삼을 가공하는 방법 또는 장치, 인삼 또는 홍삼으로부터 약리성분을 분석하는&nbsp;방법 등에 관한 것이다.&nbsp; 최근 인삼 뿌리뿐만 아니라 잎, 열매 등의 약리학적 효능이 입증되고 있어&nbsp;앞으로 특허출원은 점차 증가할 것으로 예상된다.&nbsp;&nbsp;우리나라에서는 인삼 관련 건강기능성 식품의 시장점유율이 가장 높은 것으로 나타났다. 특히 홍삼제품은 국내 건강식품의 약 35% 이상을 차지하고 있다.현재 국내 시장은 포화된 상태로 중국 등 인삼 수요가 높은 아시아 지역을 중심으로 판로를 개척 할 필요가 있다. &nbsp;&nbsp;인삼재배 국가 간의 수출경쟁이 치열해지고 있다. 대량 재배에 따른 가격 경쟁력 및 효능에 대한 연구, 국가의 품질보증 정책 등을 전략으로 미국, 캐나다 등의 북미 국가의 전 세계 시장점유율 1, 2위를 차지하였으나 최근 고려인삼에 대한 선호가 늘어나면서 국내 인삼의 세계시장 점유율이 증가하고 있다.담당 : 기술동향분석센터 031-8012-7197",인삼관련특허및시장동향_김미숙변리사[].pdf,http://www.fact.or.kr/action.do?action=farmtech%24file&seq=650&file_seq=1,2013.09.28,최우주,650,[전문가기고] 인삼 관련 특허 및 시장동향,769
"본 산업동향 보고서는 농업기술실용화재단에서 작성하였으며,담당 연구원들의 개인적인 견해가 반영된 것으로서 재단의 공식적인 의견이 아님을 밝혀드립니다.&nbsp;&lt;농&middot;식품 분야 최신특허 동향&gt;&nbsp;&nbsp;새 정부 출범에 따른 창조경제 실현의 키워드로 지식재산권(IP)이 주목받으면서, 지재권이 미래 성장동력으로 급부상하고 있다. 지식재산(IP) 창출 및 활용능력은 기술융합과 시장 확대의 원천으로 그 중요성이 확대되고 있다. &nbsp; 또한 글로벌 시장에서의 경쟁력 향상을 위해 지식재산 활용 가치에 대한 제고가 필요한 시점이다.농민, 농산업체 및 관련 연구자들에게 중복연구개발&middot;투자 방지를 위해 정기적으로 최신특허 정보를 제공할 예정이다.담당 : 기술동향분석센터 김수연 연구원 031-8012-7224",농식품분야 최신 특허동향(김수연).pdf,http://www.fact.or.kr/action.do?action=farmtech%24file&seq=649&file_seq=1,2013.07.02,최우주,649,[FACT]농·식품분야 최신특허 동향,1062
"&nbsp;본 산업동향 보고서는 농업기술실용화재단에서 작성하였으며,담당 연구원들의 개인적인 견해가 반영된 것으로서 재단의 공식적인 의견이 아님을 밝혀드립니다.&nbsp;&nbsp; &lt;2013년 상반기 농&middot;식품 분야 최신 융&middot;복합 특허기술&gt;&nbsp;&nbsp;2013년 1월 1일부터 4월 31일까지 공개된 국내특허를 대상으로 농&middot;식품산업에IT 또는 BT를 융합한 최신 특허를 소개하여 농민, 농산업체 또는 연구자 등에 유용한 정보를 제공하고자 한다.담당 : 기술동향분석센터 김수연 연구원 031-8012-7224",2013년 상반기 농·식품 분야 최신 융·복합 특허기술(김수연).pdf,http://www.fact.or.kr/action.do?action=farmtech%24file&seq=648&file_seq=1,2013.07.02,최우주,648,[FACT]‘13년 상반기 농식품분야 융·복합 최신특허 기술,897
"&nbsp;&nbsp;&lt;농업생산물 수확후관리의 6차 산업화를 위하여&gt;중앙대학교 김종기 교수&nbsp;&lsquo;수확후관리&rsquo;란 농산물이 생산된 이후 소비자에게 전달되는 과정에서 신선도 유지, 부패 방지, 안전성 확립 등 제반 기술의 총합을 말한다.&nbsp;특히 한국은 영농규모가 작기 때문에 농작물 생산 후 품질관리 기술이&lsquo;제2의 생산&rsquo;이라고 할 수 있을 만큼 중요한 부분을 차지하고 있다.국내 수확후관리 기술은 우루과이라운드를 기점으로 단순기술 중심에서 품질관리, 저장, 포장 및 물류 등 유통전반에 걸쳐 복합적인 기술로 변화하였다.&nbsp;특히 대기업이 소비지 유통에 뛰어들면서 점차 전문화 및 규모화 되는 추세이다. 국내 수확후관리 시장 현황은 산지유통센터(APC)를 통해서 소비지로 출하되는 농산물의 양이 전체 물량의 약 20%이고, 취급액은 약 2조 5천억 원에 달한다.&nbsp;그러나 여전히 국내 수확후관리 수준은 선진국과 비교하면 낙후되어 있는 실정이다.또한 국내 수확후관리에서의 작업 비용이 높아 경영효율이 떨어진다. 따라서 영농 소득 향상을 위해서는 신선농산물의 상품화뿐만 아니라,&nbsp;비상품 채소나&nbsp;&nbsp; 과일의 가공을 통한 상품화 등을 통하여 부가가치를 제고하는 노력이 매우 중요하다. 친환경 수확후관리 기술 개발 연구는 아직 미미하지만 미래 신성장 기술이며, 에틸렌 저해제인 1-MCP는 저장 뿐 아니라,&nbsp;에너지 절약 기술, 생물농약으로서도 각광을 받고 있다.일부 선진국에서는 생산지에서 재배, 가공, 판매와 더불어 이를 관광 상품화하여 서비스를 제공함으로써 부가가치를 높이고 있다.&nbsp;독일의 남부&nbsp;&nbsp; 과수원에서는 사과 등 몇 가지 과일이나 채소를 가공하여 만든 와인이나 케이크 등을 판매하며, 이와 더불어 관광객을 유치하고 있다. 이는 수확후관리의 6차 산업화를 나타내는 좋은 사례이다.&nbsp;&lsquo;수확후관리&rsquo;란 농산물이 생산된 이후 소비자에게 전달되는 과정에서 신선도 유지, 부패 방지, 안전성 확립 등 제반 기술의 총합을 말한다. 특히 한국은 영농규모가 작기 때문에 농작물 생산 후 품질관리 기술이&lsquo;제2의 생산&rsquo;이라고 할 수 있을 만큼 중요한 부분을 차지하고 있다.&nbsp;국내 수확후관리 기술은 우루과이라운드를 기점으로 단순기술 중심에서 품질관리, 저장, 포장 및 물류 등 유통전반에 걸쳐 복합적인 기술로 변화하였다. 특히 대기업이 소비지 유통에 뛰어들면서 점차 전문화 및 규모화 되는 추세이다. 국내 수확후관리 시장 현황은 산지유통센터(APC)를 통해서 소비지로 출하되는 농산물의 양이 전체 물량의 약 20%이고, 취급액은 약 2조 5천억 원에 달한다.&nbsp;그러나 여전히 국내 수확후관리 수준은 선진국과 비교하면 낙후되어 있는 실정이다.또한 국내 수확후관리에서의 작업 비용이 높아 경영효율이 떨어진다.&nbsp;따라서 영농 소득 향상을 위해서는 신선농산물의 상품화뿐만 아니라, 비상품 채소나&nbsp;&nbsp; 과일의 가공을 통한 상품화 등을 통하여 부가가치를 제고하는 노력이 매우 중요하다. 친환경 수확후관리 기술 개발 연구는 아직 미미하지만 미래 신성장 기술이며, 에틸렌 저해제인 1-MCP는 저장 뿐 아니라, 에너지 절약 기술, 생물농약으로서도 각광을 받고 있다.일부 선진국에서는 생산지에서 재배, 가공, 판매와 더불어 이를 관광 상품화하여 서비스를 제공함으로써 부가가치를 높이고 있다. 독일의 남부&nbsp;&nbsp; 과수원에서는 사과 등 몇 가지 과일이나 채소를 가공하여 만든 와인이나 케이크 등을 판매하며, 이와 더불어 관광객을 유치하고 있다. 이는 수확후관리의 6차 산업화를 나타내는 좋은 사례이다.&nbsp;담당 : 기술동향분석센터 031-8012-7197",수확후관리6차산업화_김종기(수정)[1].pdf,http://www.fact.or.kr/action.do?action=farmtech%24file&seq=647&file_seq=1,2013.07.02,최우주,647,[전문가기고]농업생산물 수확후관리의 6차 산업화,1020
"&nbsp;&lt;가축분뇨 자원화의 선진화 방향&gt;&nbsp;국립수산과학원 박 노 백&nbsp;&nbsp;과거 20여 년 전 부터 가축분뇨 관리방안에 많은 노력과 투자가 이루어져왔음에도 불구하고 현재까지 안정된 가축분뇨 관리&nbsp;및 적정처리 방안이 미흡하며 이에 대한 합의가 도출되지 않은 것은 가축분뇨의 처리가 그 만큼 어렵다는 반증이기도 하다.전 세계적으로 가축분뇨 등 유기성폐기물에 대한 매립 및 해양배출규제, 기후변화협약,에너지위기 문제 등이 대두되면서 혐기성기술을 활용한 바이오가스 생산 및 적정처리에 대한 관심이 증대되고 있다. 따라서 혐기성 기술을 이용한 에너지 회수,소화액의 액비이용,개별처리에 대한 지역단위 관리체계 구축,혐기소화기술과 영양염류 제거기술의 조합 등은 가축분뇨 자원화 방안의 폭넓은 선택이 될 수 있다.또한 효율적인 가축분뇨 관리 및 자원화를 위해서는 가축분뇨 발생량부터 농경지 이용량까지 전주기에 대한 기초통계자료의현실화를 통해 가축분뇨 관리 선진화의 초석이 되도록 해야 한다.&nbsp;담당 : 기술동향분석센터 031-8012-7197",가축분뇨 자원화의 선진화 방향(박노백).pdf,http://www.fact.or.kr/action.do?action=farmtech%24file&seq=646&file_seq=1,2013.07.02,최우주,646,[전문가기고]가축분뇨 자원화 기술동향,999
"본 산업동향 보고서는 농업기술실용화재단에서 작성하였으며,담당 연구원들의 개인적인 견해가 반영된 것으로서 재단의 공식적인 의견이 아님을 밝혀드립니다.&nbsp;&lt;콩 발효 속에 숨어있는 가치에 주목하며&gt;&nbsp;콩을 식품으로 활용하는 것 이외에 새로운 부가가치를 확보하기 위해서 우리는 장류 발효에서 나타나는 미생물에 관심을&nbsp;기울여야 한다.&nbsp;이는 푸른곰팡이에서 페니실린이라는 항생제가 개발되었던 경험을 바탕으로 새로운 항생제 및 질병 치료제의 개발,그리고 환경정화와 같은 측면에서 미생물의 활용이 증가하고 있어 세계 여러나라는 새로운 균주들을 확보하고자 노력하고&nbsp;있기 때문이다. 장류의 발효분야는 우리나라가 경쟁력을 확보할 수 있는 분야에 해당된다.전통적인 메주 제조나 장류 발효에 관여하는 균주에서 새로운 균주를 찾는 노력은 우리나라가 미생물분야에 중요한 생물자원을 확보할 수 있는 기회,즉 새로운 항생제,항균물질,치료제 개발로 연결시킬 수 있는 기회를 제공해줄 것이라 여겨진다.&nbsp;담당 : 기술동향분석센터 031-8012-7197",콩 발효 속에 숨어있는 가치에 주목하며(최윤희).pdf,http://www.fact.or.kr/action.do?action=farmtech%24file&seq=645&file_seq=1,2013.07.02,최우주,645,"[FACT]콩 발효 속에 숨어있는 가치를 주목하며 ",1105
"&nbsp;본 산업동향 보고서는 농업기술실용화재단에서 작성하였으며,담당 연구원들의 개인적인 견해가 반영된 것으로서 재단의 공식적인 의견이 아님을 밝혀드립니다.&nbsp;&lt;접목선인장의 국내외 시장동향&gt;&nbsp;◎ 세계 수출시장 점유율 1위 접목선인장&nbsp;◎ 2011년 우리나라 선인장 재배면적은 68.5ha, 생산액은 149억 원 규모임. 경기지역에서 전체 면적의 71% 재배되고, &nbsp;&nbsp;&nbsp;&nbsp;&nbsp;&nbsp; 생산액 비중은 전체 대비 70%를 차지함. 2012년 1월 한국화훼농협「선인장 수출공선출하회」가 발족되면서&nbsp;&nbsp;&nbsp;&nbsp; 생산농가들이&nbsp;수출통로 일원화를 추진 &nbsp;◎ 화훼류 전체 수출규모는 2011년 90,596천 불 규모로 그 중 선인장의 수출규모는 2,583천 불임. &nbsp;&nbsp;&nbsp; 네덜란드, 미국, 캐나다, 호주, 이스라엘, 말레이시아, 일본 등 20여 개 국에 수출 &nbsp;◎ 접목선인장 재배농가와 수출업체의 취약점 &nbsp;◎ 한국산 접목선인장의 경쟁력 제고를 위해 수출장구 일원화, 재배 시스템의 규격화 및 규모화 추진 필요함. 또한 수출&nbsp;&nbsp;&nbsp;&nbsp;업체의&nbsp;해외시장 교섭력 강화, 유통 경로&nbsp;개척 등이 추진되어야함. 담당 : 기술동향분석센터 최우주 연구원 031-8012-7197",접목선인장국내외시장동향(최우주).pdf,http://www.fact.or.kr/action.do?action=farmtech%24file&seq=644&file_seq=1,2013.07.02,최우주,644,[FACT]접목선인장의 국내외 시장동향,1060
"&nbsp;본 산업동향 보고서는 농업기술실용화재단에서 작성하였으며,담당 연구원들의 개인적인 견해가 반영된 것으로서 재단의 공식적인 의견이 아님을 밝혀드립니다.&nbsp;&lt;국내 미생물제제 산업현황&gt;&nbsp;◎ 친환경 농산물 출하량, 재배면수 및 농가 수 등 연평균 10%이상 증가, 2020년 약 51,709억 원의 시장규모 형성 반면, 미생물&nbsp;&nbsp;&nbsp; 제제 시장 성장 미미&nbsp;◎ 미생물제제 소비자 가격에 대한 불만이 가장 높지만 실제 사용에 영향(증감계획)을 주는 것은&ldquo;효과/효능&rdquo;&nbsp;◎ 미생물제제 생산업체 필요기술은 미생물 소재분야 기술인&ldquo;신물질(미생물 대사산물 추출 등) 개발 기술&rdquo;, 제형화 관련&nbsp;&nbsp;&nbsp;&nbsp; 기술은 &ldquo;분상 및 액상(과립형)&rdquo;&nbsp;◎ 최종소비자들의 미생물제제 소비를 늘려 미생물제제(친환경 농자재) 산업을 성장시키기 위해서는&ldquo;가격&rdquo;보다는&ldquo;연구&nbsp;&nbsp;&nbsp; 개발&rdquo;에 무게, 연구개발 방향은 신물질 개발 기술 및 분상/액상(과립형) 제형화 기술, 인증업무 강화 및 사용 메뉴얼&nbsp;&nbsp;&nbsp;&nbsp; 작성/보급&nbsp;등도 필요담당 : 기술동향분석센터 엄인용 연구원 031-8012-7227",미생물제제 산업동향보고서(엄인용).pdf,http://www.fact.or.kr/action.do?action=farmtech%24file&seq=643&file_seq=2,2013.07.02,최우주,643,[FACT]국내 미생물제제 산업동향,1491
"본 산업동향 보고서는 농업기술실용화재단에서 작성하였으며,담당 연구원들의 개인적인 견해가 반영된 것으로서 재단의 공식적인 의견이 아님을 밝혀드립니다.&nbsp;&nbsp;&lt;방사선을 이용한 돌연변이 육종 기술동향&gt;&nbsp;&nbsp;전 세계 MVD등록현황&nbsp;- 전반적으로 등록건수가 증가&nbsp;국가별 MVD 등록현황 &nbsp;- 중국이 총 658건으로 등록건수가 가장 많음&nbsp;돌연변이 유발 요인의 처리방법에 따른 기술 동향&nbsp; - Physical(방사선 처리:gamma rays)을 활용한 기술이 가장 많음&nbsp;작물종류에 따른 기술동향&nbsp;- 식량작물, 특히&lsquo;쌀&rsquo;의 등록건수가 현저히 높음&nbsp;작물형질에 따른 기술동향&nbsp;- 작물의 줄기 모양, 길이 및 형태 등 &lsquo;초형&rsquo;관련 형질이 가장 많음담당 : 기술동향분석센터 김수연 연구원 031-8012-7224",방사선을 이용한 돌연변이 육종 기술동향(김수연).pdf,http://www.fact.or.kr/action.do?action=farmtech%24file&seq=642&file_seq=1,2013.07.02,최우주,642,[FACT]방사선을 이용한 돌연변이 육종 기술동향,1227
"&nbsp;본&nbsp;산업동향 보고서는 농업기술실용화재단에서 작성하였으며,담당 연구원들의 개인적인 견해가 반영된 것으로서 재단의 공식적인 의견이 아님을 밝혀드립니다.&nbsp;&lt;유전자변형 농산물(종자) 시장&gt;&nbsp;&nbsp;2012년 유전자 변형 종자 시장규모는 141억 달러이다. 2017년까지 연평균 7.6%씩 성장하여 약 204억 달러의 시장규모를 기록할 것으로 예상된다. 2017년 10억 달러 이상의 시장규모를 형성할 것으로 예상되는 국가는&nbsp;&nbsp;&nbsp; 미국, 브라질, 아르헨티나,&nbsp;인도, 중국 등이며, 이 중 중국은 연평균 26.5%의 높은 성장률을 보일 것으로 기대한다.&nbsp;&nbsp;미국의 경우 옥수수(maize)가 가장 큰 유전자 변형 종자 시장을 형성하고 있으며, 대두, 목화 시장도 5억 달러 이상의 시장규모를 형성하고 있다.&nbsp;미국 내 옥수수(maize), 대두, 목화, 캐놀라, 사탕무 등의 유전자 변형 종자 시장은 포화상태로&nbsp;판단된다.&nbsp;&nbsp;브라질은 미국 다음으로 큰 유전자 변형 종자시장이며, 주요 작물은 대두, 옥수수(maize), 목화이다. 2012년 약 24억 달러의&nbsp;시장규모는 2017년 약 41억 달러에 이를 것으로 추정된다. 농업은 브라질 경제의 주요 동력이기 때문에 유전자 변형 작물은 브라질에서 매우 중요하다.&nbsp;&nbsp;유전자 변형 작물 조기 도입국인 아르헨티나 2017년 약 26억(CAGR 7.5%) 달러 시장규모 형성되었다. 주요작물 대두(약 13억&nbsp;달러), 옥수수(maize)(약 4억 달러), 목화(약 7천만 달러)이다. &nbsp;&nbsp;한편 종자 유전체 산업의 주요 업체로는 Syngenta, Monsanto, DuPont, Dow Chemical Company, Bayer CropScience, BASF 등이 있으며, 이들은 특허 등 지식재산권으로 강력한 진입장벽을 구축하고 있다.담당 : 기술동향분석센터 최우주 연구원 031-8012-7197",유전자변형종자 시장동향(최우주).pdf,http://www.fact.or.kr/action.do?action=farmtech%24file&seq=641&file_seq=1,2013.07.02,최우주,641,[FACT]유전자변형 농산물(종자) 시장,1172
"본 산업동향 보고서는 농업기술실용화재단에서 작성하였으며,담당 연구원들의 개인적인 견해가 반영된 것으로서 재단의 공식적인 의견이 아님을 밝혀드립니다.&nbsp;&nbsp;&lt;글로벌 바이오연료 효소 시장&gt;&nbsp;&nbsp;전 세계 바이오연료 효소의 시장규모는 2012년 약 6억 1,720만 달러이며,2017년까지 연평균 8.2%씩 성장하여 약 9억&nbsp;1,470만 달러에 이를 것으로 전망된다. 먼저 지역별로 살펴보면,현재 가장 큰 시장규모를 형성하고 있는 유럽은 연평균 5.4%씩 성장하여 2017년 약 2억 9,680만 달러의 시장규모를 형성할 것으로 보인다.&nbsp; 두 번째로 큰 시장규모를 형성하고 있는 북미시장은 연평균 10.6%씩 성장하여 2017년 3억 5,730만 달러로 유럽시장을 넘어 세계 최대 바이오연료 효소 시장 규모를 형성할 것으로 전망된다. 그 밖에 아시아 및 이머징마켓(멕시코,호주,뉴질랜드,아프리카 대륙)시장도 각각 7.2%,8.2%의 연평균 성장률로 1억 5,770만 달러,1억 290만 달러의 시장규모를 형성할 것으로 기대된다.&nbsp;&nbsp;또한 연료별로 살펴보면,현재 가장 큰 시장규모를 형성하고 있는 셀룰로오직 에탄올용 효소 시장이 2017년에도 5억 3,720만 달러로 가장 큰 규모를 형성할 것으로 보이며,그 뒤를 전분기반 에탄올용 효소,바이오디젤용 효소,바이오가스용 효소가 이을 것으로 전망된다.&nbsp;&nbsp;마지막으로 효소별로 살펴보면,바이오연료용 셀룰라아제 시장이 연평균 13.8%씩 성장하여 2017년 4억 1,210만 달러로 가장&nbsp;큰 시장규모를 형성할 것으로 보이며,그 외 자일라나제,리파아제 등도 많게는 18.8%에서 적게는 4.6%의 연평균 성장률을 보이며 시장규모가 확대될 것으로 보인다.&nbsp; 반면 아밀라아제의 경우 전분기반 에탄올의 수요가 감소될 것으로 전망되어 2017년까지 약 0.2%의 낮은 연평균 성장률을 보일 것으로 전망된다.&nbsp;한편,현재 바이오연료용 전체 효소 시장의 선도기업은 Novozymes으로, 아밀라아제,셀룰라아제,자일라나제 시장점유율의 82%,53.5%,48.5%를 차지 하고 있다. 그 외 리파아제 선도기업인 AB Enzymes,기타효소 시장 선도 기업인 Dupont, 그리고 Verenium,DSM 등의 기업들도 현재 바이오연료용 효소 시장의 대표적인 기업이다.담당 : 기술동향분석센터 엄인용 연구원 031-8012-7227",세계 바이오연료효소 시장동향분석(엄인용).pdf,http://www.fact.or.kr/action.do?action=farmtech%24file&seq=640&file_seq=1,2013.07.02,최우주,640,[FACT]바이오연료 효소 시장,848
"&nbsp; 세상을 바꿀 10가지 기술&nbsp;&nbsp;- 전자담배, 3D 프린팅, 모바일결제 등 다양한 분야에서 기술혁명 진행 중 -&nbsp;□ 10개의 테크놀로지가 미래를 주도한다&nbsp;&nbsp;○ 3D 프린팅&nbsp;&nbsp; - 기술 및 비즈니스 관련 웹사이트인 Business Insider에 따르면 최근 Citi 은행은 세상을 변화시키는 10개의 기술을 &nbsp;&nbsp;&nbsp;&nbsp; 선정해 발표함.&nbsp; - 이 중 하나인 3D 프린팅은 컴퓨터에 미리 입력된 입체 설계도에 맞춰 특수한 고분자 물질이나 금속가루를 잉크젯 &nbsp;&nbsp;&nbsp;&nbsp; 프린터에서 뿜어내면서&nbsp;&nbsp;&nbsp;&nbsp; 층층이 쌓은 후 자외선이나 레이저, 전자 빔을 쏘아 재료를 굳혀 원하는 제품을 제조하는 기술임.&nbsp; - 원자재 가격이 하락하고 사용하기 쉬운 소프트웨어가 개발되면서 더 복잡한 디자인의 제품을 3D 프린팅으로 제조하는 &nbsp;&nbsp;&nbsp;&nbsp; 것이 가능해졌으며, &nbsp;&nbsp;&nbsp; 시장전문가들은 가까운 미래에 제트엔진 부품의 50% 이상이 3D 프린팅으로 제조될 것으로 전망함.&nbsp; - 투자전문회사인 Wohlers Associates에 따르면 3D 프린팅시장은 현재의 35억 달러에서 2019년에는 65억 달러로 성장할&nbsp;&nbsp;&nbsp; &nbsp;전망임. 고품질을&nbsp;요구하면서도 소량 맞춤형 생산을 하는 분야에서 얼리어답터가 될 것으로 보임. 특히, 정형외과나 &nbsp;&nbsp;&nbsp;&nbsp; 치과 등 의료분야에서 3D 프린팅이&nbsp;초기에 도입될 것이라고 시장전문가들은 예상함.&nbsp;자료원: gizmag.com&nbsp;&nbsp;○ 전자담배&nbsp;&nbsp; - 전자담배(E-Cigarette)는 카트리지 안에 배터리로 가열되는 전기장치로 니코틴 액상을 태워 생기는 기체를 흡입하는&nbsp;&nbsp;&nbsp;&nbsp;방식의 담배임.&nbsp; - 몸에 해로운 타르 등 기존 담배보다 화학물질이 적은 것으로 알려졌으며, 니코틴 양도 흡연자가 조절할 수 있음. 또한, &nbsp;&nbsp;&nbsp;&nbsp; 일반 흡연 시 발생하는&nbsp;해로운 연기가 아닌 수증기를 내뿜게 돼 간접흡연 위험이 발생하지 않아 공공장소에서 사용할&nbsp;&nbsp;&nbsp;&nbsp; 수 있음.&nbsp; - 현재 전자담배가 담배 매출에 차지하는 비중은 극히 작지만, 점점 담배 관련 규제가 심해지면서 공공장소에서 흡연할&nbsp;&nbsp;&nbsp;&nbsp; 수 있다는 장점 때문에 향후 수년간 전자담배시장이 폭발적으로 성장할 것임.&nbsp; - 시장조사기관 Euromonitor에 따르면 미국 전자담배 소매판매는 2012년 기준 5억 달러로 전체 담배시장의 0.5%에 불과&nbsp;&nbsp;&nbsp;&nbsp; 하지만, 2013년에는10억 달러 규모로 급성장할 것으로 예상함.&nbsp; - 시티 은행은 향후 수년간 전자담배시장의 연간 성장률이 50%에 가까울 것으로 전망함.자료원: WSJ&nbsp;&nbsp;○ 유전체 해독 기술&nbsp;&nbsp; - 생물의 DNA 구성과 전체 유전자 정보를 분석하는 유전체학(Genomics)은 유전자 정보를 통해 그동안 치료할 수 &nbsp;&nbsp;&nbsp; 없었던 질병을 극복할 수 있기&nbsp;&nbsp;&nbsp;&nbsp; 때문에 혁신적인 기술로 평가됨.&nbsp; - 암 및 출생 전 검사, 동반진단(Companion Diagnostics, 다른 치료법이 얼마나 안전한지 검사하는 것) 등이 유전체&nbsp;&nbsp;&nbsp;&nbsp; (게놈) 정보의 주요 적용분야임.&nbsp; - 사람들의 유전체 정보를 읽어내며 그 차이를 밝혀내면서 게놈지도를 활용한 맞춤형 약을 만들 수 있어 알츠하이머&nbsp;&nbsp;&nbsp; 병, 루게릭병 등의 질병 치료가 가까운 미래에 가능해질 것으로 보임.&nbsp; - 한편, 유전자 해독 관련 약품 매출은 2015년까지 21억 달러로 2005년의 7억 달러보다 크게 증가할 것으로 예상함.&nbsp;&nbsp;&nbsp;○ 모바일결제&nbsp;&nbsp; - 태블릿PC나 스마트폰을 이용한 모바일결제는 일본에서는 전체 결제의 55%를 차지하며, 모바일기기 보급 확대에 &nbsp;&nbsp;&nbsp;&nbsp; 따라 미국에서도 빠른 속도로 이용이 증가하고 있음.&nbsp;&nbsp; - 전 세계적으로 현재 60억 개의 휴대전화가 사용되는 것으로 추정됨. 리서치업체인 IE Market Research Corporation&nbsp;&nbsp;&nbsp;&nbsp; 은 2016년까지 전 세계적으로 1조 달러 규모의 모바일결제가 이뤄질 것으로 전망함.&nbsp; - 구글, 마이크로소프트, 이베이 등 새로운 플레이어의 등장으로 모바일결제시장이 커지면서 각 산업에 미치는 효과가&nbsp;&nbsp;&nbsp;&nbsp; 클 것임. 또한,&nbsp;종전 카드회사와의 경쟁이 심해질 것으로 예상함.&nbsp;&nbsp;&nbsp;○ 에너지 추출기술&nbsp;&nbsp; - 수압파쇄공법(Hydraulic Fracturing), 수평시추기법(Horizontal Drilling), 해저시추기법Subsea Exploration)이 &nbsp;&nbsp;&nbsp; 도입되면서 전 세계 화석연료 공급이 크게 늘어날 것으로 보임.&nbsp; - 특히, 셰일가스의 추출이 가능해져 셰일가스 공급량이 확대되고, 이에 따라 천연가스 가격이 떨어지면서 운송업과&nbsp;&nbsp;&nbsp; 제조업 등 각종 산업에&nbsp; 미치는 긍정적 효과가 커짐.&nbsp; - 미국은 추출 가능한 전 세계 셰일가스 매장량의 13%를 보유하고 있어 해외 석유의존도가 이전보다 크게 낮아짐.&nbsp;&nbsp;○ 천연가스 자동차&nbsp; - 천연가스로 가동하는 자동차 보급이 확대될 것임. 이는 셰일가스 생산이 상용화되면서 천연가스 가격이 하락한 데&nbsp;&nbsp;&nbsp;&nbsp;기인함. 버스와 택시,&nbsp; 정부에서 천연가스 자동차의 구입을 확대할 것으로 예상함.&nbsp; - 리서치업체인 IHS는 천연가스 차량 생산 비중이 현재의 0.9%에서 2020년까지 전 세계적으로 1.1%를 차지할 것으로&nbsp;&nbsp;&nbsp;&nbsp; 전망함.&nbsp;&nbsp;○ 콘텐츠 스트리밍&nbsp;&nbsp; - 스트리밍 방식으로 콘텐츠를 즐기는 것이 보편화되면서 기존 지상파 및 케이블TV의 입지가 약해짐.&nbsp; - 미국에서 2012년 TV시청률은 2010년에 비해 1.2% 하락했으나 스트리밍방식으로 콘텐츠를 제공하는 Netflix 구독률은&nbsp;&nbsp;&nbsp;&nbsp; 같은 기간 70% 상승함&nbsp;&nbsp; - 인터넷 속도가 빨라지고 모바일기기 보급이 확대되면서 향후 더 많은 플레이어들이 방송시장에 진출할 것이며, 관련&nbsp;&nbsp;&nbsp; &nbsp;셋톱박스 매출이 증가할 것임.시장전문가들은 콘텐츠 보급방식에 근본적인 변화가 진행 중이라고 언급함.&nbsp;&nbsp;○ 서비스형 소프트웨어&nbsp;&nbsp; - 소프트웨어의 여러 기능 중 사용자가 필요로 하는 것만을 서비스로 제공해 이용할 수 있도록 한 소프트웨어로 SaaS&nbsp;&nbsp;&nbsp;&nbsp; (Software as a Service)로 불림.&nbsp; - 기존 사용자는 전체 소프트웨어를 다운로드받거나 오프라인 매장에서 구입해 필요한 기능은 물론 필요없는 기능까지&nbsp;&nbsp;&nbsp; &nbsp;요금을 지불해야 했음.&nbsp; - 그러나 서비스형 소프트웨어의 등장으로 소비자들은 서버상에서 작동하는 소프트웨어에서 필요한 기능을 선택해 &nbsp;&nbsp;&nbsp;&nbsp; 요금을 지불한 후 온라인상에서&nbsp; 이용할 수 있게 됨.&nbsp; - 대표적인 제품으로는 Google Apps, Microsoft 365, Amazon Web 서비스 등임. 리서치기관인 IDC에 따르면 SaaS&nbsp;&nbsp;&nbsp; 시장은 2012년에 180억 달러로 2009년의 80억 달러보다 31% 성장함.&nbsp;자료원: IDC&nbsp;&nbsp;○ 소프트웨어 정의 네트워크&nbsp;&nbsp; - 소프트웨어 정의 네트워크(Software Defined Network, SDN)는 하드웨어 기반의 데이터 전달기능과 소프트웨어 제어&nbsp;&nbsp;&nbsp;&nbsp; 기능이 결합된 기존의 스위치와 라우터에서, 제어기능을 분리해 중앙집중화시키고 네트워크의 트래픽을 소프트웨어 &nbsp;&nbsp;&nbsp;&nbsp; 기반 컨트롤러에서 제어하고 관리하는 기술을 의미함.&nbsp; - 이에 따라 각 스위치와 라우터에서 각각의 명령을 전달해 조절하는 대신 중앙에서 통신망을 쉽게 제어하고 관리할 수 &nbsp;&nbsp;&nbsp; 있어 데이터 트래픽의&nbsp;동적변화에 유연하게 대응할 수 있음.&nbsp; - IDC에 따르면 소프트웨어 정의 네트워크 시장규모는 2013년의 3억6000만 달러에서 2016년에는 37억 달러로 성장할 것임.&nbsp; - 시장전문가는 데이터 폭증 및 트래픽 변화 심화, 클라우드 컴퓨팅 확산 등이 소프트웨어 정의 네트워크 시장 확대의&nbsp;&nbsp;&nbsp;&nbsp;&nbsp; 요인이며, 기존 네트워킹업체인 Cisco 등과 IT 기업인 IBM, HP, Dell이 관련 투자를 늘리고 있다고 언급함.&nbsp;자료원: Businessinsider.com&nbsp;&nbsp;&nbsp;&nbsp;○ 태양광 기술&nbsp; - 솔라패널의 가격이 하락하면서 기존 전력과의 가격차이가 줄어 향후 보급이 확대될 것임.&nbsp; - 시티 은행에 따르면 전 세계적으로 2012년부터 2035년까지 솔라 관련 투자가 1조3000억 달러에 이를 것으로 예상하며, &nbsp;&nbsp;&nbsp; 이는 전 세계 에너지 투자의 13%에 해당함. 이에 따라 솔라패널 가격이 더욱 하락하면서 보급이 확대돼 전통적인 화석&nbsp;&nbsp;&nbsp; 연료를 대체하는 비중이 커질 것임.&nbsp;□ 시사점&nbsp;&nbsp;○ 국내 기업, 얼리어답터로서 경쟁에서 우위 차지해야&nbsp;&nbsp; - 국내 기업은 최신 트렌드를 계속 모니터링하면서 관련 사업을 발굴하고, 신제품을 개발해 미국 시장 진출을 타진할&nbsp;&nbsp; &nbsp;필요가 있음.&nbsp; - 얼리어답터로서 기술을 선도하고 변화에 적극적으로 적응해 경쟁에서 우위를 차지해야 함. RIM과 노키아 등 전통적인&nbsp;&nbsp; &nbsp;휴대전화 강자들이 스마트폰 관련 트렌드를 읽지 못해 애플과 삼성과의 경쟁에서 뒤처진 것은 얼리어답터의 중요성을&nbsp;&nbsp;&nbsp;&nbsp;보여주는 중요한 사례임.&nbsp;자료원: Business Insider, IDC, USA Today, LA Times, WSJ 등 현지 언론, 코트라 로스앤젤레스 무역관 자체 보유자료 종합&nbsp;&lt; 저작권자 ⓒ KOTRA &amp; globalwindow.org &gt;출처 : http://www.globalwindow.org/gw/overmarket/GWOMAL020M.html?BBS_ID=10&amp;MENU_CD=M10103&amp;UPPER_MENU_CD=M10102&amp;MENU_STEP=3&amp;ARTICLE_ID=5002523&amp;ARTICLE_SE=20302&nbsp;&nbsp;",2013.07.02,최우주,639,[KOTRA] 세상을 바꿀 10가지 기술,1038,[FACT]바이오연료 효소 시장,848
"&nbsp;&nbsp;어두운 한국 농업자재시장, 중국에서 빛을 발하다&nbsp;&nbsp;- 中 녹색식품 육성전략 적극 시행 -&nbsp;- 중국도 저렴한 것보다 효과&middot;효능 좋은 고품질로 &ndash;□ 중국의 유기농산물시장&nbsp;&nbsp;○ 한국 농업자재시장이 포화상태에 이르렀지만 중국시장은 급성장 추세여서 한국의 친환경 농업자재 업체가 중국 &nbsp;&nbsp;&nbsp;&nbsp; 진출에 관심을 보이고 있음.&nbsp;○ 중국도 값이 저렴한 제품보다는 효능&middot;효과가 좋은 고품질 자재를 더욱 선호함. 2010년부터 중국은 정부 차원에서&nbsp;&nbsp;&nbsp;&nbsp; 녹색식품 육성전략을 적극&nbsp;시행하면서 유기농산물 시장 규모가 해마다 20% 이상 성장함.&nbsp;□ 중국 농경지 상황&nbsp;&nbsp;&nbsp;○ 중국 공산당 기관지 광명일보(光明日報)에 따르면 중국 농경지 6분의 1에 해당하는 2000헥타르가 중금속에 오염&nbsp;&nbsp;&nbsp;&nbsp;&nbsp; 됐다는 연구결과가 나타남.&nbsp;&nbsp; - 환경보호부의 통계에 따르면 중국에서 중금속에 오염된 양곡이 매년 평균 1200만 통에 이르며, 이로 인한 경제적 &nbsp;&nbsp;&nbsp; 손실은 약 200억 위안 (1조8000억 원)으로 추산됨.&nbsp; - 지난 2007년 난징농업대학 부설 농업자원&middot;생태환경연구소에서 쌀 샘플 91개를 가지고 조사한 결과, 전국 6개 지역&nbsp;&nbsp;&nbsp;&nbsp; 에서 유통되는 쌀의 10%가량이&nbsp;카드뮴에 오염됐다는 연구결과가 최근에 뒤늦게 밝혀져 논란이 되고 있음.&nbsp;&nbsp; - 광저우 식품약품감독관리국에 따르면 학교 구내식당이나 시내식당에 사용하는 쌀에서 카드뮴 함량이 1㎏당 0.26&nbsp;&nbsp;&nbsp;&nbsp;&nbsp; &sim;0.93㎎으로 기준치 0.20㎎를 초과한 것으로 나타남.&nbsp;&nbsp; - 지난 17일 관리국은 광저우에서 유통되는 쌀 중 44.4%가 카드뮴 함량 기준을 초과했다고 밝힘.&nbsp;&nbsp;&nbsp;○ 온라인 공간에서는 중국당국과 기업을 비난하는 목소리가 확산되고 있으며, 중국 제품에 대한 신뢰성이 완전히&nbsp;&nbsp;&nbsp;&nbsp; &nbsp;하락함.&nbsp;&nbsp; - 안전한 제품을 사재기하기 위해 중국 외 지역에 가서 구매하는 사람도 늘고 있음.&nbsp;□ 우리 국내업체의 진출현황&nbsp;&nbsp;○ 한국친환경농자재협회에 따르면 이미 8개 회사가 중국에 진출한 상태이며, 10여 개사가 제품 등록 추진 중임.&nbsp;&nbsp; - 현재 FM애그텍에서 칼슘제제와 발근촉진제를 완제품과 원제상태로 수출 중이며, 고려바이오에도 올해 살균제&nbsp;&nbsp;&nbsp;&nbsp; 와 살충제 제품 등록을 완료함.&nbsp; - FM애그텍 정현석 사장은 &ldquo;중국 내에서 고부가가치 작물을 재배하는 농가를 중심으로 한국산 친환경 유기농 &nbsp;&nbsp;&nbsp;&nbsp; 자재에 높은 관심을 보이고 있다&rdquo;며&nbsp;&ldquo;매년 1~2개 제품을 신규 등록하는 등 적극적인 공략을 펼칠 계획&rdquo;이라고 밝힘.&nbsp;&nbsp;○ 현재 우리 국내업체의 총 수출액은 약 500만~1000만 달러로 아직은 시작단계에 불과함.&nbsp;&nbsp;□ 복잡한 절차, 제품 등록만 약 2~3년 소요&nbsp;&nbsp;○ '비료등기관리규칙'에 의거해 비료&middot;제품 등기는 두 가지 유형으로 구분됨.&nbsp;&nbsp; - 임시 등기: 경작지 실험을 거친 후 경작지 시범실험 및 시험 판매가 필요한 비료제품의 경우 생산자는 임시 등기를&nbsp;&nbsp;&nbsp;&nbsp;&nbsp;&nbsp;신청해야 함.&nbsp; - 정식 등기: 임시 등기증을 발급받은 후 경작지 시범실험과 시험 판매를 거쳐 정식 상품으로 유통될 수 있는 비료제품은&nbsp;&nbsp;&nbsp;&nbsp;&nbsp; 생산자는 정식 등기를 신청해야 함.&nbsp;&nbsp;○ 요구 자료&nbsp;&nbsp; - 임시 등기를 신청하는 경우, 신청인은 '비료임시&middot;정식등기신청표'를 작성하고 다음 아래에 열거하는 중문 자료(3부)를 &nbsp;&nbsp;&nbsp; 제출해야 함.&nbsp;&nbsp;&nbsp; ① 공상등록 증명문서, 생산기업의 기본상황 자료, 제품 및 생산공정의 개괄적 자료, 상표등록 증명, 지적재산권에 관한&nbsp;&nbsp;&nbsp;&nbsp;&nbsp; &nbsp;분쟁사실이 없음을 확인하는 성명서 등의 자료&nbsp;&nbsp; ② 외국 제품은 비료의 물리화학적 성상, 품질제어지표, 검사방법 및 기업이 위치한 국가(지역)의 공증기구가 공증한&nbsp;&nbsp;&nbsp;&nbsp;&nbsp;&nbsp;&nbsp;&nbsp;제품품질 보증증명&nbsp;&nbsp; ③ 제품 상표양식을 따른 제품 상표, 마크, 사용설명서&nbsp;&nbsp; ④ 경작지 실험 비료 표본에 대한 검사 측정보고서, 경작지 실험보고서, 사용방법과 작용기제의 연구보고서, 해당 국가&nbsp;&nbsp;&nbsp;&nbsp;&nbsp;&nbsp; (지역) 또는 기타&nbsp;국가(지역)에서의 비료효능 실험결과 보고서를 포함한 비료 효능구역 실험자료&nbsp;&nbsp; ⑤ 독성 보고서&nbsp;&nbsp; ⑥ 박테리아 안전감정 보고서&nbsp;&nbsp; ⑦ 잔류물 실험보고서, 잔류물 분석방법 자료, 작물 중에 포함된 대사(代謝) 자료, 기타 국가(지역)에서의 잔류물 실험에&nbsp;&nbsp;&nbsp;&nbsp;&nbsp; &nbsp;관한 데이터 자료를 포함한&nbsp;잔류물 실험 및 잔류물 검사 측정방법 자료&nbsp;&nbsp; ⑧ 비료 표본(이 중 독성 보고서와 박테리아 안전성 감정보고서는 등기 수속 당시에 등록수리기관에 관련기관이나 또는 &nbsp;&nbsp;&nbsp;&nbsp;&nbsp;&nbsp; 지정기관에 보내 처리하도록&nbsp;&nbsp;&nbsp;&nbsp;&nbsp; 위탁&nbsp;할&nbsp;수 있음. 잔류물 실험과 잔류물 검사측정방법 자료는 특별한 요구가 없으면 제출하지 않아도 됨.)&nbsp;&nbsp;&nbsp; - 정식 등기를 신청할 경우, 신청인은 '비료임시&middot;정식등기신청표'를 작성해야 하며, 다음에 열거하는 중문 자료(임시 등기&nbsp;&nbsp;&nbsp;&nbsp;&nbsp; 신청 시 상세한&nbsp;자료를 이미 제출한 경우에는 정식 등기 시 반복되는 자료에 대해 제출을 요구하지 않을 수 있음) 및 &nbsp;&nbsp;&nbsp;&nbsp;&nbsp; 비료제품 표본을 보충해 제출해야 함.&nbsp;&nbsp;&nbsp; ① 생산자 등록 증명자료, 생산기업의 기본 상황자료, 기타 국가(지역)에서의 새로운 등기사용 상황 보충을 포함한 생산자의&nbsp;&nbsp;&nbsp;&nbsp;&nbsp;&nbsp; &nbsp;기본상황 자료&nbsp;&nbsp; ② 제품 상표양식(마크와 사용설명서 포함)&nbsp;&nbsp; ③ 경작지 시범실험 비료 표본에 대한 검사 측정 보고서, 경작지 시범실험 보고서, 작용방식과 작용기제 연구 보고서, &nbsp;&nbsp;&nbsp;&nbsp;&nbsp;&nbsp; 해당 국가(지역)에서의 새로운 비료효능 시범실험 결과보고서를 포함한 비료의 효능 시범실험자료&nbsp;&nbsp; ④ 독성 보고서&nbsp;&nbsp; ⑤ 잔류물 실험 및 잔류물 검사측정방법 자료&nbsp;&nbsp; ⑥ 비료 표본&nbsp;&nbsp;○ 외국계 기업은 장벽이 높다는 점&nbsp; - 일부 등록규정이 변경될 때 공지사항처럼 미리 알려주는 절차가 미흡한 관계로 서류미비 등으로 곤혹스러운 상황이 &nbsp;&nbsp;&nbsp;&nbsp; 종종 생김.&nbsp; - 또, 외국계 기업에는 자국 기업보다 요구되는 자료가 추가적으로 있으며, 심사규정도 더욱 엄격하게 적용됨.&nbsp;&nbsp;&nbsp;○ 비용도 만만치 않음.&nbsp;&nbsp; - 고려바이오의 임근환 대리는 2개 제품을 등록하는 데 2년 동안 총 1억6000만 원이 소요됐다고 함.&nbsp; - 일부에서는 개별 현지인과 접촉해 중국 시장에 진출하려는 과정에서 과도한 수수료 요구를 하거나 사기를 당하는 등으로&nbsp;&nbsp;&nbsp;&nbsp;&nbsp;실패한 사례도 여러 번 있었음&nbsp;&nbsp;□ 전망 및 시사점&nbsp;&nbsp;○ 건강에 관심이 커 유기농 자재 매출에 영향이 클 것&nbsp;&nbsp; - 음식은 곧 건강과 직결돼 생명을 위협하는 위험요인이라는 의식이 강해지면서 사람들의 안전성에 대한 욕구는 높아지고&nbsp;&nbsp;&nbsp;&nbsp; 있으므로 유기농&nbsp;식품을 더욱 찾을 것&nbsp; - 식품부터 의류, 액세서리, 유아용품까지 유기농으로 제작된 제품들이 나타나면서 인기를 끌고 있음.&nbsp; - 마트에서도 유기농 야채코너를 별도로 마련한 모습을 종종 볼 수 있음.&nbsp;&nbsp;&nbsp;○ 중국의 많은 화학비료 사용, 농경지 중금속 오염, 카드뮴 과다 검출, 멜라민 파동, 가짜 유기농 사건 등 많은 논란이 나타&nbsp;&nbsp;&nbsp;&nbsp; 나면서 중국 비료에 대한 명성과 신뢰성이 완전히 하락한 상태임. 이에 수요 대부분을 수입에 의존함. 우리나라는 신뢰성&nbsp;&nbsp;&nbsp;&nbsp; 이&nbsp;&nbsp;특히 높은 나라이므로 농업자재 수출은 매우 유망한 품목임.&nbsp;&nbsp; - 고려바이오 해외영업본부 임근환 대리에 따르면 한국산 제품이 중국 현지 제품보다 0.5배가 비싸도 중국 농민의 선호도가&nbsp;&nbsp;&nbsp;&nbsp; 높아 품질로 승부하면 충분히 승산이 있다고 함.&nbsp;&nbsp;&lt; 저작권자 ⓒ KOTRA &amp; globalwindow.org &gt;&nbsp;출처 : http://www.globalwindow.org/GW/china/trade/product-indurstry-trend/overseamarket-detail.html?&amp;SCH_TYPE=SCH_SJ&amp;MENU_CD=M10116&amp;MODE=L&amp;SCH_CMMDY_CATE_CD=00000&amp;SCH_TRADE_CD=0000000&amp;ARTICLE_ID =5003268&amp;UPPER_MENU_CD=M10114&amp;BBS_ID=10&amp;SCH_VALUE=%EB%86%8D%EC%97%85&amp;MENU_STEP=3&amp;Page=1&amp;SCH_NATION_CD=000000&amp;SCH_START_DT=&amp;RowCountPerPage=10&amp;RowCountPerPage=10&amp;SCH_END_DT=#nolink",2013.07.02,최우주,638,"[KOTRA] 어두운 한국 농업자재시장, 중국에서 빛을 발하다",858,[FACT]바이오연료 효소 시장,848
"2013년도 기술사업화지원사업 자유응모과제 시행계획을 다음과 같이 공고합니다.□ 사업목적 : 농식품 R&amp;D를 통해 개발된 기술의 사장을 방지하고 산업화 단계로 진입할 수 있도록 사업화 기술개발 지원&nbsp;&nbsp;&nbsp;- 연구개발로 얻어진 우수기술의 산업화 촉진 및 중소기업의 기술경쟁력 제고□ 지원분야&nbsp;&nbsp;&nbsp;- 농식품 R&amp;D 7대 산업분야(생산시스템, 자원&middot;환경&middot;생태기반, 생산&middot;가공, 유통&middot;식품, 바이오, IBT융합, 문화 분야) 등에 &nbsp;&nbsp;&nbsp;&nbsp; 지원 예정□ 공고규모 : &rsquo;13년도 정부출연금 30억원 이내&nbsp;&nbsp;&nbsp;- 과제당 &rsquo;13년도 정부출연금 5억원 이내, 연구기간 3년 이내□ 공고기간 : '13. 6. 19.(수) ~ 7. 22.(월) 까지□ 접수기간 : '13. 7. 8.(월) 09:00 ~ 7. 22.(월) 18:00 까지□ 신청방법&nbsp;&nbsp;&nbsp;- 농림수산식품기술기획평가원 R&amp;D연구마당*에 접속하여 온라인 접수(우편, 인편접수 불가)&nbsp;&nbsp;&nbsp;&nbsp; * R&amp;D연구마당 : http://rnd.ipet.re.kr/ipetUsr/index.jsp&nbsp;&nbsp;&nbsp;- 신청절차 : R&amp;D연구마당 접속 &rarr; 로그인 &rarr; 과제접수 &rarr; 신청내용 입력 &rarr; 신청서류 업로드 &rarr; 접수완료 &rarr; 접수증 수령&nbsp;&nbsp;&nbsp; ※ 구비서류 및 온라인 작성사항이 다소 많으므로 미리 준비를 한 후, 신청마감일 18시까지 신청내용 입력(중간저장 가능),&nbsp;&nbsp;&nbsp;&nbsp;&nbsp; 제출서류 등록 및 접수를 완료하여야 함□ 사업목적 : 농식품 R&amp;D를 통해 개발된 기술의 사장을 방지하고 산업화 단계로 진입할 수 있도록 사업화 기술개발 지원&nbsp;&nbsp;&nbsp;- 연구개발로 얻어진 우수기술의 산업화 촉진 및 중소기업의 기술경쟁력 제고□ 지원분야&nbsp;&nbsp;&nbsp;- 농식품 R&amp;D 7대 산업분야(생산시스템, 자원&middot;환경&middot;생태기반, 생산&middot;가공, 유통&middot;식품, 바이오, IBT융합, 문화 분야) 등에 지원 예정□ 공고규모 : &rsquo;13년도 정부출연금 30억원 이내&nbsp;&nbsp;&nbsp;- 과제당 &rsquo;13년도 정부출연금 5억원 이내, 연구기간 3년 이내□ 공고기간 : '13. 6. 19.(수) ~ 7. 22.(월) 까지□ 접수기간 : '13. 7. 8.(월) 09:00 ~ 7. 22.(월) 18:00 까지□ 신청방법&nbsp;&nbsp;&nbsp;- 농림수산식품기술기획평가원 R&amp;D연구마당*에 접속하여 온라인 접수(우편, 인편접수 불가)&nbsp;&nbsp;&nbsp;&nbsp; * R&amp;D연구마당 : http://rnd.ipet.re.kr/ipetUsr/index.jsp&nbsp;&nbsp;&nbsp;- 신청절차 : R&amp;D연구마당 접속 &rarr; 로그인 &rarr; 과제접수 &rarr; 신청내용 입력 &rarr; 신청서류 업로드 &rarr; 접수완료 &rarr; 접수증 수령&nbsp;&nbsp;&nbsp; ※ 구비서류 및 온라인 작성사항이 다소 많으므로 미리 준비를 한 후, 신청마감일 18시까지 신청내용 입력(중간저장 가능), &nbsp;&nbsp;&nbsp;&nbsp;&nbsp;&nbsp;&nbsp; 제출서류 등록 및 접수를 완료하여야 함출처 : http://www.mafra.go.kr/list.jsp?id=29094&amp;pageNo=1&amp;NOW_YEAR=2013&amp;group_id=3&amp;menu_id=123&amp;link_menu_id=&amp;division=B&amp;board_kind=C&amp;board_skin_id=C2&amp;parent_code=3&amp;link_url=&amp;depth=1&amp;code=left&amp;link_target_yn=&amp;menu_introduction=&amp;menu_name=공지ㆍ공고&amp;popup_yn=N&amp;reference=1&amp;tab_yn=N",1. 2013년도 기술사업화지원사업 자유응모과제 시행계획 공고 6(130619).hwp,http://www.fact.or.kr/action.do?action=farmtech%24file&seq=637&file_seq=1,2013.07.02,최우주,637,[농림축산식품부] 2013년도 기술사업화지원 사업 자유응모과제 시행계획공고,806
"&nbsp;[농림축산식품부] 아프리카&middot;아시아 개도국에 한국 농업정책 수출&nbsp;이제는 세계 많은 국가가 우리나라의 선진농업농촌을 배운다. 농식품공무원교육원(원장 정일정)은 우리나라의 농업농촌정책과 발전사례 등을 배우고자 하는 아프리카아시아 개발도상국 중견공무원을 대상으로 「국제협력교육」을 추진한다고&nbsp;밝혔다.&nbsp;&nbsp;이번「국제협력교육」연수단은 회원국 중 아프리카-아시아 농촌개발기구(AARDO : Afro-Asian Rural Development&nbsp;Organization)의 14개국 의 농업(개발)분야를 담당하고 있는 중견공무원으로서 오는 6월 23일부터 7일간의 교육일정으로 우리나라의 농업성장 모델과 농업정책 등에 대한 벤치마킹의 기회를 갖게 된다.국제협력교육과정은 한국농업의 역사를 볼 수 있는 한국농정사를 시작으로 농촌지역개발과 기반정비, 식량증산, 협동조합정책 등 우리 농업의 발전과정과 정책에 대해 농식품부, 농촌진흥청, 한국농어촌공사, 한국농촌경제연구원(KREI), 농협 등 업무 관계자가 직접 강의하고,&nbsp;- 새만금간척지, 농가경영체(파프리카), 농업과학관, 삼성전자 방문 등 선진 농업과 산업현장시설을 직접보고 체험하는 형식으로 진행될 계획이다.&nbsp;교육원 관계자는 우리나라가 원조 수혜국에서 공여국으로 탈바꿈한 유일한 국가로서 아시아-아프리카 등 개발도상국의&nbsp;중견공무원에게 우리농업의 성장모델과 발전 노하우를 전수하는 것에 큰 의미를 두는 한편, 우리의 선진농업기술 전파 등을&nbsp;통해 저개발국의 빈곤문제 해결을 돕고, 한국의 위상을 높이는데 큰 기여를 할&nbsp; 것으로 기대한다고 밝혔다.&nbsp;또한, 국제협력교육 프로그램을 통해 국제협력교류 증진은 물론 장기적으로는 우리 농산물과 농자재 등의 수출 증대와 선진농업농촌개발 기술의 해외진출 확대에도 기여할 것으로 본다고 밝혔다.&nbsp;출처 : http://www.mafra.go.kr/list.jsp?&amp;newsid=155444735&amp;section_id=b_sec_1&amp;pageNo=1&amp;year=2013&amp;month=&amp;listcnt=5&amp;board_kind=C&amp;board_skin_id=C3&amp;depth=1&amp;division=B&amp;group_id=3&amp;menu_id=1125&amp;reference=2&amp;parent_code=3&amp;popup_yn=N&amp;tab_yn=N",05-2) 130620_06.21(금) 보도자료(조간)_(교육원)_한국 농업정책 수출(최종).hwp,http://www.fact.or.kr/action.do?action=farmtech%24file&seq=636&file_seq=1,2013.07.02,최우주,636,[농림축산식품부] 아프리카·아시아 개도국에 한국 농업정책 수출,581
"- 농촌관광, 농촌체험콘텐츠, 농산품디자인 등 실용화 자료 13종 제작 -&nbsp;&nbsp;농촌진흥청(청장 이양호)은 농업의 6차 산업화를 지원하기 위해 농촌관광마을과 농가에서 쉽게 활용할 수 있는 안내서, 소책자, 포스터 등 실용화 자료 13종을 제작&middot;배포한다고 밝혔다.&nbsp;&nbsp;이번에 제작한 13종의 자료는 농촌환경자원 연구사업으로 개발한 영농활용기술을 농업인과 지도사들이 쉽게 이해하고 활용할 수 있도록 농촌관광, 농촌체험콘텐츠, 농산품디자인, 농촌경관 등 모두 4가지 주제로 구성돼 있다.&nbsp;&nbsp;농촌관광 관련 자료는 초보 민박농가도 쉽게 이해할 수 있는 &lsquo;농가민박 사업은 이렇게&rsquo;, 확인해야 할 항목을 만들어 점검하는 &lsquo;농어촌 축제 만들기&rsquo;, 안전관리 요령을 수록한 &lsquo;농촌교육농장 안전 수칙&rsquo; 등 3종이다.&nbsp;&nbsp;농촌체험콘텐츠 개발 관련 자료는 3종으로 자원발굴부터 현장적용까지 제시한 &lsquo;역사와 문화로 꾸미는 우리 마을 스토리텔링&rsquo;, 소비자 분석 자료를 바탕으로 한 &lsquo;농가스토리와 지역자원을 활용한 팜파티 문화콘텐츠 개발 방안&rsquo;, 당산숲의 보전, 관리, 활용방안을 담은 &lsquo;당산숲 탐방길&rsquo; 등이다.&nbsp;&nbsp;농산품디자인 자료로는 디자인 전문가의 조언을 담은 &lsquo;향토상품 디자인 이렇게 바꿔라&rsquo;, 농가의 포장디자인 부담을 줄여 줄 &lsquo;쉽게 따라할 수 있는 라벨 만들기&rsquo; 등 2종이다.&nbsp;&nbsp;농촌경관 관련 자료는 정책부터 기술까지 알기 쉽게 다룬 &lsquo;아름다운 농촌경관 가꾸기&rsquo;, 추천 사례로 보는 &lsquo;농촌마을의 주요 공동시설의 리모델링 사례 활용&rsquo;, 농촌마을 길 조성 방침을 제시한 &lsquo;걷고 싶은 농촌마을 길 조성 방향&rsquo; 등 5종이다.&nbsp;&nbsp;이번에 제작한 실용화 자료는 도 농업기술원과 시군 농업기술센터를 통해 무료로 배부될 예정이며, 발간 수량 범위 안에서 농촌관광마을 추진위원장이나 희망 농가에도 배부할 계획이다.&nbsp;&nbsp;농촌진흥청 농촌환경자원과 안옥선 과장은 &ldquo;이번에 제작한 실용화 자료는 마을과 농가에서 농촌환경자원 관련 사업을 효과적으로 추진해 소득을 올리는데 도움이 될 수 있을 것으로 보인다.&rdquo;라며, &ldquo;앞으로도 마을, 농가의 소득증대를 위한 효과적 사업을 위한 다양한 자료를 계속해서 만들 계획이다.&rdquo;라고 말했다.&nbsp;[문의] 농촌진흥청 농촌환경자원과장 안옥선, 농촌환경자원과 정명철 031-290-0285출처 : http://www.rda.go.kr/board/board.do?mode=view&amp;prgId=day_farmprmninfoEntry&amp;dataNo=100000513564",2013.07.02,최우주,635,[농촌진흥청] 6차 산업화 위한 농촌자원 활용기술 여기 다 있네,878,[농림축산식품부] 아프리카·아시아 개도국에 한국 농업정책 수출,581
"[미래창조과학부] 창조경제 생태계조성 - 새로운 활력소 &lsquo;창조경제 비타민 프로젝트&rsquo; 추진 -&nbsp;정부는 창조경제의 핵심인 과학기술과 ICT를 접목해 새로운 활력을 불어넣는 &lsquo;창조경제 비타민 프로젝트&rsquo;를 추진한다.&nbsp;기계&middot;제조 등 성장한계에 부딪힌 주력산업의 경쟁력을 높이고, 농축수산업, 전통시장 등 전통산업에 새로운 부가가치를&nbsp;창출한다는 청사진이다. &nbsp;이를 위해 농업(A), 문화(C), 환경(E), 식품(F), 정부(G), 인프라(I), 안전(S) 등 각 분야별로 해결이 가능한 과제를 발굴&middot;추진한다.&nbsp;&nbsp; SW 기반 신산업 창출&hellip;펀드 조성해 콘텐츠 산업 제작&middot;창업 지원&nbsp;&nbsp;또 21세기 언어인 SW 교육을 강화하고 지역 특화산업과 연계한 SW융합 클러스터를 조성하는 한편, SW융합기술개발, SW정책연구소 설립 등도 적극 추진한다. &nbsp;보안 전문인력도 2017년까지 5000명 수준으로 양성하고, 모바일 보안 기술선점&nbsp;등을 통해 &lsquo;보안이 골칫거리인 나라에서 보안으로 먹고사는 나라&rsquo;로의 전환을 꾀한다.&nbsp;&nbsp;특히 &lsquo;디지털콘텐츠 코리아펀드&rsquo;(4000억원 규모)와 &lsquo;위풍당당콘텐츠코리아 펀드&rsquo;를 조성해 콘텐츠산업 제작&middot;창업을 지원한다. 이를 통해 우리에게 강점이 있는 음악, 영화, 게임, 애니메이션/캐릭터, 뮤지컬 등 5대 킬러콘텐츠와 디지털콘텐츠를 차세대 콘텐츠 산업으로 육성할 방침이다. 아울러 미래 유망 신산업 발굴&middot;육성을 통한 신시장도 개척한다.&nbsp;바이오&middot;의료, 나노, 환경 등 미래 유망분야 첨단 핵심기술 개발을 지원하고, 수출용 중형위성 및 신형원자로, 무인항공기&nbsp;개발 등 국가 대형 전략산업에 집중 투자할 계획이다.&nbsp;문의 : 미래창조과학부 미래성장기획팀 02-2110-2071, 기획재정부 신성장전략과 044-215-4550&nbsp;&nbsp;출처 : http://www.korea.kr/policy/economyView.do;JSESSIONID_KOREA=h2G3RnxXLVs8nQgXyTxLQBWQJh1sJQTh2x9bG22vx0S93FnGBDXV!152680569!1716896499?\newsId=148761901&amp;pageIndex=1",2013.07.02,최우주,634,"[미래창조과학부] 창조경제 생태계조성 - 새로운 활력소 ‘창조경제 비타민 프로젝트’ 추진 ",918,[농림축산식품부] 아프리카·아시아 개도국에 한국 농업정책 수출,581
"특허청, &rsquo;2012년도 지식재산백서&rsquo; 발간- 지식재산정책의 현황, 성과와 추진방향을 제시&nbsp; &nbsp;&nbsp;특허청(청장 김영민)은 2012년도 지식재산정책의 현황과 주요 성과를 정리하고 향후 지식재산정책의 추진방향을 담은 「2012년도 지식재산백서」를 발간하였다.&nbsp; &nbsp; 2012년 특허청은 창조경제의 근간이 되는 경쟁력 있는 지식재산권을 창출&middot;활용하고 보호를 강화하는 등의 지식재산 정책을 내실 있게 추진한 결과, 특허&middot;상표 등의 산업재산권 출원과 PCT 국제출원은 &lsquo;11년 대비 각각 6.8%(371,116건), 3.4%(11,846건) 증가하였다. 또한, 세계에서 가장 빠른 특허심사서비스(연평균 14.8개월)를 제공하였고, 심사품질 또한 국제적 수준으로 평가받아 심사서비스 해외수출도 지속적으로 증가하는 등 의미 있는 성과를 거두었다.&nbsp; &nbsp; 김영민 특허청장은 &lsquo;지식재산행정의 상세한 현황과 성과 등을 담은 동 백서를 통해 창조경제 시대에 점점 그 중요성이 더해가는 지식재산에 대한 국민들의 이해와 관심 이 제고되고, 지식재산정책에 대한 공감대가 확산되기를 바란다&rsquo; 고 밝혔다.&nbsp; &nbsp; 이번 백서는 ▲ 지식재산정책 개관 ▲ 세계 최고의 지식재산 서비스 체계 구축 ▲ 우수 지식재산의 창출&middot;활용 촉진 ▲ 親 지식재산 사회로의 전환 ▲ &lsquo;출원, 심사&middot;심판, 등록분야 동향 등&nbsp; 총 5편으로 구성되어 있다. &nbsp;「2012년도 지식재산백서」는 중앙행정기관 및 지방자치단체, 전국 대학 및 공공도서관, 언론사 등에 배포되어 지식재산정책의 방향과 성과를 이해하는데 유용한 자료로 활용될 것으로 기대된다. &nbsp;&nbsp; 동 백서는 특허청 홈페이지(www.kipo.go.kr, 정보마당-간행물-백서)를 통해 다운로드 받을 수 있으며,정부간행물판매센터(www.gpcbooks.co.kr)를 통해서도 구입할 수 있다.&nbsp;출처 :&nbsp;http://www.kipo.go.kr/kpo/user.tdf?a=user.news.press1.BoardApp&amp;board_id=press&amp;cp=4&amp;pg=1&amp;npp=10&amp;catmenu=m02_01_01_02&amp;sdate=&amp;edate=&amp;searchKey=&amp;searchVal=&amp;bunryu=&amp;st=&amp;c=1003&amp;seq=12492 &nbsp;",2013.07.02,최우주,633,[특허청] ‘2012년도 지식재산백서’발간,894,[농림축산식품부] 아프리카·아시아 개도국에 한국 농업정책 수출,581
"&nbsp;&nbsp;미래유망 소재&middot;부품 기술 발굴을 위한 기술수요조사&nbsp;안녕하십니까?&nbsp; &nbsp;산업통상자원부 R&amp;D사업 전담기관인 한국산업기술평가관리원은 2025년 시장 선도형(First Mover)소재,부품 R&amp;D 전략&nbsp;수립을 위한 사전기획 연구로 &quot;미래유망 소재, 부품 발굴을 위한 기술수요조사&quot; 를 수행하고자 합니다&nbsp; 본 조사는 향후 10년 이내 개발 또는 실현되어야 할 시장 선도형 핵심소재, 부품 기술을 선정하고 다양한 수요산업과 연계한 소재, 부품 R&amp;D 전략 수립을 위한 기초 자료 수집을 목표로 하고 있습니다.&nbsp;이번 기술수요조사에 향후 10년간 개발이 필요하거나 실현 될 것으로 예측되는 시장 선도형(First Mover) 소재 또는 부품&nbsp;기술을 제안하여 주시기 바랍니다. 전문가 여러분의 적극적인 참여와 협조를 부탁드리며, 귀하의 무궁한 발전과 건승을 기원합니다. 감사합니다.2013. 6.한국산업기술평가관리원장조사기간 : 2013.6.25(화) ~ 7.1(월)까지(7일간)문의처 : 비즈니스전략연구소(주) 송원섭, 김정기(042-864-5005) 출처 : http://www.keit.re.kr/article.do?psStep=view&amp;psPage=1&amp;bbsCD=notice&amp;shSearch=&amp;shKeyword=&amp;shCategoryCD=&amp;shUserID=&amp;gbn=03_31&amp;BIdx=76132",130625-survey.gif,http://www.fact.or.kr/action.do?action=farmtech%24file&seq=632&file_seq=1,2013.07.02,최우주,632,[한국산업기술평가관리원]미래유망 소재·부품 기술 발굴을 위한 기술수요조사,920
"2012 KHIDI 보건산업통계집입니다.Ⅰ. 보건산업총괄&hellip;1Ⅱ. 의약품산업&hellip;25Ⅲ. 의료기기산업&hellip;45 Ⅳ. 화장품산업&hellip;69Ⅴ. 식품산업&hellip;93Ⅵ. 고령친화산업&hellip;115 Ⅶ. 의료서비스산업&hellip;123 Ⅷ. OECD 보건통계&hellip;157 Ⅸ. 보건산업관련 주요 지표&hellip;177출처 : http://info.khidi.or.kr/kpublish/inv01list.do?mode=view&amp;no=738&amp;menuCd=21010002&amp;tab=01&amp;cpage=1&amp;searchItem=0&amp;searchKey=&amp;searchYear=0",2012+KHIDI+보건산업통계집.pdf,http://www.fact.or.kr/action.do?action=farmtech%24file&seq=616&file_seq=1,2013.04.02,최우주,616,[통계] KHIDI 보건산업통계집,860
"본 도시농업 산업동향 보고서는 농업기술실용화재단에서 작성하였으며,담당 연구원들의 개인적인 견해가 반영된 것으로서 재단의 공식적인 의견이 아님을 밝혀드립니다.목차&lt;시장동향&gt;제 1 장 조사 개요 제 1 절 조사 목적 제 2 절 조사 방법 및 범위 제 1 절 도시농업 정의 제 2 절 도시농업의 형성과정 제 3 절 도시농업 관련 법/정책 2.3.1. 도시농업의 육성 및 지원에 관한 법률 2.3.2. 농림수산식품부 &ldquo;도시농업 활성화 방안&rdquo;2.3.3. 국토해양부 &ldquo;건축물 녹화 설계기준&rdquo; 제 3 장 도시농업 유형별 현황 제 1 절 빌딩녹화 3.1.1. 빌딩녹화(옥상녹화, 벽면녹화) 개요 3.1.2. 국내 벽면녹화 현황 3.1.3. 국내 옥상녹화 현황 3.1.4. 해외 빌딩녹화 현황 제 2 절 식물공장 3.2.1. 식물공장 개요 3.2.2. 국내 식물공장 현황 3.2.3. 해외 식물공장 현황 제 4 장 결론 및 제언&lt;특허동향&gt;제 1 장 분석 개요 제 1 절 분석 배경 및 기준 1.1.1. 분석 배경1.1.2. 분석 기준 제 2 절 분석 범위 및 분석대상 특허, 분석대상 기술 1.2.1. 분석 범위 및 분석대상 특허 1.2.2. 분석대상 기술 제 2 장 동향분석 제 1 절 도시농업 분야 전체 특허 동향 2.1.1. 도시농업 분야 특허의 연도별 동향 2.1.2. 포트폴리오로 본 기술 분야의 위치 2.1.3. 도시농업 분야 특허의 국가별 동향 2.1.4. 전 세계 국가 별 주요 출원인 제 2 절 도시농업 분야 세부기술별/연도별 동향 2.2.1. 세부기술별/연도별 특허동향 2.2.2. 세부기술별 발전가능성제 3 절 주요출원인 동향 및 공동연구 2.3.1. 주요출원인의 국가별 특허현황2.3.2. 기술선도그룹 변화추이 2.3.3. 주요출원인의 역점분야 및 공백기술 제 4 절 도시농업 분야 세부기술별 특허동향 2.4.1. 가정원예(AA) 분야2.4.2. 식물공장(AB) 분야2.4.3. 옥상녹화(AC) 분야2.4.4. 벽면녹화(AD) 분야 ※참 고 문 헌 ※도시농업 분야 세부기술별 특허 리스트 문의기술동향분석센터 엄인용, 김수연&nbsp;연구원031-8012-7228,224",도시농업_산업동향분석[1].pdf,http://www.fact.or.kr/action.do?action=farmtech%24file&seq=615&file_seq=1,2013.01.29,최우주,615,[FACT]도시농업 산업동향 보고서,942
"본 농업로봇 관련 산업동향 보고서는 농업기술실용화재단에서 작성하였으며,담당 연구원들의 개인적인 견해가 반영된 것으로서 재단의 공식적인 의견이 아님을 밝혀드립니다.목차제 1 장 연구의 개요1. 연구배경 및 목적&nbsp;1.1. 연구배경&nbsp;1.2. 연구목적2. 연구방법 및 범위&nbsp;1.1. 특허동향 연구방법 및 범위&nbsp;1.2. 산업실태조사 연구방법 및 범위제 2 장 농업로봇 특허동향1. 농업로봇 기술 분야 한국특허 동향&nbsp;1.1. 농업로봇의 기술 분야별 연도별 특허동향&nbsp;1.2. 포트폴리오로 본 기술 분야의 위치&nbsp;1.3. 한국특허에서의 내외국인 연도별 특허 동향&nbsp;1.4. 주요 출원인2. 농업로봇 기술 분야 세부기술별 동향&nbsp;2.1. 기술 분야에 따른 특허점유율 및 특허출원 시계열 동향&nbsp;2.2. 세부기술별 포트폴리오3. 주요출원인 동향 및 공동연구&nbsp;3.1. 기술선도그룹 변화 추이 및 공동연구&nbsp;3.2. 기술별 출원인에 따른 역점분야 분석제 3 장 농업로봇 실태조사1. 국내 농업로봇 산업 현황 &nbsp;1.1. 국내 농업로봇 기업체 운영 현황&nbsp;1.2. 국내 농업로봇 생산현황 및 유통 &nbsp;1.3.&nbsp; 국내 농업로봇 시장규모&nbsp;1.4. 국내 농업로봇 수출？입 현황제 4 장 농업로봇 시장분석1. 시장평가&nbsp;1.1 종합평가&nbsp;1.2 향후 농업로봇 시장에 대한 전망&nbsp;1.3. 농업로봇 산업 활성화를 위한 문제점 및 개선사항&nbsp;1.4. 정부 지원 및 요청사항[참고] 해외 농업로봇 산업 현황&nbsp;1.1. 주요국의 농업로봇 시장규모 및 기업현황 &nbsp;1.2. 주요국의 농업로봇 주력분야&nbsp;1.3. 주요국 수출？입 현황&nbsp;1.4 해외 농업로봇 시장평가[부록] 특허요지리스트문의기술동향분석센터 최우주, 김수연 연구원031-8012-7197,7224",농업로봇산업동향보고서_기술동향분석센터.pdf,http://www.fact.or.kr/action.do?action=farmtech%24file&seq=614&file_seq=1,2013.01.29,최우주,614,[FACT] 농업로봇 관련 산업동향 보고서,769
"본 발효음료 관련 산업동향 보고서는 농업기술실용화재단에서 작성하였으며,담당 연구원들의 개인적인 견해가 반영된 것으로서 재단의 공식적인 의견이 아님을 밝혀드립니다.목차&nbsp;&lt;시장동향&gt;제 1 장 조사 개요제 1 절 조사 목적제 2 절 조사 방법 및 범위 제 2 장 산업 개요제 1 절 산업 정의 2.1.1. 발효유 정의2.1.2. 발효음료(식품공전) 정의2.1.3. 기타음료 정의제 2 절 산업 특징 제 3 장 시장 규모 제 1 절 발효음료(전체) 제 2 절 발효유 제 3 절 발효음료(식품공전) 제 4 절 기타음료 제 4 장 업계 동향 제 1 절 업체 동향 제 2 절 제품 동향 제 5 장 결론 및 제언 &lt;특허동향&gt;제 1 장 분석 개요 제 1 절 분석 배경 및 기준 1.1.1. 분석 배경1.1.2. 분석 기준제 2 절 분석 범위 및 분석대상 특허, 분석대상 기술 1.2.1. 분석 범위 및 분석대상 특허 1.2.2. 분석대상 기술제 2 장 동향 분석 제 1 절 발효음료 분야 전 세계 동향 2.1.1. 발효음료 관련 분야 연도별 동향 2.1.2. 포트폴리오로 본 기술 분야의 위치2.1.3. 한국특허에서의 내？외국인 특허 동향2.1.4. 전 세계 국가별 주요 출원인제 2 절 발효음료 분야 세부기술별 특허 동향 2.2.1. 세부기술별&middot;연도별&middot;구간별 특허 동향 2.2.2. 세부기술별 발전가능성2.2.3. 기술별 출원인에 따른 역점분야 분석 제 3 장 심층 분석 제 1 절 발효음료 중 &ldquo;기타발효 분야&rdquo; 특허 분석 3.1.1. 분석의 개요3.1.2. &ldquo;기타발효 분야&rdquo; 기술별 특허 동향 제 2 절 &ldquo;기타발효 분야&rdquo; 세부분류 별 특허 분석 3.2.2. 원재료별 활용 미생물 등 분석기타발효 분야 특허 리스트 - 한국 기타발효 분야 특허 리스트 - 미국, 일본, 유럽 문의사항 기술동향분석센터 엄인용, 김수연 연구원031-8012-7227,224",발효음료_산업동향보고서[1].pdf,http://www.fact.or.kr/action.do?action=farmtech%24file&seq=613&file_seq=1,2013.01.29,최우주,613,[FACT] 발효음료 관련 산업동향 보고서,1011
"본 보고서는 농업기술실용화재단 농업기술실용화재단에서 작성하였으며,담당 연구원들의 개인적인 견해가 반영된 것으로서 재단의 공식적인 의견이 아님을 밝혀드립니다.&lt; 국내 건강기능식품산업 시장동향&gt;작성자 : 기술동향분석센터 이현지 연구원031-8012-7125",20121120_11월매거진_동향분석_이현지_최종[1].pdf,http://www.fact.or.kr/action.do?action=farmtech%24file&seq=612&file_seq=1,2012.12.11,최우주,612,[FACT] 국내 건강기능식품산업 시장동향,1975
"본 보고서는 농업기술실용화재단 농업기술실용화재단에서 작성하였으며,담당 연구원들의 개인적인 견해가 반영된 것으로서 재단의 공식적인 의견이 아님을 밝혀드립니다.&lt; 국내 딸기생산 및 수출입 동향 &gt;작성자 : 기술동향분석센터&nbsp; 최우주 연구원031-8012-7197",20121022_매거진산업동향분석_국내딸기동향[최종].pdf,http://www.fact.or.kr/action.do?action=farmtech%24file&seq=611&file_seq=1,2012.12.11,최우주,611,[FACT]국내 딸기생산 및 수출입 동향,1295
"본 보고서는 농업기술실용화재단 농업기술실용화재단에서 작성하였으며,담당 연구원들의 개인적인 견해가 반영된 것으로서 재단의 공식적인 의견이 아님을 밝혀드립니다.&lt;국내 과실가공산업 시장동향&gt;작성자 : 기술동향분석센터 김혜원 연구원031-8012-7393",120920_국내_과실_가공산업_시장동향_동향분석센터_김혜원.pdf,http://www.fact.or.kr/action.do?action=farmtech%24file&seq=610&file_seq=1,2012.12.11,최우주,610,[FACT]국내 과실가공산업시장동향,1305
"본 보고서는 농업기술실용화재단 농업기술실용화재단에서 작성하였으며,담당 연구원들의 개인적인 견해가 반영된 것으로서 재단의 공식적인 의견이 아님을 밝혀드립니다.&lt;식품 및 식품첨가물 산업동향분석&gt;작성자 : 기술동향분석센터 엄인용 연구원031-8012-7228",120821_식품_및_식품첨가물_산업동향분석_엄인용.pdf,http://www.fact.or.kr/action.do?action=farmtech%24file&seq=609&file_seq=1,2012.12.11,최우주,609,[FACT]식품 및 식품첨가물 산업동향,1595
"한국농촌경제연구원에서 발간한 &lt;지식재산 조사 및 성과분석&gt;보고서 입니다.제 1 장 서론제 2 장 신지식재산의 개념 및 현황제 3 장 농업부문 신지식재산의 성과지표 분석제 4 장 농업부문 신지식재산 성과분석 방안제 5 장 요약 및 결론 농업부문에서 신지식재산은 명확하게 정립되진 않았지만 과학기술 및 사회의 발전에 따라 가변적인 개념으로써 품종보호, 특허, 지리적표시, 유전자원, 전통지식, 향토자원 등으로 구분할 수 있다. 최근 들어 신지식재산은 지식산업과 생명공학 산업의 기반으로 국제적인 핫이슈로 등장하고 있음에도 불구하고 국내에서는 이를 충분히 활용치 못하는 실정이다.현재 품종보호, 지리적표시, 전통지식, 유전자원 등 신지식재산에 대한 관심이 높아지고 있으나 국내에서는 신지식재산 분야에 대한 국가 재정 사업 및 그 성과를 파악할 수 있는 체계가 미흡하다. 이 연구는 농업분야 관련 신지식재산 분야의 분야별 재원배분 방향과 정책을 수립할 수 있도록 국가 개발 사업에 대한실태조사 분석 체계 확립과 관련 자료를 확보하는 것이다.출처 :&nbsp; http://www.krei.re.kr/kor/main.php",신지식재산 조사 및 성과분석.pdf,http://www.fact.or.kr/action.do?action=farmtech%24file&seq=608&file_seq=1,2012.10.05,최우주,608,[농업]지식재산 조사 및 성과분석,1522
"정부부처 연구개발 사업단 소개- 농생명바이오식의약 소재개발사업단 -1. 사업개요사 업 명 : 차세대바이오그린21사업사업기간 : 2011. 5. 1 ~ 2020. 12. 31 (10년)총사업비 : 1,087.6억원 (정부: 884.4억원, 민간: 203.2억원)주관부처 : 농촌진흥청□ 연구배경○ 건강하고 안전한 식품 및 기능성을 가진 식품 공급을 위한 차세대 기술수요 확대&shy; - 서구형 식습관으로 인하여 식품유래 질병, 만성질환, 환경성 질환 증가로 인해 건강, 안전, 안심에 대한&nbsp;&nbsp;&nbsp; 관심이 증가하고, 농식의약품 안전에 대한 이슈 대두됨○ 녹색 농생명바이오식의약 기술영역이 농식품 뿐만 아니라 의약품, 화장품, 기능성 식품 및 산업신소재&nbsp;&nbsp;&nbsp; 등의 분야로 대폭 확대될 전망&shy; - 농생물자원(작물&middot;미생물&middot;곤충)산물을 이용한 의약품, 기능성 식품, 화장품 생산은 향후 농업부문에의 파&nbsp;&nbsp;&nbsp; 급효과가 매우 클 것으로 기대○ 농축산물 산업의 대형화로 구제역 및 인수공통전염병의 광역화 위험요소 증가&shy; - 저농약, 친환경 관심 증대로 농작물 병해충관리, 질병예방, 기능성 식품 등 친환경 녹색성장 바이오사회&nbsp;&nbsp;&nbsp; 에 대응할 획기적인 신소재 개발이 필요○ 미래농업은 대단위 생산능력을 갖춘 기업형 농업으로 점점 더 발전&shy; - 생산성 향상을 위한 규모화, 비용절감을 위한 다양한 기술개발이 적극적으로 추진될 것으로 예상&shy; - 글로벌 경제화와 함께 정보통신기술(ICT)의 혁신은 유통？거래비용을 절감시키고 경쟁을 더욱 가속화시&nbsp;&nbsp;&nbsp; 키며, 농업부문도 경쟁에의 생존을 위하여 대형화, 기업화가 이루어질 전망○ 기후(climate)변화는 작물 재배 환경의 적합성 변화를 초래&shy; - 물 부족, 이상기온 등으로 작황에 크게 영향을 끼칠 수 있음. 또한 기후변화에 의해서 영양요소, 토양의&nbsp;&nbsp;&nbsp;&nbsp; 유기성분, 미생물？곤충 등의 생태환경변화 등이 이루어지고 식물과 동물을 어떻게 보호할 것인가가 주&nbsp;&nbsp;&nbsp; 요 관건이 될 수 있음&nbsp;□ 연구개발의 필요성○ 우리나라 농산업의 경쟁력 제고와 지속적인 발전을 위한 국가단위핵심기술 필요&shy; - 먹거리 중심의 농식품업에서 고부가 농식의약소재산업으로의 영역확대가 불가피 &shy; - 작물, 미생물 및 곤충산물을 이용한 의약용, 향장품용, 기능성 식품용 등의 농생명 신소재 발굴이야말로&nbsp;&nbsp;&nbsp; 국가 미래성장의 원동력이며 우리나라가 국제 농산업시장을 선점할 수 있는 차세대 국가핵심기술임 &shy; - 최근 FTA 등으로 인해 농업분야의 경쟁력 강화가 필요한 시점에 고부가가치 농생명바이오식의약소재&nbsp;&nbsp;&nbsp; 의 현장적용 기술개발을 통한 실용화가 필요○ 세계 경쟁시장에서의 경쟁력 우위를 차지할 수 있는 차별화된 신소재기술개발이 필요&shy; - 1987년 물질특허제도 도입 및 생물다양성협약 등으로 인하여 전세계는 생물소재 확보로 인한 전쟁 중&nbsp;&nbsp;&nbsp; 에 있다고 해도 과언이 아님&shy; - 이미 농생명바이오식의약소재개발 기술은 선진국들이 선점하고 있어 우리나라 고유의 다양한 생리활성&nbsp;&nbsp;&nbsp; 을 가진 농생명바이오식의약소재 확보의 필요성이 대두됨 &shy; - 고부가가치의 농생명바이오식의약소재개발을 위해서는 활성물질의 활성 최적화 및 대량생산 기술 개발&nbsp;&nbsp;&nbsp; 이 필수적임 &shy; - 우리나라의 고급 인적자원과 수 천년 동안 축적되어온 천연물 유래 농생명바이오식의약소재 관련 연구&nbsp;&nbsp;&nbsp; 가 블루오션 전략으로 대두됨○ 국제적인 식량 위기, 환경 문제, 국민 보건 등의 대안으로 농생명바이오식의약 소재의 실용화 확산&shy; - 새로운 친환경 녹색성장기술 개발로 국가 식량 위기 대처 및 농촌경제 활력 증진을 위한 친환경 농산업&nbsp;&nbsp;&nbsp; 육성&shy; - 미래 신성장 동력사업으로 부상되고 있는 기능성식품산업의 주역이 될 농생명바이오식의약 소재 개발&nbsp;&nbsp;&nbsp; 및 산업화 기술에 대한 수요 급증 ○ 농산업의 BT, NT, ET 등 첨단 기술의 융&middot;복합기술 개발이 필요&shy; - 단순한 1차 가공 기술에 나노 접목기술 및 융？복합 공정기술 도입으로 시너지 효과 극대화(BT/NT/ET&nbsp;&nbsp;&nbsp; 융&middot;복합 공정기술 활용 기능성신소재의 효용성 증대)&shy; - 새로운 시장개척을 위한 농생물자원(작물&middot;미생물&middot;곤충) 활용 기술&shy; - 다양한 농생물자원(작물&middot;미생물&middot;곤충)시스템을 이용한 사료첨가물, 기능성 식품소재, 화장품소재, 의약&nbsp;&nbsp;&nbsp; 소재 및 산업용소재 개발 등 다방면에 응용이 가능한 연구 필요&nbsp; 2. 사업업목표3. 추진전략 및 추진체계4. 주요 연구성과 (사업단 핵심 연구과제의 '12년 주요성과)5. 세부과제현황6. 기대효과 및 파급효과출처 : http://www.bioin.or.kr/&nbsp;",농생명바이오식의약개발사업단.pdf,http://www.fact.or.kr/action.do?action=farmtech%24file&seq=607&file_seq=1,2012.09.03,최우주,607,[연구개발]농생명바이오식의약 소재개발사업단,1359
"농림수산식품기술기획평가원에서 발간된 '기술보증제도 현황 및 활용방안'에 대한 보고서입니다.1. 기술여건의 변화와 미래 농업기술2. 농업금융의 현황3. 농림어업 기술금융4. 기술금융 개선방안5. 결론출처 :&nbsp;http://www.ipet.re.kr/Material/researchLV.asp",기술보증제도 현황 및 활용방안[1].pdf,http://www.fact.or.kr/action.do?action=farmtech%24file&seq=606&file_seq=1,2012.08.08,최우주,606,[정책]기술보증제도 현황 및 활용방안,1198
"생명공학연구정책센터에서 발간한 &lt;특허정보 기반의 바이오 연구 트렌드 분석 및 미래유망 연구테마 도출&gt; 보고서 입니다.&nbsp;1. 분석 개요&nbsp; 가. 분석의 배경 및 필요성&nbsp; 나. 국내 선행연구 조사&nbsp; 다. 분석의 목적&nbsp;2. 분석 방법&nbsp; 가. 1단계 : 바이오 분야 전반적 연구동향 분석을 위한 텍스트 마이닝&nbsp;&nbsp;&nbsp; 1) 분석대상 선정&nbsp;&nbsp;&nbsp; 2) 특허 검색&nbsp;&nbsp;&nbsp; 3) 텍스트 마이닝 분석&nbsp; 나. 2단계 : 바이오 주요 기술분야별 특허 텍스트 마이닝&nbsp;&nbsp;&nbsp; 1) 주요 기술분야별 분석대상 선정&nbsp;&nbsp;&nbsp; 2) 텍스트 마이닝 분석&nbsp; 다. 제한점&nbsp;3. 분석 결과&nbsp; 가. 텍스트 마이닝 분석에 의한 전반적인 바이오분야 기술개발 동향분석&nbsp;&nbsp;&nbsp; 1) 연도별 미국특허청 특허등고선으로 살펴본 글로벌 특허동향&nbsp;&nbsp;&nbsp; 2) 연도별 한국특허청 특허등고선으로 살펴본 국내 특허동향&nbsp; 나. 텍스트 마이닝 분석에 의한 주요 바이오 기술분야별 동향분석&nbsp;&nbsp;&nbsp; 1) 연도별 특허등고선을 통해 살펴본 생물신약 분야의 연구동향&nbsp;&nbsp;&nbsp;&nbsp;&nbsp; 가) 미국특허청 출원 및 등록 특허동향&nbsp;&nbsp;&nbsp;&nbsp;&nbsp; 나) 한국특허청 출원 및 등록 특허동향&nbsp;&nbsp;&nbsp; 2) 연도별 특허등고선을 통해 살펴본 미생물&middot;효소&middot;유전공학 분야의 연구동향&nbsp;&nbsp;&nbsp;&nbsp;&nbsp; 가) 미국특허청 출원 및 등록 특허동향&nbsp;&nbsp;&nbsp;&nbsp;&nbsp; 나) 한국특허청 출원 및 등록 특허동향&nbsp;&nbsp;&nbsp; 3) 연도별 특허등고선을 통해 살펴본 신규동물 분야의 미국 특허동향&nbsp;&nbsp;&nbsp; 4) 연도별 특허등고선을 통해 살펴본 진단시약 분야의 한국 특허동향&nbsp;4. 바이오 분야 연구개발에 대한 시사점&nbsp; 가. 바이오 분야 기술개발 트렌드 및 주요 연구테마 변화&nbsp; 나. 미래유망 연구테마 도출&nbsp; 다. 정책적 시사점 도출&nbsp;5. 참고문헌출처&nbsp; :&nbsp; http://www.bioin.or.kr/board.do?num=228463&amp;cmd=view&amp;bid=tech_rep&amp;cate1=&amp;s_key=&amp;s_str=&amp;page=1&amp;sdate=&amp;edate=&nbsp;&nbsp;",총서181권_특허정보_기반_바이오_연구_트렌드_분석.pdf,http://www.fact.or.kr/action.do?action=farmtech%24file&seq=605&file_seq=1,2012.08.01,최우주,605,[특허]특허정보 기반의 바이오 연구 트렌드 분석 및 미래유망 연구테마 도출,883
"한국지식재산연구원에서 발간한 지식재산정책-산업정책으로서의 표준특허 전략의 방향성 입니다.1. 들어가며2. 산업정책의 레벨과 방향성을 결정하는 요소3. 표준특허전략의 딜레마4. 바람직한 표준특허전략의 방향성 모색5. 맺음출처 http://www.kiip.re.kr&nbsp;",지식재산정책_11호_표준특허전략방향성.pdf,http://www.fact.or.kr/action.do?action=farmtech%24file&seq=604&file_seq=1,2012.07.23,최우주,604,"[정책]산업정책으로서의 표준특허 전략의 방향성 ",863
"한국지식재산연구소에서 발간한 &lt;나고야 의정서와 생명공학 중소기업&gt;에 관련된 보고서입니다.목차유전자원에 대한 국제적 보호세계 유전자원 이용 현황 및 관련 분쟁 사례나고야 의정서에 대한 인식 및 영향 예측유전자원에 대한 보호체계 하에서 필요한 정부 지원책주요 시사점참고자료출처 : http://lib.kiip.re.kr/bbs/content/3_1901",나고야_의정서와_생명공학_중소기업_한국지식재산연구원.pdf,http://www.fact.or.kr/action.do?action=farmtech%24file&seq=603&file_seq=1,2012.07.03,최우주,603,나고야 의정서와 생명공학 중소기업,914
"바이오안전성정보센터에서 제공하는 유전자변형생물체 연구/개발 동향 2012년 3월~5월 자료입니다.첨부파일을 참고하십시오.출처 http://www.biosafety.or.kr/bbs/mboard.asp?exec=view&amp;strBoardID=bsn_003&amp;intPage=1&amp;intCategory=0&amp;strSearchCategory=|s_name|s_subject|&amp;strSearchWord=&amp;intSeq=64667&nbsp;",바이오안정성_유전자변형생물체연구동향_3-5월[1].pdf,http://www.fact.or.kr/action.do?action=farmtech%24file&seq=602&file_seq=1,2012.06.19,최우주,602,[유전자] 유전자변형생물체 연구/개발 동향,927
"한국바이오안전성정보센터에서 제공하는 중국의 바이오안전성 동향은 중국 일간지 및 관련 사이트에 게재된 GMO 및 바이오안전성에 관한 기사요약입니다. &nbsp;■ 중국 바이오안전성 동향 &lt;2012년 1~3월&gt; &nbsp;1. 윈남농업대, GM복제돼지 성공적 육성 (2/4)2. 주요 식량품종에 독단적 유전자변형기술 사용 금지 (2/23) 3. 중국 GMO원료 반입 금지 및 애완동물 1인당 한 마리로 제한&nbsp;(2/26)4. 중국 제2세대 GM면화연구 국제발명특허 보유 (3/21)5. &lsquo;YongHe 검은콩두유(永和黑豆？)&rsquo;에서 GMO성분 검출 (3/30)출처 http://www.biosafety.or.kr/bbs/mboard.asp?exec=view&amp;strBoardID=bsn_003&amp;intPage=1&amp;intCategory=0&amp;strSearchCategory=|s_name|s_subject|&amp;strSearchWord=&amp;intSeq=64729",중국바이오안전성월별동향(2012년_1-3월)[1].pdf,http://www.fact.or.kr/action.do?action=farmtech%24file&seq=601&file_seq=1,2012.06.19,최우주,601,[중국] 중국 바이오안전성 동향,916
"한국과학기술정보연구원에서 제공한 '식물 오일 생산을 규제하는 메커니즘의 규명'입니다.미국 에너지부(DOE; U.S. Department of Energy) 산하 브룩 헤이븐 국립 연구소(Brookhaven National Laboratory) 소속의 과학자들은&nbsp;식물이 지방산(fatty acid) 생산을 제한하기 위하여 이용하는 생화학 메커니즘의 핵심 요인을 규명했다. 연구 결과는 이러한 방식이 과학자들로 하여금 바이오연료와 산업용 공정을 위한 재생 가능한 자원으로 식물 오일의 생산을 증가시키기 위한 생화학 경로를 타깃으로 할 수 있다고 제안했다. &nbsp;현재 연구진은 이러한 시스템이 어떻게 운영-어떻게 식물이 충분한 오일을 만든다는 것을 인식하고 생산을 낮추는지-되는지 규명했으며, 연구진이 식물이 더 많은 오일을 만들 수 있도록 피드백 루프를 파괴하는 방안을 찾을 수 있다고 이 논문을 주도한 브룩 헤이븐 국립 연구소 소속의 생화학자인 John Shanklin은 밝혔다. 동 연구는 2012년 6월 4일 미국 국립과학원회보(PNAS; Proceedings of the National Academy of Sciences)에 게재됐다. &nbsp;유사한 생화학 피드백 루프는 살아 있는 유기체에서 광범위한 대사 공정을 규제한다. 생화학 피드백 루프는 당신의 가정에서 상대적으로 일정한 온도를 유지하는 온도계와 유사한 방법으로 작동한다. 너무 따뜻해 질 때, 난방 시스템은 온도가 설정된 지점으로 떨어질 때까지 꺼지고 시간이 되면 다시 작동한다. &nbsp;식물 오일 생산을 위하여 존재하는 이러한 피드백 시스템에 힌트가 있다고 세부적으로 알려지지 않은 복잡한 생화학을 규명하는 연구를 고안 및 수행하는 노스캐롤라이나 주(North Carolina)에 본사를 두고 있는 식물 생명 공학 기업인 바스프 플랜트 사이언스(BASF Plant Science)사의 전 박사 후 연구 과정인 Carl Andre는 밝혔다. &nbsp;지방 종자(oil seed)가 매우 작기 때문에 성장 중인 지방 종자를 연구하는 것은 어렵다고 Shanklin은 설명했다. 따라서 과학자들은 종자에서 어떤 일이 일어나는지 시뮬레이션 하기 위하여 식물 배아 세포 배양(plant embryo cell culture)을&nbsp;이용한 생화학적 테스트를 수행했다. &nbsp;브룩 헤이븐에 있는 Radiotracer Chemistry and Biological Imaging 그룹의 도움으로,&nbsp;Andre는 오일 생산으로 이어지는 대사 경로에 따라 중간물질로 생성되는 지방산의 형성에 라벨을 부착했다.&nbsp;그는 식물 세포 배양을 위하여 이러한 지방산을 성장시켜 라벨이 부착된 대사물질을 측정했다. 또 연구진은 오일 생산을 방해하는 중간 생성물(intermediate)을 추가하여 관찰했다. &nbsp;Andre의 연구는 오일 생산에 제동을 가하는 핵심적인 중간물질로 운반 단백질(carrier protein, 물에서 용해되는 오일이 함유된 물질로 만드는데 필수적인 물질)과 함께 생성 공정에서 상당히 늦게 발생하는 지방산에 집중하여 수행됐다.&nbsp;이것은 두 개의 탄소 원자 사이의 이중 결합을 지닌 첫 번째 지방산에 이후 이러한 고리에 모두 18개의 탄소 원자가 부착되어 이루어진 최초의 포화 지방산이다. &nbsp;이후 이러한 중간 생성물은 둔화 신호(slow-down signal)를 보내는 것으로 알려져 있으며,&nbsp;연구팀은 이러한 과정이 실제로 오일 합성을 어떻게 방해하는지를 결정하는 방법을 찾았다. 연구진은 이러한 목표 물질이 합성 경로 초기에 효소가 될 수 있다는 사실을 다른 생화학적 피드백 루프로부터 확인했다. 그러나 연구진은 정확한 경로를 규명하기를 원했다. &nbsp;정확한 경로를 규명하기 위하여, 연구진은 한 번에 탄소의 방사성 형태의 중간물질에 라벨을 부착함으로써 생성 공정을 모니터링 하는 한편, 과도한 둔화 신호를 주는 지방산의 세포를 성장시켰다. 만약 중간물질로부터의 라벨이 오일 생성을 중단한다면, 둔화 신호는 그 단계 이전에 효과를 나타내야만 한다. &nbsp;최초의 두 실험이 연구진에게 답을 제공했다. 연구진이 합성 경로에서 첫 번째 화합물인 아세트산염(acetate)에 라벨을 부착했을 때, 오일에서 사라진 라벨이 부착된 탄소는 거의 없었으며, 오일 생산이 상당히 억제됐다. 그러나 만약 라벨이 부착된 두 번째 화합물인 말론산(malonate)이 주입된다면, 라벨이 부착된 탄소는 오일로 신속하게 유입된다. &nbsp;이러한 결과로부터 우리는 합성 공정에서 최초의 포화 지방산의 축적이 아세트산염에서 말론산으로 전환되는&nbsp;첫 단계에서 운영되는 효소를 방해한다는 결론을 얻었다고 Shanklin은 밝혔다. 해당 효소는 ACCase(Acetyl-CoA carboxylase)이었다. 다음 단계는 조직 배양 추출과 실험 튜브에서 ACCase 활성을 직접적으로 측정하는 것이었다.&nbsp;의심되는 둔화 신호의 추가는 신호와 신호의 목표 사이의 독립적인 증거를 정확하게 규명했다. &nbsp;종자에서 운영되는 이러한 피드백 메커니즘을 수립하는 것은 세포 배양 구성에서 이상한 일만은 아니라고 공정을 테스트하기 위하여 성장 중인 캐놀라 배아를 분리한 과학자들은 밝혔다. 이것은 정확하게 동일한 방법으로 작동했다고 Shanklin은 밝혔다. 오일 생산 피드백 메커니즘의 세부적인 기술과 함께, Shanklin 연구팀은 현재 어떻게 이 공정을 방해할 수 있는지를 조사하고 있다. http://mirian.kisti.re.kr/출처 :&nbsp;",2012.06.11,최우주,600,[기술]식물 오일 생산을 규제하는 메커니즘의 규명,963,[중국] 중국 바이오안전성 동향,916
"한국과학기술정보연구원에서 작성한 식품분야 항산화능 측정기술의 최신 동향 입니다.첨부파일 확인바랍니다.",식품분야에서 항산화능 측정기술의 최신동향.[1].pdf,http://www.fact.or.kr/action.do?action=farmtech%24file&seq=599&file_seq=1,2012.06.11,최우주,599,[기술]식품분야에서 항산화능 측정기술의 최신동향,1462
"한국농촌경제연구원에서 발간한 &lt;글로벌 종사 산업&gt; 보고서입니다.세계적으로 확대되고 있는 종자산업의 규모와 현황에 대해 살펴보았다.1. 글로벌 종자 산업 개요 2. 글로벌 종자산업의 최신 트렌드3. 글로벌 종자기업의 전략4. 선진국 종자산업 동향 5. 우리 종자산업에의 시사점 ",글로벌 종사 산업_KREI.pdf,http://www.fact.or.kr/action.do?action=farmtech%24file&seq=598&file_seq=1,2012.05.24,최우주,598,[종자]글로벌 종자 산업,1593
"농림수산식품부에서 발간한 &lt;농어촌기업 제품 판매 할성화를 위한 유통체계 구축 방안&gt; 입니다.1.연구의 개요2. 농어촌기업 개념 및 현황3. 농어촌기업 실태조사4. 기존 유통현황 및 마케팅 활용전략5. 농어촌기업 신 유통체계 구축6. 농어촌기업인협회 역할 모색7. 결론 및 정책적 제언출처 : 농림수산식품부&nbsp;",농어촌기업 제품 판매 활성화를 위한 유통체계 구축방안_농림수산식품부.pdf,http://www.fact.or.kr/action.do?action=farmtech%24file&seq=597&file_seq=1,2012.05.14,최우주,597,[정책]농어촌기업 제품 판매 활성화를 위한 유통체계 구축 방안,1452
"KREI에서 발간한 세계농업 제 140호입니다.1. 해외 농업 농정 동향2. 해외 농업농정 포커스3. 세계 농식품산업 동향4. 국가별 농업자료5. 세계농업 브리핑출처&nbsp;&nbsp; http://www.krei.re.kr/kor/info/news_view.php?cpage=1&amp;reportid=M45-140&amp;&amp;&amp;nk_code=N0001",KREI_세계농업(4월호).pdf,http://www.fact.or.kr/action.do?action=farmtech%24file&seq=596&file_seq=1,2012.05.03,최우주,596,세계농업 제140호,1205
"SERI에서 발간한 통계로보는 지식재산서비스 보고서 입니다.1. 지식서비스산업 사업체 수(2007~2009) 0052. 지식서비스산업 종사자 수(2007~2008) 0063. 지식서비스산업 매출액(2007~2008) 0074. 산업별 성장률 추이(2001~2009) 0085. 산업별 성장 기여도 - 분기별(2007~2009) 0086. 산업별 성장률 기여도 - 연간(2001~2009) 0097. 산업별 생산 유발계수 0098. 서비스업 생산 유발계수 0109. 산업별 생산활동에 대한 중간투입비중 추이 01010. 서비스업 부문별 생산활동에 대한 중간투입비중 추이 01111. 산업별 부가가치 유발계수 01112. 서비스업 부가가치 유발계수 01213. 전체 취업자 수(2004~2009) 01214. 산업별 취업자 수(2004~2009) 01315. 국제수지 추이(2000~2008) 01316. 서비스 국제 수지 추이(2000~2008) 01417. 세부 내역별 서비스 수지(2000~2008) 01418. 전세계 지역별 서비스 수출(1998~2008) 01519. 전세계 주요국 서비스 수출 01620. 전세계 지역별 서비스 수입 01721. 전세계 주요국 서비스 수입 01822. 주요국 서비스산업의 총 부가가치 비중 01923. 서비스산업의 세부업종 총 부가가치 비중(2007) 01924. 서비스산업의 세부업종 총 부가가치 비중(1997) 02025. 서비스산업의 세부업종 고용 비중http://www.seri.org/fr/fPdsV.html?fno=218563&amp;menucode=0499&amp;gubun=0&amp;no=000017&amp;tree=N",통계로 보는 지식서비스[SERI].pdf,http://www.fact.or.kr/action.do?action=farmtech%24file&seq=595&file_seq=1,2012.04.23,최우주,595,[특허]통계로보는 지식재산서비스,628
"지식경제부에서 발간한 신성장 동력산업 성공열전 입니다.목차녹색기술분야첨단융합분야고부가서비스분야무역 1조불 달성의 주역들산업융합의 숨은 고수들소프트 파워로 천하통일을 꿈꾸는 루키들http://www.mke.go.kr/info/periodical/publishView.jsp?seq=585&amp;pageNo=1&amp;srchType=1&amp;srchWord=",신성장동력_산업_성공열전[지식경제부].pdf,http://www.fact.or.kr/action.do?action=farmtech%24file&seq=594&file_seq=1,2012.04.17,최우주,594,신성장 동력산업 성공열전,663
"교육과학기술부에서는 &lsquo;2011 생명공학백서&rsquo;를 발간하였습니다.&nbsp;교육과학기술부는 1월19일 국가 생명공학 정책과 국내외 최신 연구동향 및 기술동향, 산업화 등을 살펴볼 수 있는 바이오 관련 종합 정보지인 2011 생명공학백서를 발간했습니다.&nbsp;생명공학백서는 생명공학분야의 정책 및 기술 동향 등을 국민에게 알리기 위하여 2003년부터 격년으로 발행하고 있으며, 이번이 다섯 번째로 발간되는 해입니다.&nbsp;2011 생명공학백서에서는 2011년이 제2차 생명공학육성기본계획(Bio-Vision2016)의 2단계 계획을 수립하는 해인만큼&nbsp; Bio-Vision2016(제2차 생명공학육성기본계획(&rsquo;07~&rsquo;16)) 추진성과 및 전망을 특집으로 정부의 지난 5년간 (&rsquo;06~&rsquo;11)의 성과를 점검하고, 향후 5년(&rsquo;12~&rsquo;16)을 전망하는 내용을 수록하였습니다.&nbsp;또한 이번 생명공학백서의 새로운 점은, 생명공학이 국가의 신성장 동력으로써 그 성과를 창출하고, 바이오경제 시대를 준비하기 위하여 기술 분야별 산업화 현황을 새롭게 추가하였습니다.&nbsp;향후, 2011 생명공학백서는 주요부처 및 공공기관 도서관을 통하여 책자로 만날 수 있으며, 보다 손쉬운 활용과 확산을 위하여 온라인과 모바일에서도 제공할 예정입니다.※생명공학정책연구센터 Bioin사이트와 교육과학기술부사이트에서 전자책(PDF)형태로도 제공&nbsp; &nbsp;&nbsp; &nbsp;&nbsp;&nbsp;&nbsp; &nbsp;특집 : Bio-vision 2016 추진성과 및 전망&nbsp;제 1장 : 생명공학의 비전제1절 : 생명공학과 우리의 미래제2절 : 생명공학 산업의 장기전망제3절 : 생명공학 미래전망과 우리의 대응제4절 : 국가과학기술위원회 생명공학 육성정책&nbsp;제 2장 : 세계 주요국의 생명공학 동향제1절 : 미국제2절 : 일본제3절 : 유럽연합(EU)제4절 : 중국&nbsp;제 3장 : 국가 생명공학 육성 현황제1절 생명공학 육성정책제2절 생명공학 경쟁력 지표 현항&nbsp;제 4장 : 분야별 연구개발 및 관련산업 현황제1절 생명과학 분야제2절 보건의료 분야제3절 농림수축산&middot;식품 분야제4절 산업공정/환경&middot;해양 분야제5절 바이오 융합 분야제6절 생물자원&nbsp; 분야제7절 생명공학 인프라&nbsp;제 5장 : 생명공학 관련 법제도 현황제1절: 바이오 안전성 동향제2절: 생명윤리 동향제3절: 생명공학 지식재산권 제도동향제4절: 생명공학 제품 인허가 현황과 과제제5절: 생명공학 기업 현황과 지원제도&nbsp;http://www.bioin.or.kr/&nbsp;&nbsp;",2011생명공학백서-한국바이오정책연구센터.pdf,http://www.fact.or.kr/action.do?action=farmtech%24file&seq=593&file_seq=1,2012.04.13,최우주,593,[바이오] 2011바이오백서,688
"한국농촌경제연구원의 김경필박사가 2011년 12월 남아공 현지조사/수집한 자료에 근거하여 작성한 것입니다.출처 http://www.krei.re.kr/kor/main.php",20120323142356.pdf,http://www.fact.or.kr/action.do?action=farmtech%24file&seq=592&file_seq=1,2012.04.05,최우주,592,[남아공]농산물 수출지원제도,599
"경기도 농업기술원에서 발췌한 일본농업신문자료입니다.목차&nbsp;1. 신속한 대응이 가능한 &quot;가축방역 맵 시스템 도입&quot;2. 긴급개발, 실용화 촉진사업 5기종 결정3. 차, 커피 찌꺼기를 사용한 강력살균법4. 음식물 쓰레기가 무기비료로 탈바꿈5. 과수 개식시 미생물 자제를 이용 연작 장해 예방6. 시금치 생육 예측 시스템 개발7. '육묘판 전량 시비법' 전국 보급에 착수8. 친환경 기술 '태양열 온수난방'9. 벼 세슘 저감대책 소개10. 저렴한 비용으로 빠르게 잔류 농약 분석11. 생산자대면형 시비설계 시스템 개발12. 관수 튜브의 막힘 현상 해소13. 3월 14일, 도쿄에서 '사료용 쌀 심포지엄' 개최14. 에탄올 원료용 에리안투스 육성15. 달고 시기 않은 극조생 귤 '하야미칸' 육성16. 청색 호접란 탄생17. 아스파라거스 작업이 수월한 전동가위 개발&nbsp;출처: http://www.nongup.gyeonggi.kr/&nbsp;",일본농업신문 발췌 번역본 제 188호.hwp,http://www.fact.or.kr/action.do?action=farmtech%24file&seq=591&file_seq=1,2012.04.03,최우주,591,[일본]대외농업동향,630
"한국생명공학연구정책센터에서 발간한 미세조류를 이용한 바이오연료 생산의 국내외 동향 보고서입니다.참고바랍니다.출처&nbsp; : http://www.bioin.or.kr/board.do?bid=report&amp;cmd=view&amp;num=225830&nbsp;",미세조류를_이용한_바이오연료_생산의_국내외_동향_바이오인.pdf,http://www.fact.or.kr/action.do?action=farmtech%24file&seq=590&file_seq=1,2012.03.30,최우주,590,[바이오] 미세조류를 이용한 바이오연료 생산의 국내외 동향,686
"한국바이오정책연구센터에서 발간한 미세조류의 산업적 응용과 활용전망에 관한 보고서입니다.참고바랍니다.출처 : http://www.bioin.or.kr/board.do?bid=report&amp;cmd=view&amp;num=225778",미세조류의_산업적_응용과_활용전망_바이오인.pdf,http://www.fact.or.kr/action.do?action=farmtech%24file&seq=589&file_seq=1,2012.03.30,최우주,589,[바이오] 미세조류의 산업적 응용과 활용전망,838
"한국바이오정책연구센터에서 발간한 미세조류 바이오 연구동향보고서입니다.참고바랍니다.출처 : http://www.bioin.or.kr/board.do?cmd=view&amp;bid=report&amp;num=225816",미세조류_바이오_산업의_최근동향-한국바이오정책연구센터.pdf,http://www.fact.or.kr/action.do?action=farmtech%24file&seq=588&file_seq=1,2012.03.30,최우주,588,[바이오] 미세조류 바이오 연구동향,789
"삼성경제연구소에서 발간한 경제 포커스 제274호 농촌 인구구성의 새로운 변화에 대한 보고서입니다.1. 다양해지는 농촌의 인구구성2. 농촌 인구구성 다원화의 영향3. 농촌 인구구성 변동의 순기능 극대화 전략http://www.seri.org/_index_.html",SERI_경제포커스_2012032701[1].pdf,http://www.fact.or.kr/action.do?action=farmtech%24file&seq=587&file_seq=1,2012.03.29,최우주,587,[농촌] 농촌 인구구성의 새로운 변화,802
"한국산업기술진흥원에서 발간한 특허 비즈니스의 새로운 동향 보고서입니다.특허 비즈니스의 새로운 동향&nbsp;1. 서론&nbsp;2. 특허시장의 동향&nbsp;3. 전통적 IP관리&nbsp;4. IP거래 비즈니스&nbsp;5. IP포트폴리오&nbsp;6. IP전문회사 리스트출처 : https://www.kiat.or.kr/site/program/board/detail.jsp?menuID=001004002&amp;type=&amp;boardTypeID=28&amp;siteNick=&amp;redirectCheck=Y&amp;boardyear=2012&amp;searchSelect=&amp;keyWord=&amp;boardCategory=&amp;currentPage=1&amp;startDate=&amp;endDate=&amp;boardLines=10&amp;boardCategorySelect1=&amp;boardCategorySelect2=&amp;boardCategorySelect3=&amp;boardyear=2012&amp;boardTypeDivision=0&amp;boardID=39352&nbsp;",[2012-08]특허 비지니스의 동향_KIAT.pdf,http://www.fact.or.kr/action.do?action=farmtech%24file&seq=586&file_seq=1,2012.03.27,최우주,586,[특허] 특허비즈니스의 새로운 동향,803
"한국농촌경제연구원에서 발간한 북한농업동향 보고서입니다.1. 2012년 북한의 농업.식량 상황2. 북한의 주요농업 관련 법령 해설3. 북한농업 동향4. 농어업교류협력 동향5. 북한의 농업관련연구출처 : http://www.krei.re.kr/kor/issue/report_view.php?reportid=E02-2011-04&amp;rclass=i&amp;keyword=&amp;cpage=1&amp;vbid=&amp;skey=&amp;sword=",북한농업동향_KREI_제13권_4호.pdf,http://www.fact.or.kr/action.do?action=farmtech%24file&seq=585&file_seq=1,2012.03.26,최우주,585,[북한]북한농업동향,544
"농업기술실용화재단 기술동향분석센터에서 발간한 천연항생제관련 동향보고서입니다.목차&nbsp;요약&nbsp;개요 &nbsp;정책동향&nbsp;시장동향연구동향&nbsp;특허동향&nbsp;결론문의 : 농업기술실용화재단 기술동향분석센터 최윤희 선임연구원031)8012-7228",천연항생제_관련_동향보고서[FACT].pdf,http://www.fact.or.kr/action.do?action=farmtech%24file&seq=584&file_seq=1,2012.03.21,최우주,584,[FACT] 천연항생제관련 동향보고서,926
"&nbsp;농업기술실용화재단 기술동향분석센터에서 발간한 양봉산물의 다원화 관련 동향보고서입니다.목차&nbsp;요약&nbsp;양봉산업개황&nbsp;제도 및 정책동향&nbsp;시장동향&nbsp;- 세계 양봉산업현황&nbsp;- 국내 양봉산업현황&nbsp;연구기관의 R&amp;D동향&nbsp;- 국내 연구기관현황&nbsp;- 국가 연구기관 R&amp;D동향&nbsp;- 국내 논문현황&nbsp;- 해외 논문현황&nbsp;양봉산물 관련 특허맵&nbsp;- 데이터&nbsp;- 특허동향&nbsp;결론문의 : 농업기술실용화재단 기술동향분석센터 최윤희 선임연구원031)8012-7228",양봉산물의_다원화_관련_동향_보고서[FACT].pdf,http://www.fact.or.kr/action.do?action=farmtech%24file&seq=583&file_seq=1,2012.03.21,최우주,583,[FACT] 양봉산물의 다원화 관련 동향보고서,573
"한국지식재산연구원에서 발간한 [2011 National IP Policy] 미국 제112차 연방의회, 「미국 발명법」관련 보고서입니다.&nbsp;■ 요약문○ 2011년 9월 16일, 미국 Barak Obama 대통령은 하원이 제출한 법안(H.R.1249)에 서명함.&nbsp;이에 따라 미국 특허개혁법안인 「Leahy-Smith America Invents Act(미국 발명법)」이 발효하게 됨○ 대략 6년 전부터 Patent Reform Act라는 이름으로 법안을 제시하여 왔으나 양원 모두에서 통과되지 못해 폐기된 바 있음- 그러나 2011년 1월 25일, Patrick Leahy 의원이 대표로 상원에 제출한 S. 23 법안이 상원에서 통과되고, 동년 3월 30일, Lamar Smith 의원이 대표로 하원에 제출한 H.R. 1249 법안이 하원에서 통과되어 그동안 합의 실패를 거듭했던 미국 특허법이 개혁의 기초가 마련됨- 드디어 동년 9월 9일, 하원의 개정안이 상원에서 찬성 89표 반대 9표로 통과되었고, 9월 16일 대통령의 서명을 통해 법률(PL. 112-29)로 제정됨○ 미국 발명법은 총 37개 조항으로 구성됨- 가장 많이 주목받고 있는 조항으로는 제3조의 선출원주의, 제6조의 등록 후 재심절차, 제7조의 특허심판원, 제10조의 수수료 결정 권한, 제22조 특허상표청 기금 등이 있음- 선출원주의로 전환하게 됨으로써 &lsquo;저촉심사&rsquo;라는 표현이 삭제되고 &lsquo;파생절차&rsquo;가 새로 도입되었으며, &lsquo;특허심판저촉부&rsquo; 대신 &lsquo;특허심판원&rsquo;이 설치되게 됨- 소기업 및 극소기업에 대해서는 수수료를 50%와 75% 감면해주는 혜택도 포함하고 있음- 또한 세출예산법에 규정된 금액 한도까지 특허상표수수료기금을 특허상표청(USPTO)의 의무 이행과 지출을 위해 이용할 수 있도록 하고 있음- 그 외 세금특허 금지에 관한 제14조, 위성사무소 설치에 관한 제23조, 특허의 이용, 유전자 검사에 관한 연구 등에 대해서 규정하고 있음○ 미국은 미국 발명법의 제정을 통해 미국 기업들이 기업의 발명품을 신속히 사업화하고 제품화할 수 있도록 지원하여&nbsp;이를 토대로 신규기업 설립 및 고용창출 효과를 기대하고 있음http://www.kiip.re.kr/science01/sci00D.asp?tot_No=11070&amp;file_No=10402&amp;MenuStrong=US&amp;pagesize=10&amp;pageno=1&amp;s_value=&amp;inkeyword=&amp;tot_item_gubn=2&nbsp;&nbsp;&nbsp;",미국 발명법-한국지식재산연구원.pdf,http://www.fact.or.kr/action.do?action=farmtech%24file&seq=582&file_seq=1,2012.03.19,최우주,582,"[특허][2011 National IP Policy] 미국 제112차 연방의회, 「미국 발명법」",501
"생명공학연구정책센터에서 발간한 건강기능식품 연구 및 기술개발 동향입니다.1. 건강기능식품 연구개요가. 건강기능식품이란?나. 건강기능식품의 분류 및 인정제도의 운영다. 건강기능식품 기술 분류&nbsp;2. 서지분석가. 특허분석1) 해외특허로 살펴본 건강기능식품 소재화기술 관련 분야 세계동향2) 해외에 출원된 특허로 살펴본 건강기능식품 소재화기술 관련 분야 국내동향나. 논문분석1) 논문으로 살펴본 건강기능식품 세계동향2) 논문으로 살펴본 건강기능식품 국내동향다. 관련 시장 및 산업동향1) 관련 시장 및 산업의 세계동향2) 관련 시장 및 산업의 국내동향&nbsp;3. 기술개발동향가. 세계동향1) 해외 건강기능식품기술 동향2) 국제적 컨소시엄 및 공동연구나. 국내동향1) 건강기능식품 관련 정책동향2) 국내 건강기능식품 관련 기술동향3) 국내 건강기능식품 관련 컨소시엄&nbsp;4. 국내 경쟁력 현황 및 발전방향가. 국내 경쟁력 현황나. SWOT 분석 및 대응 전략다. 기대효과 및 향후 발전 전망&nbsp;5. 참고문헌 http://www.bioin.or.kr/&nbsp;",건강기능식품_바이오인.pdf,http://www.fact.or.kr/action.do?action=farmtech%24file&seq=581&file_seq=1,2012.03.19,최우주,581,[식품]건강기능식품 연구 및 기술개발 동향,789
"한국산업기술평가관리원에서 발간한  특허분석을 통한 산업기술분야 메가트랜드 보고서입니다.-신산업-나노융합IT융합바이오차세대의료기기차세대로봇지식서비스RFID/USN-주력산업-자동차조선생산시스템생산기반금속재료섬유의류화학공정소재플랜트엔지니어링http://www.keit.re.kr/article.do?psStep=view&amp;psPage=1&amp;bbsCD=itep_data1_bor&amp;shSearch=&amp;shKeyword=&amp;shCategoryCD=&amp;shUserID=&amp;gbn=04_32&amp;BIdx=57952",특허트랜드보고서_신사업_주력산업_통합보고서_KEIT.pdf,http://www.fact.or.kr/action.do?action=farmtech%24file&seq=580&file_seq=1,2012.03.15,최우주,580,[특허]특허분석을 통한 산업기술분야 메가트랜드,564
"한국보건산업진흥원의 2011 의약품산업 분석보고서입니다.요약문제1장 의약품산업 특성 및 정책 동향제2장 세계 의약품산업 동향 분석제3장 우리나라 의약품산업 동향 분석제4장 국내&middot;외 의약품기업의 경영 성과참고문헌http://info.khidi.or.kr/kpublish/inv01list.do?mode=view&amp;no=686&amp;menuCd=21010001&amp;tab=00&amp;cpage=1&amp;searchItem=0&amp;searchKey=&amp;searchYear=0&nbsp;",2011년의약품산업분석보고서_KHIDI.pdf,http://www.fact.or.kr/action.do?action=farmtech%24file&seq=579&file_seq=1,2012.03.15,최우주,579,[의약]2011의약품산업 분석 보고서,690
"한국농수산식품유통공사에서 발간한 미국 식품 원산지 표기 제도 개괄 자료입니다&nbsp;1. 원산지 제도 개요2. 한미 FTA 합의된 원산지 규정3. 농산물 원산지 기준&nbsp;참조 부탁드립니다&nbsp;[뉴욕aT&nbsp; 센터, 자료: B&amp;H Custom]http://www.kati.net/homepage/atkati/tra_info/export_trend.jsp?MENUCODE=225&amp;BBSID=1&amp;ARTICLESEQ=30759&amp;SLT_BBS_SEARCH_TYPE=&amp;EDT_BBS_SEARCH_TEXT=&amp;ITEMCODE_TRA=&amp;CONTCODE_TRA=&amp;FILDCODE_TRA=&amp;PAGE=1&nbsp;",미국 식품 원산지 표기 제도 개괄_KATI.hwp,http://www.fact.or.kr/action.do?action=farmtech%24file&seq=578&file_seq=1,2012.03.14,최우주,578,[FTA]미국 식품원산지 표기제도 개괄,678
"&nbsp; KOTRA에서 발간한 한미 FTA활용한 미 정부조달시장 성공전략입니다.- 한미 FTA 혜택 최대 활용, 미 중소기업들과 협력해 조달시장 진출 -- 미 정부기관의 조달 성격과 환경 파악해 현실적인 목표 수립 - 자료원: OST Global Solutions Inc 컨설팅 자료, 코트라 워싱턴 무역관 보유자료 등http://www.globalwindow.org/wps/myportal/gw2/kcxml/04_Sj9SPykssy0xPLMnMz0vM0Y_QjzKLd423CDQASYGZAR76kehiXiYIsSB9b31fj_zcVP0A_YLc0IhyR0dFAHPA0Kw!/delta/base64xml/L3dJdyEvd0ZNQUFzQUMvNElVRS82X0VfOEw4?1=1",한미 FTA 활용한 미 정부조달시장 성공전략 _KOTRA.hwp,http://www.fact.or.kr/action.do?action=farmtech%24file&seq=577&file_seq=1,2012.03.14,최우주,577,[FTA]한미 FTA 활용한 미 정부조달시장 성공전략,683
"과학기술정책연구원에서 발간한 과학기술기본계획의 추이분석과 시사점 보고서입니다.본 보고서에서는 최근 10여 년간 우리나라의 과학기술기본계획의 추이와 일본 과학기술기본계획의 추이를 분석하여 이를 바탕으로 새로운 기본계획 수립을 위한 제언을 다음과 같이 도출하였다.&nbsp; [제언 1] 우리나라 과학기술이 추구해야 할 가치와 이념에 대한 성찰[제언 2] 국민의 눈높이에서 과학기술기본계획 수립[제언 3] 과학기술 컨트롤 타워의 &lsquo;기획&rsquo; 역량 강화발간처 : 과학기술정책연구원http://www.stepi.re.kr/publication/insight_view.asp?seq=3461&nbsp;",과학기술기본계획의 추이분석과 시사점_STEPI.pdf,http://www.fact.or.kr/action.do?action=farmtech%24file&seq=576&file_seq=1,2012.03.13,최우주,576,[정책연구]과학기술기본계획의 추이 분석과 시사점,699
"과학기술정책연구원에서 발간한 지식재산비즈니스 모델 전망과 성장동력화 방안 보고서입니다.요약제1장 서론제2장 지식재산 비즈니스의 이해제3장 지식재산 비즈니스 시장전망제4장 지식재산 비즈니스 모델의 유형과 기업특성제5장 지식재산 비즈니스 성장동력화 방안제6장 시사점발간처 : 과학기술정책연구원http://www.stepi.re.kr/publication/report/report_01.asp",2011지식재산비즈니스 모델 전망과 성장동력화 방안_STEPI.pdf,http://www.fact.or.kr/action.do?action=farmtech%24file&seq=575&file_seq=1,2012.03.13,최우주,575,[정책연구]지식재산 비즈니스 몰델 전망과 성장동력화 방안,449
"삼성경제경구소에서 발간한 중국의 시장.기술.산업의 잠재력 평가 및 발전 전망 보고서입니다.요약본 연구는 2020년까지 중국의 정치ㆍ사회변화 및 경제정책의 변화를 전망하여 이로 인해 예상되는 경제시스템과 산업구조 변화를 전망하고, 중국의 소비시장과 혁신역량의 양대 주제를 중심으로 주요 산업(자동차, 제약, 의료, 반도체)의 생산효율성ㆍ기술혁신 및 시장장악력 측면의 경쟁력을 평가하고 대응방안을 도출&nbsp;목차&nbsp; Ⅰ. 거시환경 전망Ⅱ. 소비시장 분석Ⅲ. 혁신역량 평가Ⅳ. 주요 산업 경쟁력 전망과 대응전략&nbsp;출처 : 삼성경제연구소http://www.seri.org/db/dbReptV.html?menu=db01&amp;submenu=IN&amp;pgno=1&amp;pubkey=db20111205001&nbsp;",20111203_중국의 시장+기술+산업 잠재력 평가 및 발전 전망_SERI.pdf,http://www.fact.or.kr/action.do?action=farmtech%24file&seq=574&file_seq=1,2012.03.12,최우주,574,[중국]중국의 시장.기술.산업의 잠재력 평가 및 발전 전망,486
"한국보건산업진흥원에서 발간한 2011 식품산업 분석 보고서입니다.목차제1장 식품산업 이슈 및 정책동향 / 9제2장 세계 식품산업동향 / 16제3장 국내 식품산업동향 / 24제4장 국내 OEM식품 생산현황 분석 / 79첨부파일 확인바랍니다.http://www.khiss.go.kr/board/bbs_list.jsp?tname=MINBOARD358&amp;bbsid=B302&amp;htxt_code=1253697824500862357829650921550",2011년+식품산업+분석+보고서_한국보건산업진흥원.pdf,http://www.fact.or.kr/action.do?action=farmtech%24file&seq=573&file_seq=1,2012.03.12,최우주,573,[식품] 2011 식품산업 분석 보고서,642
본 보고서는 국가연구개발 특허기술동향조사 사업으로 한국특허정보원에서 전담하여 (주)테크란에서 수행한 &quot;식량 자급률 향상&quot; 관련 특허동향 및 조사분석 보고서입니다.&nbsp;,20091231_식량자급률향상(테크란).pdf,http://www.fact.or.kr/action.do?action=farmtech%24file&seq=572&file_seq=1,2011.04.21,이진필,572,식량 자급률 향상,571
본 보고서는 국가연구개발 특허기술동향조사 사업으로 한국특허정보원에서 전담하여 하나 국제특허법률사무소에서 수행한 &quot;수확 후 관리 및 가공기술&quot; 관련 특허동향 및 조사분석 보고서입니다.&nbsp;,20091231_수확후관리및가공기술(하나특허사무소).pdf,http://www.fact.or.kr/action.do?action=farmtech%24file&seq=571&file_seq=1,2011.04.21,이진필,571,수확 후 관리 및 가공기술,586
본 보고서는 국가연구개발 특허기술동향조사 사업으로 한국특허정보원에서 전담하여 한양 특허법인에서 수행한 &quot;산림곤충자원의 현황파악 및 활용기반 수립에 관한 연구&quot; 관련 특허동향 및 조사분석 보고서입니다.&nbsp;,20091231_산림곤충자원의현황파악및활용기반수립에관한연구(한양특허법인).pdf,http://www.fact.or.kr/action.do?action=farmtech%24file&seq=570&file_seq=1,2011.04.21,이진필,570,산림곤충자원의 현황파악 및 활용기반 수립에 관한 연구,581
본 보고서는 국가연구개발 특허기술동향조사 사업으로 한국특허정보원에서 전담하여 대주 국제특허법률사무소에서 수행한 &quot;병충해 잡초 안전관리&quot; 관련 특허동향 및 조사분석 보고서입니다.&nbsp;,20091231_병해충잡초안전관리(대주특허사무소).pdf,http://www.fact.or.kr/action.do?action=farmtech%24file&seq=569&file_seq=1,2011.04.21,이진필,569,병충해 잡초 안전관리,754
본 보고서는 국가연구개발 특허기술동향조사 사업으로 한국특허정보원에서 전담하여 노벨 국제특허법률사무소에서 수행한 &quot;동식물 생산공장 시스템&quot; 관련 특허동향 및 조사분석 보고서입니다.,20091231_동식물생산공장시스템(노벨특허사무소).pdf,http://www.fact.or.kr/action.do?action=farmtech%24file&seq=568&file_seq=1,2011.04.21,이진필,568,동식물 생산공장 시스템,755
본 보고서는 국가연구개발 특허기술동향조사 사업으로 한국특허정보원에서 전담하여 이룸 국제특허법률사무소에서 수행한 &quot;농축산 부산물 자원화&quot; 관련 특허동향 및 조사분석 보고서입니다.&nbsp;,20091231_농축산부산물자원화(이룸특허법인).pdf,http://www.fact.or.kr/action.do?action=farmtech%24file&seq=567&file_seq=1,2011.04.21,이진필,567,농축산 부산물 자원화,778
본 보고서는 국가연구개발 특허기술동향조사 사업으로 한국특허정보원에서 전담하여 C&amp;S 로고스에서 수행한 &quot;농식품 안전 관리&quot; 관련 특허동향 및 조사분석 보고서입니다.&nbsp;,20091231_농식품안전관리(C&S로고스).pdf,http://www.fact.or.kr/action.do?action=farmtech%24file&seq=566&file_seq=1,2011.04.21,이진필,566,농식품 안전 관리,766
"본 보고서는 국가연구개발 특허기술동향조사 사업으로 한국특허정보원에서 전담하여 안소영 국제특허법률사무소에서 수행한 &quot;기능성 물질&quot; 관련 특허동향 및 조사분석 보고서입니다.&nbsp;&nbsp;&nbsp; ",20091231_기능성물질(안소영특허사무소).pdf,http://www.fact.or.kr/action.do?action=farmtech%24file&seq=565&file_seq=2,2011.04.21,이진필,565,기능성 물질,637
본 보고서는 국가연구개발 특허기술동향조사 사업으로 한국특허정보원에서 전담하여 비아글로벌(주)에서 수행한 &quot;그린 바이오 기술 기반 작물보호제 개발&quot; 관련 특허동향 및 조사분석 보고서입니다.&nbsp;,20091231_그린바이오기술기반작물보호제개발(비아글로벌).pdf,http://www.fact.or.kr/action.do?action=farmtech%24file&seq=564&file_seq=1,2011.04.21,이진필,564,그린 바이오 기술 기반 작물보호제 개발,526
"본 보고서는 국가연구개발 특허기술동향조사 사업으로 한국특허정보원에서 전담하여 노벨 국제특허법률사무소에서 수행한 &quot;곤충 자원 산업화&quot; 관련 특허동향 및 조사분석 보고서입니다 ",20091231_곤충자원산업화(노벨특허사무소).pdf,http://www.fact.or.kr/action.do?action=farmtech%24file&seq=563&file_seq=1,2011.04.21,이진필,563,곤충 자원 산업화,559
"본 보고서는 국가연구개발 특허기술동향조사 사업으로 한국특허정보원에서 전담하여 아이피아이에서 수행한 &quot;가축 분뇨 처리기술&quot; 관련 특허동향 및 조사분석 보고서입니다 ",20091231_가축분뇨처리기술(발행일_20091231).pdf,http://www.fact.or.kr/action.do?action=farmtech%24file&seq=562&file_seq=1,2011.04.21,이진필,562,가축 분뇨 처리기술,580
"본 보고서는 국가연구개발 특허기술동향조사 사업으로 한국특허정보원에서 전담하여 21세기 국제특허법률사무소에서 수행한 &quot;농기계용 디젠엔지&quot; 관련 특허동향 및 조사분석 보고서입니다 ",20081231_농기계용디젤엔진(21세기특허사무소).pdf,http://www.fact.or.kr/action.do?action=farmtech%24file&seq=561&file_seq=1,2011.04.21,이진필,561,"농기계용 디젤 엔진 ",572
"본 보고서는 국가연구개발 특허기술동향조사 사업으로 한국특허정보원에서 전담하여 21세기 국제특허법률사무소에서 수행한 &quot;천연물신약 특허동향&quot; 관련 특허동향 및 조사분석 보고서입니다 ",20071231_천연물신약특허동향(21세기특허사무소).pdf,http://www.fact.or.kr/action.do?action=farmtech%24file&seq=560&file_seq=1,2011.04.21,이진필,560,천연물 신약 특허동향,604
"본 보고서는 국가연구개발 특허기술동향조사 사업으로 한국특허정보원에서 전담하여 그린국제특허법률사무소에서 수행한 목질계 바이오매스 관련 특허동향 및 조사분석 보고서입니다 ",20071231_바이오(목질계바이오매스)분야.pdf,http://www.fact.or.kr/action.do?action=farmtech%24file&seq=559&file_seq=1,2011.04.21,이진필,559,바이오(목질계 바이오매스) 분야 특허동향,738
"한식 세계화/전통식품 산업화 ",20091231_한식세계화_전통식품산업화(윕스).pdf,http://www.fact.or.kr/action.do?action=farmtech%24file&seq=558&file_seq=1,2011.04.21,이진필,558,한식 세계화/전통식품 산업화,789
본 보고서는 국가연구개발 특허기술동향조사 사업으로 한국특허정보원에서 전담하여 (주)윕스에서 수행한 &quot;GMO 개발&quot; 관련 특허동향 및 조사분석 보고서입니다.&nbsp;,20091231_GMO개발(윕스).pdf,http://www.fact.or.kr/action.do?action=farmtech%24file&seq=557&file_seq=1,2011.04.21,이진필,557,GMO 개발,896
본 보고서는 국가연구개발 특허기술동향조사 사업으로 한국특허정보원에서 전담하여 플러스 국제특허법률사무소에서 수행한 &quot;특용작물&quot; 관련 특허동향 및 조사분석 보고서입니다.&nbsp;,20091231_특용작물(플러스특허사무소).pdf,http://www.fact.or.kr/action.do?action=farmtech%24file&seq=556&file_seq=1,2011.04.21,이진필,556,특용작물,947
본 보고서는 국가연구개발 특허기술동향조사 사업으로 한국특허정보원에서 전담하여 21세기 국제특허법률사무소에서 수행한 &quot;친환경 유기농업 기술&quot; 관련 특허동향 및 조사분석 보고서입니다.&nbsp;,20091231_친환경유기농업기술(21세기특허사무소).pdf,http://www.fact.or.kr/action.do?action=farmtech%24file&seq=555&file_seq=1,2011.04.21,이진필,555,친환경 유기농업 기술,733
본 보고서는 국가연구개발 특허기술동향조사 사업으로 한국특허정보원에서 전담하여 태평양 특허법인에서 수행한 &quot;축산(한우 돼지 가금류)_특수 가축의 국제 경쟁력 강화기술&quot; 관련 특허동향 및 조사분석 보고서입니다.&nbsp;,20091231_축산(한우돼지가금류_특수가축의국제경쟁력강화기술)(태평양특허법인).pdf,http://www.fact.or.kr/action.do?action=farmtech%24file&seq=554&file_seq=1,2011.04.21,이진필,554,축산(한우 돼지 가금류_특수 가축의 국제 경쟁력 강화기술),599
본 보고서는 국가연구개발 특허기술동향조사 사업으로 한국특허정보원에서 전담하여 명문 특허법인에서 수행한 &quot;축산(고품질 우유생산 및 생산성 향상 기술&quot; 관련 특허동향 및 조사분석 보고서입니다.&nbsp;,20091231_축산(고품질우유생산및생산성향상기술)(명문특허법인).pdf,http://www.fact.or.kr/action.do?action=farmtech%24file&seq=553&file_seq=1,2011.04.21,이진필,553,축산(고품질 우유생산 및 생산성 향상 기술),559
본 보고서는 국가연구개발 특허기술동향조사 사업으로 한국특허정보원에서 전담하여 다나 특허법인에서 수행한 &quot;종자&quot; 관련 특허동향 및 조사분석 보고서입니다.&nbsp;,20091231_종자(다나특허법인).pdf,http://www.fact.or.kr/action.do?action=farmtech%24file&seq=552&file_seq=1,2011.04.21,이진필,552,종자,685
본 보고서는 국가연구개발 특허기술동향조사 사업으로 한국특허정보원에서 전담하여 리 인터네셔널 국제특허법률사무소에서 수행한 &quot;조사료 이용&quot; 관련 특허동향 및 조사분석 보고서입니다.&nbsp;,20091231_조사료이용(리인터내셔널특허사무소).pdf,http://www.fact.or.kr/action.do?action=farmtech%24file&seq=551&file_seq=1,2011.04.21,이진필,551,조사료 이용,609
본 보고서는 국가연구개발 특허기술동향조사 사업으로 한국특허정보원에서 전담하여 다울 특허법인에서 수행한 &quot;조사료 개발&quot; 관련 특허동향 및 조사분석 보고서입니다.&nbsp;,20091231_조사료개발(다울특허법인).pdf,http://www.fact.or.kr/action.do?action=farmtech%24file&seq=550&file_seq=1,2011.04.21,이진필,550,조사료 개발,646
본 보고서는 국가연구개발 특허기술동향조사 사업으로 한국특허정보원에서 전담하여 시옥텍(주)에서 수행한 &quot;전통 식품자원의 발굴 및 보전&quot; 관련 특허동향 및 조사분석 보고서입니다.&nbsp;,20091231_전통식물자원의발굴및보전(시온텍).pdf,http://www.fact.or.kr/action.do?action=farmtech%24file&seq=549&file_seq=1,2011.04.21,이진필,549,전통 식품자원의 발굴 및 보전,817
본 보고서는 국가연구개발 특허기술동향조사 사업으로 한국특허정보원에서 전담하여 그린 국제특허법률사무소에서 수행한 &quot;저탄소 녹색성장 기술개발&quot; 관련 특허동향 및 조사분석 보고서입니다.,20091231_저탄소녹생성장기술개발(그린특허사무소).pdf,http://www.fact.or.kr/action.do?action=farmtech%24file&seq=548&file_seq=1,2011.04.21,이진필,548,저탄소 녹색성장 기술개발,870
&nbsp;본 보고서는 국가연구개발 특허기술동향조사 사업으로 한국특허정보원에서 전담하여 플러스 국제특허법률사무소에서 수행한 &quot;원예기술&quot; 관련 특허동향 및 조사분석 보고서입니다.&nbsp;,20091231_원예작물(플러스특허사무소).pdf,http://www.fact.or.kr/action.do?action=farmtech%24file&seq=547&file_seq=1,2011.04.21,이진필,547,원예작물,751
본 보고서는 국가연구개발 특허기술동향조사 사업으로 한국특허정보원에서 전담하여&nbsp;칸 특허법률사무소에서 수행한 &quot;신 재생 에너지&quot; 관련 특허동향 및 조사분석 보고서입니다.&nbsp;,20110811_신재생에너지(칸특허법률사무소).pdf,http://www.fact.or.kr/action.do?action=farmtech%24file&seq=546&file_seq=1,2011.04.21,강신호,546,신 재생 에너지,788
본 보고서는 국가연구개발 특허기술동향조사 사업으로 한국특허정보원에서 전담하여 유미 특허법인에서 수행한 &quot;신 기능성 농식품&quot; 관련 특허동향 및 조사분석 보고서입니다.&nbsp;,20091231_신기능성농식품(유미특허법인).pdf,http://www.fact.or.kr/action.do?action=farmtech%24file&seq=545&file_seq=1,2011.04.21,이진필,545,신 기능성 농식품,586
"1. 해외농업개발사업 전문인력양성과정 위탁교육 용역을 공고합니다.2. 전자입찰, 총액입찰, 협상에 의한 계약입니다.3. 자세한 사항은 공고문 및 과업지시서 등을 참조하시고 기타 질문사항은 공고문 내 연락처로 문의바랍니다.4. 본 공고는 나라장터(G2B 시스템)에도 동시 게재되었음을 알려드립니다.※ 나라장터 공고번호 : 20110528076-00 * 자세한 내용은 여기를 클릭하여 참조하시기 바랍니다.",2011.05.27,정만철,541,해외농업개발사업 전문인력양성과정 위탁교육 용역,710,신 기능성 농식품,586
"농림수산식품부는 2009년부터 밑, 콩, 옥수수 등 주요 수입곡물의 안정적인 공급망 확보 일환으로 해외농업개발사업을 추진 중이며, 금년도 하반기 해외농업개발사업 융자대상자 모집을 붙임과 같이 공고(농림수산식품부 공고 제2011-238호, 2011. 5. 25)하였기에 알려드립니다.* 자세한 내용은 여기를 클릭하여 참조하시기 바랍니다.",2011.05.27,정만철,540,2011년 해외농업개발사업 하반기 융자대상자 모집 공고,687,신 기능성 농식품,586
"2011년 4월호 FACT매거진에 실린 글입니다. 아래 링크를 클릭하면 바로 확인 할 수 있습니다.http://www.efact.or.kr/FACT_Magazine/2011/Page_04/page_4_05.html",2011.09.30,정만철,539,[해외리포트] 가난하지만 행복한 천사의 나라 캄보디아,596,신 기능성 농식품,586
"FACT 매거진 9월호에 기재된 심훈 연구원의 해외리포트입니다.아래 링크를 클릭하면 바로 연결됩니다.http://www.efact.or.kr/magazine/201109/sub_08.html",2011.09.30,정만철,538,[해외리포트] 약속과 기회의 땅 우간다를 다녀와서,567,신 기능성 농식품,586
"LG전자가 세계 최대 &lsquo;특허 괴물(patent troll)&rsquo;로 꼽히는 인텔렉추얼벤처스(IV)와 특허 사용계약(라이선스)를 체결했다. IV는 개발자들로부터 헐값에 핵심 특허를 사들여 대기업에 줄소송을 제기, 로열티를 받아내 수익을 올리는 기술전문업체다.LG전자는 스마트폰 관련 기술을 포함해 IV와 포괄적 특허 사용계약을 체결했다고 9일 밝혔다. IV는 문자메시지&middot;인터넷보안을 비롯해 3만5000여개의 특허를 보유하고 있다. 이번 계약으로 LG전자는 IV의 기술을 이용할 수 있게 됐으며, IV의 특허를 통해 타 업체에 특허 소송을 제기할 수도 있게 됐다.이번 계약을 위해 LG전자가 어느 정도의 로열티를 IV에 지급하게 될 것인지는 전해지지 않았다. 그러나 그동안 IV가 특허 공유를 이유로 막대한 사용료를 받아 왔다는 점에서 적지 않은 금액을 LG전자가 지급하게 될 것으로 보인다.(후략) (2011.11.09. 조선비즈)http://biz.chosun.com/site/data/html_dir/2011/11/09/2011110900806.html",2011.11.09,박병도,537,LG마저...특허괴물 먹잇감 된 스마트폰,615,신 기능성 농식품,586
"-&nbsp;기능성&nbsp;차&nbsp;관련&nbsp;특허출원&nbsp;동향&nbsp;-&nbsp;&nbsp;&nbsp;&nbsp;우리의&nbsp;선조들은&nbsp;차를&nbsp;단순한&nbsp;마실거리로만&nbsp;여기지&nbsp;않고&nbsp;정신을&nbsp;수양하고&nbsp;마음을&nbsp;다스리는&nbsp;수단으로&nbsp;삼았을&nbsp;뿐&nbsp;아니라&nbsp;하나의&nbsp;문화로&nbsp;발전시켜&nbsp;우리의&nbsp;삶을&nbsp;풍요롭게&nbsp;하였다.&nbsp; &nbsp;&nbsp;&nbsp;최근&nbsp;생활수준이&nbsp;높아져&nbsp;건강에&nbsp;대한&nbsp;관심이&nbsp;높아지면서&nbsp;차에도&nbsp;변화의&nbsp;바람이&nbsp;불고&nbsp;있는데&nbsp;전통적인&nbsp;차가&nbsp;맛과&nbsp;향에&nbsp;중점을&nbsp;둔&nbsp;것이라면&nbsp;요즘&nbsp;주목을&nbsp;받고&nbsp;있는&nbsp;소위&nbsp;기능성&nbsp;차는&nbsp;맛과&nbsp;향은&nbsp;물론&nbsp;노화억제나&nbsp;해독작용,&nbsp;면역력&nbsp;증진이나&nbsp;나아가서&nbsp;특정&nbsp;질병을&nbsp;예방하거나&nbsp;치료하고자&nbsp;하는&nbsp;특별한&nbsp;목적을&nbsp;가진&nbsp;차라고&nbsp;할&nbsp;수&nbsp;있다.&nbsp;즉,&nbsp;단순히&nbsp;즐기는&nbsp;차에서&nbsp;건강을&nbsp;생각하는&nbsp;스마트한&nbsp;차로의&nbsp;전환이&nbsp;이루어지고&nbsp;있는&nbsp;것이다.&nbsp;&nbsp;&nbsp;&nbsp;&nbsp;기능성&nbsp;차에&nbsp;관한&nbsp;특허는&nbsp;매년&nbsp;30건&nbsp;이상&nbsp;출원되고&nbsp;있는데&nbsp;인삼이나&nbsp;국화,&nbsp;연잎&nbsp;등&nbsp;오래전부터&nbsp;차의&nbsp;재료로&nbsp;사용되고&nbsp;있던&nbsp;것부터&nbsp;동백,&nbsp;비파,&nbsp;인동초,&nbsp;백련,&nbsp;복분자,&nbsp;산수유,&nbsp;두릅,&nbsp;씀바귀,&nbsp;민들레&nbsp;등&nbsp;매우&nbsp;다양해졌는데&nbsp;동의보감&nbsp;등의&nbsp;전통&nbsp;의학서가&nbsp;참고되고&nbsp;있음은&nbsp;물론이다. &nbsp;&nbsp;&nbsp;그리고&nbsp;특허출원된&nbsp;기능성&nbsp;차의&nbsp;용도를&nbsp;살펴보면,&nbsp;암,&nbsp;고혈압이나&nbsp;뇌졸증&nbsp;등&nbsp;심혈관계&nbsp;질환,&nbsp;당뇨&nbsp;등의&nbsp;질병&nbsp;예방을&nbsp;목적으로&nbsp;한&nbsp;것이&nbsp;60%를&nbsp;차지하여&nbsp;가장&nbsp;많고,&nbsp;각종&nbsp;미네랄&nbsp;등&nbsp;유효성분을&nbsp;함유하여&nbsp;신진대사를&nbsp;활발하게&nbsp;하거나&nbsp;노화를&nbsp;방지하는&nbsp;등&nbsp;건강&nbsp;증진을&nbsp;목적으로&nbsp;한&nbsp;것이&nbsp;34%,&nbsp;숙취해소나&nbsp;피로회복을&nbsp;목적으로&nbsp;한&nbsp;것이&nbsp;6%를&nbsp;차지한다.&nbsp; &nbsp;&nbsp;&nbsp;기능성&nbsp;차&nbsp;관련&nbsp;특허출원의&nbsp;가장&nbsp;큰&nbsp;특징은&nbsp;개인&nbsp;출원이&nbsp;압도적으로&nbsp;많고(60%),&nbsp;지방자치단체와&nbsp;영농조합,&nbsp;중소기업이&nbsp;뒤를&nbsp;이어&nbsp;이들이&nbsp;대부분을&nbsp;차지하고&nbsp;있다는&nbsp;것인데&nbsp;이들은&nbsp;대기업에&nbsp;비해&nbsp;상대적으로&nbsp;경제적&nbsp;약자에&nbsp;속하는&nbsp;만큼&nbsp;기술을&nbsp;개발하는&nbsp;즉시&nbsp;특허를&nbsp;출원하여&nbsp;특허로&nbsp;보호받을&nbsp;것이&nbsp;절실히&nbsp;요구된다.&nbsp; &nbsp;&nbsp;&nbsp;그리고&nbsp;이를&nbsp;위해서는&nbsp;특허청(청장&nbsp;이수원)이&nbsp;개인과&nbsp;중소기업을&nbsp;대상으로&nbsp;운영하는&nbsp;특허정보&nbsp;종합컨설팅사업,&nbsp;온라인&nbsp;무료&nbsp;특허정보서비스,&nbsp;유망특허기술&nbsp;발굴&nbsp;및&nbsp;사업화&nbsp;지원사업,&nbsp;공익변리사&nbsp;상담센터&nbsp;등을&nbsp;적극적으로&nbsp;활용하는&nbsp;것도&nbsp;좋은&nbsp;방안이&nbsp;될&nbsp;수&nbsp;있을&nbsp;것이다.(2011.10.17.&nbsp;특허청 홈페이지 보도자료)http://www.kipo.go.kr/kpo/user.tdf?a=user.news.press1.BoardApp&amp;board_id=press&amp;cp=1&amp;pg=1&amp;npp=10&amp;catmenu=m02_01_01_02&amp;sdate=&amp;edate=&amp;searchKey=&amp;searchVal=&amp;bunryu=&amp;st=&amp;c=1003&amp;seq=10775",다함께 차차차 기능성 차로 건강을 마신다.hwp,http://www.fact.or.kr/action.do?action=farmtech%24file&seq=536&file_seq=1,2011.10.21,박병도,536,다함께 차! 차! 차! 기능성 차로 건강을 마신다,750
"&nbsp;&nbsp;■&nbsp;15년간&nbsp;유럽에&nbsp;등록된&nbsp;한국의&nbsp;해외특허는&nbsp;1만2천건에&nbsp;불과&nbsp;&nbsp;&nbsp;■&nbsp;한국,&nbsp;해외특허의&nbsp;50%를&nbsp;미국에&nbsp;등록&nbsp;&nbsp;&nbsp;특허청(청장&nbsp;이수원)이&nbsp;한국지식재산보호협회(회장&nbsp;전호석)와&nbsp;공동으로&nbsp;1995년부터&nbsp;2009년까지&nbsp;세계&nbsp;각국의&nbsp;해외특허&nbsp;출원&nbsp;및&nbsp;등록&nbsp;데이터를&nbsp;분석한&nbsp;결과,&nbsp;지난&nbsp;15년&nbsp;동안&nbsp;유럽(유럽연합&nbsp;27개국&nbsp;기준,&nbsp;이하&nbsp;같음)에&nbsp;등록된&nbsp;한국의&nbsp;해외특허는&nbsp;12천건으로,&nbsp;같은&nbsp;기간&nbsp;한국이&nbsp;해외에서&nbsp;등록받은&nbsp;전체&nbsp;126천건의&nbsp;해외특허&nbsp;중&nbsp;약&nbsp;9%만이&nbsp;유럽특허인&nbsp;것으로&nbsp;파악되었다. &nbsp;&nbsp;반면,&nbsp;같은&nbsp;기간&nbsp;미국에&nbsp;등록된&nbsp;한국의&nbsp;해외특허는&nbsp;전체의&nbsp;50%인&nbsp;63천건이며,&nbsp;일본과&nbsp;중국에는&nbsp;각각&nbsp;전체의&nbsp;16%인&nbsp;2만건씩이&nbsp;등록되어&nbsp;있어서,&nbsp;한국은&nbsp;미국에&nbsp;가장&nbsp;많이&nbsp;해외특허를&nbsp;등록한&nbsp;것으로&nbsp;파악되었다.&nbsp; &nbsp;&nbsp;이러한&nbsp;현상은&nbsp;한국의&nbsp;4대&nbsp;수출국(지역)인&nbsp;미국,&nbsp;일본,&nbsp;중국,&nbsp;유럽에&nbsp;대하여&nbsp;&lsquo;05년~&rsquo;09년&nbsp;5년&nbsp;동안&nbsp;수출한&nbsp;누적&nbsp;수출규모&nbsp;대비&nbsp;한국이&nbsp;각국에&nbsp;등록한&nbsp;누적&nbsp;해외특허&nbsp;규모를&nbsp;비교할&nbsp;때&nbsp;더&nbsp;극명하게&nbsp;나타나는데,&nbsp; 중국&nbsp;다음으로&nbsp;수출규모가&nbsp;큰&nbsp;유럽의&nbsp;경우&nbsp;수출액&nbsp;10억불당&nbsp;17건의&nbsp;해외특허가&nbsp;등록되어&nbsp;수출규모에&nbsp;비해&nbsp;등록된&nbsp;해외특허&nbsp;규모가&nbsp;가장&nbsp;작은&nbsp;반면,&nbsp;미국의&nbsp;경우&nbsp;수출액&nbsp;10억불당&nbsp;153건의&nbsp;해외특허가&nbsp;등록되어&nbsp;수출규모&nbsp;대비&nbsp;가장&nbsp;많은&nbsp;해외특허가&nbsp;등록된&nbsp;것으로&nbsp;파악되었다. &nbsp;*&nbsp;수출액&nbsp;대비&nbsp;해외등록특허&nbsp;비율(&lsquo;05~&rsquo;09&nbsp;누적)&nbsp;:&nbsp;미국(153건/10억불),&nbsp;일본(90건/10억불),&nbsp;중국(33건/10억불),&nbsp;유럽(17건/10억불) &nbsp;**&nbsp;&lsquo;05~&rsquo;09&nbsp;누적&nbsp;수출액&nbsp;:&nbsp;미국&nbsp;2,143억불,&nbsp;일본&nbsp;1,270억불,&nbsp;중국&nbsp;3,915억불,&nbsp;유럽&nbsp;2,544억불 &nbsp;***&nbsp;&lsquo;05~&rsquo;09&nbsp;누적&nbsp;해외등록특허&nbsp;:&nbsp;미국&nbsp;32,866건,&nbsp;일본&nbsp;11,383건,&nbsp;중국&nbsp;13,063건,&nbsp;유럽&nbsp;4,309건 &nbsp;&nbsp;참고로&nbsp;&lsquo;95년~&rsquo;09년&nbsp;동안&nbsp;미국의&nbsp;경우&nbsp;유럽에&nbsp;75천건의&nbsp;특허를&nbsp;등록하고,&nbsp;일본의&nbsp;경우&nbsp;57천건의&nbsp;특허를&nbsp;등록한&nbsp;것과&nbsp;비교하여&nbsp;볼&nbsp;때,&nbsp;한-EU&nbsp;FTA&nbsp;시행으로&nbsp;우리&nbsp;기업의&nbsp;유럽시장&nbsp;진출이&nbsp;더&nbsp;확대되기&nbsp;위해서는&nbsp;지금보다&nbsp;더&nbsp;많은&nbsp;유럽특허를&nbsp;확보하지&nbsp;않은&nbsp;이상,&nbsp;상대적으로&nbsp;유럽특허가&nbsp;부족한&nbsp;우리&nbsp;기업에게는&nbsp;유럽에서의&nbsp;국제특허분쟁이&nbsp;가장&nbsp;취약할&nbsp;것으로&nbsp;예상된다. &nbsp;&nbsp;또한,&nbsp;기술분야별로&nbsp;한국은&nbsp;전기공학&nbsp;분야에서만&nbsp;5.7만건의&nbsp;해외특허를&nbsp;출원하여&nbsp;일본&nbsp;14만건,&nbsp;미국&nbsp;10만건에&nbsp;이어&nbsp;세계&nbsp;3위인&nbsp;것을&nbsp;제외하고,&nbsp;나머지&nbsp;기술분야의&nbsp;경우&nbsp;해외특허&nbsp;출원량이&nbsp;상대적으로&nbsp;적어서&nbsp;특허를&nbsp;선점하고&nbsp;있는&nbsp;미국,&nbsp;일본,&nbsp;독일&nbsp;기업과&nbsp;국제특허분쟁이&nbsp;발생하는&nbsp;경우&nbsp;고전할&nbsp;것으로&nbsp;예상된다. &nbsp;*&nbsp;기술분야별&nbsp;미&middot;일&middot;독&nbsp;3국의&nbsp;해외특허출원&nbsp;점유율(&lsquo;03-&rsquo;07&nbsp;누적)&nbsp;:&nbsp;전기공학&nbsp;63.7%,&nbsp;기구장치&nbsp;70.1%,&nbsp;화학&nbsp;66.1%,&nbsp;기계공학&nbsp;67.2%,&nbsp;기타&nbsp;51.6% &nbsp;&nbsp;한편,&nbsp;우리&nbsp;기업이&nbsp;미국에&nbsp;가장&nbsp;많은&nbsp;해외특허를&nbsp;확보하고&nbsp;있지만,&nbsp;우리의&nbsp;주요&nbsp;경쟁&nbsp;상대국들&nbsp;역시&nbsp;미국에&nbsp;우리보다&nbsp;더&nbsp;많은&nbsp;해외특허를&nbsp;확보하고&nbsp;있어서,&nbsp;미국에서의&nbsp;국제특허분쟁도&nbsp;안심할&nbsp;수&nbsp;있는&nbsp;수준은&nbsp;아닌&nbsp;것으로&nbsp;파악되었다. &nbsp;&nbsp;우리&nbsp;기업이&nbsp;지난&nbsp;15년&nbsp;동안&nbsp;미국에&nbsp;등록한&nbsp;해외특허가&nbsp;약&nbsp;6만건인&nbsp;것과&nbsp;비교하여,&nbsp;일본은&nbsp;약&nbsp;47만건,&nbsp;유럽은&nbsp;약&nbsp;34만건의&nbsp;특허를&nbsp;미국에&nbsp;등록하고&nbsp;있어서&nbsp;우리보다&nbsp;6~8배&nbsp;많은&nbsp;특허를&nbsp;등록한&nbsp;것으로&nbsp;나타났다. &nbsp;&nbsp;아울러&nbsp;미국에서&nbsp;미국인들에&nbsp;의해&nbsp;매년&nbsp;평균&nbsp;유지관리되고&nbsp;있는&nbsp;특허가&nbsp;약&nbsp;95만건에&nbsp;이르고,&nbsp;미국인&nbsp;이외&nbsp;외국인들이&nbsp;매년&nbsp;평균&nbsp;유지관리하고&nbsp;있는&nbsp;특허도&nbsp;약&nbsp;84만건에&nbsp;이르고&nbsp;있어서,&nbsp;미국&nbsp;진출이&nbsp;많은&nbsp;우리&nbsp;기업으로서는&nbsp;미국에서의&nbsp;국제특허분쟁에&nbsp;안심할&nbsp;것이&nbsp;아니라&nbsp;이에&nbsp;대한&nbsp;대비가&nbsp;더&nbsp;철저해야&nbsp;할&nbsp;것으로&nbsp;보인다. &nbsp;*&nbsp;미국에&nbsp;등록된&nbsp;한&middot;일&middot;유럽의&nbsp;해외특허&nbsp;규모(&lsquo;95~&rsquo;09&nbsp;누적)&nbsp;:&nbsp;한국&nbsp;63천건,&nbsp;일본&nbsp;47만건,&nbsp;유럽&nbsp;34만건 &nbsp;**&nbsp;미국에서&nbsp;매년&nbsp;평균&nbsp;미국인에&nbsp;의해&nbsp;유지되고&nbsp;있는&nbsp;국내특허&nbsp;규모&nbsp;:&nbsp;95만건 &nbsp;***&nbsp;미국에서&nbsp;매년&nbsp;평균&nbsp;외국인들에&nbsp;의해&nbsp;유지되고&nbsp;있는&nbsp;해외특허&nbsp;규모&nbsp;:&nbsp;84만건 &nbsp;&nbsp;이와&nbsp;관련하여&nbsp;특허청&nbsp;산업재산정책국&nbsp;이영대&nbsp;국장은&nbsp;&ldquo;우리&nbsp;기업의&nbsp;해외&nbsp;진출이&nbsp;많아질수록&nbsp;외국기업과의&nbsp;국제특허분쟁&nbsp;역시&nbsp;더&nbsp;많아질&nbsp;것은&nbsp;불을&nbsp;보듯&nbsp;뻔한&nbsp;일이지만,&nbsp;아직까지&nbsp;한국의&nbsp;해외특허&nbsp;확보&nbsp;수준은&nbsp;규모면에서&nbsp;해외특허&nbsp;등록&nbsp;세계&nbsp;1위인&nbsp;일본의&nbsp;1/5.2,&nbsp;2위인&nbsp;미국의&nbsp;1/3.7,&nbsp;3위인&nbsp;독일의&nbsp;1/1.9&nbsp;수준에&nbsp;불과하여&nbsp;더&nbsp;많은&nbsp;해외특허를&nbsp;확보해야&nbsp;하는&nbsp;상황이다&rdquo;라는&nbsp;점을&nbsp;환기시키면서, &ldquo;이에&nbsp;반해,&nbsp;우리&nbsp;나라의&nbsp;해외특허&nbsp;출원은&nbsp;오히려&nbsp;2006년&nbsp;47천건에서&nbsp;2009년&nbsp;35천건으로&nbsp;약&nbsp;25%&nbsp;감소하여,&nbsp;향후&nbsp;미국,&nbsp;일본,&nbsp;독일&nbsp;등&nbsp;경쟁국과의&nbsp;국제특허분쟁에서&nbsp;결코&nbsp;유리한&nbsp;상황이라고&nbsp;볼&nbsp;수&nbsp;없다&rdquo;는&nbsp;문제점을&nbsp;지적하고, &ldquo;우리도&nbsp;중국의&nbsp;사례를&nbsp;참고하여&nbsp;세계&nbsp;시장진출을&nbsp;확대하면서&nbsp;경쟁국과의&nbsp;국제특허분쟁에&nbsp;승리하기&nbsp;위해서는&nbsp;앞으로&nbsp;계속&nbsp;해외특허를&nbsp;확보하는&nbsp;데&nbsp;노력해야&nbsp;할&nbsp;것이다&rdquo;고&nbsp;하였다.(2011.10.12, 특허청 홈페이지 보도자료)http://www.kipo.go.kr/kpo/user.tdf?a=user.news.press1.BoardApp&amp;board_id=press&amp;cp=1&amp;pg=1&amp;npp=10&amp;catmenu=m02_01_01_02&amp;sdate=&amp;edate=&amp;searchKey=&amp;searchVal=&amp;bunryu=&amp;st=&amp;c=1003&amp;seq=10766",한국 유럽특허가 부족하다.hwp,http://www.fact.or.kr/action.do?action=farmtech%24file&seq=535&file_seq=1,2011.10.21,박병도,535,"“한국, 유럽특허가 부족하다”",703
"&nbsp;&nbsp;■&nbsp;15년간&nbsp;유럽에&nbsp;등록된&nbsp;한국의&nbsp;해외특허는&nbsp;1만2천건에&nbsp;불과&nbsp;&nbsp;&nbsp;■&nbsp;한국,&nbsp;해외특허의&nbsp;50%를&nbsp;미국에&nbsp;등록&nbsp;&nbsp;&nbsp;특허청(청장&nbsp;이수원)이&nbsp;한국지식재산보호협회(회장&nbsp;전호석)와&nbsp;공동으로&nbsp;1995년부터&nbsp;2009년까지&nbsp;세계&nbsp;각국의&nbsp;해외특허&nbsp;출원&nbsp;및&nbsp;등록&nbsp;데이터를&nbsp;분석한&nbsp;결과,&nbsp;지난&nbsp;15년&nbsp;동안&nbsp;유럽(유럽연합&nbsp;27개국&nbsp;기준,&nbsp;이하&nbsp;같음)에&nbsp;등록된&nbsp;한국의&nbsp;해외특허는&nbsp;12천건으로,&nbsp;같은&nbsp;기간&nbsp;한국이&nbsp;해외에서&nbsp;등록받은&nbsp;전체&nbsp;126천건의&nbsp;해외특허&nbsp;중&nbsp;약&nbsp;9%만이&nbsp;유럽특허인&nbsp;것으로&nbsp;파악되었다. &nbsp;&nbsp;반면,&nbsp;같은&nbsp;기간&nbsp;미국에&nbsp;등록된&nbsp;한국의&nbsp;해외특허는&nbsp;전체의&nbsp;50%인&nbsp;63천건이며,&nbsp;일본과&nbsp;중국에는&nbsp;각각&nbsp;전체의&nbsp;16%인&nbsp;2만건씩이&nbsp;등록되어&nbsp;있어서,&nbsp;한국은&nbsp;미국에&nbsp;가장&nbsp;많이&nbsp;해외특허를&nbsp;등록한&nbsp;것으로&nbsp;파악되었다.&nbsp; &nbsp;&nbsp;이러한&nbsp;현상은&nbsp;한국의&nbsp;4대&nbsp;수출국(지역)인&nbsp;미국,&nbsp;일본,&nbsp;중국,&nbsp;유럽에&nbsp;대하여&nbsp;&lsquo;05년~&rsquo;09년&nbsp;5년&nbsp;동안&nbsp;수출한&nbsp;누적&nbsp;수출규모&nbsp;대비&nbsp;한국이&nbsp;각국에&nbsp;등록한&nbsp;누적&nbsp;해외특허&nbsp;규모를&nbsp;비교할&nbsp;때&nbsp;더&nbsp;극명하게&nbsp;나타나는데,&nbsp; 중국&nbsp;다음으로&nbsp;수출규모가&nbsp;큰&nbsp;유럽의&nbsp;경우&nbsp;수출액&nbsp;10억불당&nbsp;17건의&nbsp;해외특허가&nbsp;등록되어&nbsp;수출규모에&nbsp;비해&nbsp;등록된&nbsp;해외특허&nbsp;규모가&nbsp;가장&nbsp;작은&nbsp;반면,&nbsp;미국의&nbsp;경우&nbsp;수출액&nbsp;10억불당&nbsp;153건의&nbsp;해외특허가&nbsp;등록되어&nbsp;수출규모&nbsp;대비&nbsp;가장&nbsp;많은&nbsp;해외특허가&nbsp;등록된&nbsp;것으로&nbsp;파악되었다. &nbsp;*&nbsp;수출액&nbsp;대비&nbsp;해외등록특허&nbsp;비율(&lsquo;05~&rsquo;09&nbsp;누적)&nbsp;:&nbsp;미국(153건/10억불),&nbsp;일본(90건/10억불),&nbsp;중국(33건/10억불),&nbsp;유럽(17건/10억불) &nbsp;**&nbsp;&lsquo;05~&rsquo;09&nbsp;누적&nbsp;수출액&nbsp;:&nbsp;미국&nbsp;2,143억불,&nbsp;일본&nbsp;1,270억불,&nbsp;중국&nbsp;3,915억불,&nbsp;유럽&nbsp;2,544억불 &nbsp;***&nbsp;&lsquo;05~&rsquo;09&nbsp;누적&nbsp;해외등록특허&nbsp;:&nbsp;미국&nbsp;32,866건,&nbsp;일본&nbsp;11,383건,&nbsp;중국&nbsp;13,063건,&nbsp;유럽&nbsp;4,309건 &nbsp;&nbsp;참고로&nbsp;&lsquo;95년~&rsquo;09년&nbsp;동안&nbsp;미국의&nbsp;경우&nbsp;유럽에&nbsp;75천건의&nbsp;특허를&nbsp;등록하고,&nbsp;일본의&nbsp;경우&nbsp;57천건의&nbsp;특허를&nbsp;등록한&nbsp;것과&nbsp;비교하여&nbsp;볼&nbsp;때,&nbsp;한-EU&nbsp;FTA&nbsp;시행으로&nbsp;우리&nbsp;기업의&nbsp;유럽시장&nbsp;진출이&nbsp;더&nbsp;확대되기&nbsp;위해서는&nbsp;지금보다&nbsp;더&nbsp;많은&nbsp;유럽특허를&nbsp;확보하지&nbsp;않은&nbsp;이상,&nbsp;상대적으로&nbsp;유럽특허가&nbsp;부족한&nbsp;우리&nbsp;기업에게는&nbsp;유럽에서의&nbsp;국제특허분쟁이&nbsp;가장&nbsp;취약할&nbsp;것으로&nbsp;예상된다. &nbsp;&nbsp;또한,&nbsp;기술분야별로&nbsp;한국은&nbsp;전기공학&nbsp;분야에서만&nbsp;5.7만건의&nbsp;해외특허를&nbsp;출원하여&nbsp;일본&nbsp;14만건,&nbsp;미국&nbsp;10만건에&nbsp;이어&nbsp;세계&nbsp;3위인&nbsp;것을&nbsp;제외하고,&nbsp;나머지&nbsp;기술분야의&nbsp;경우&nbsp;해외특허&nbsp;출원량이&nbsp;상대적으로&nbsp;적어서&nbsp;특허를&nbsp;선점하고&nbsp;있는&nbsp;미국,&nbsp;일본,&nbsp;독일&nbsp;기업과&nbsp;국제특허분쟁이&nbsp;발생하는&nbsp;경우&nbsp;고전할&nbsp;것으로&nbsp;예상된다. &nbsp;*&nbsp;기술분야별&nbsp;미&middot;일&middot;독&nbsp;3국의&nbsp;해외특허출원&nbsp;점유율(&lsquo;03-&rsquo;07&nbsp;누적)&nbsp;:&nbsp;전기공학&nbsp;63.7%,&nbsp;기구장치&nbsp;70.1%,&nbsp;화학&nbsp;66.1%,&nbsp;기계공학&nbsp;67.2%,&nbsp;기타&nbsp;51.6% &nbsp;&nbsp;한편,&nbsp;우리&nbsp;기업이&nbsp;미국에&nbsp;가장&nbsp;많은&nbsp;해외특허를&nbsp;확보하고&nbsp;있지만,&nbsp;우리의&nbsp;주요&nbsp;경쟁&nbsp;상대국들&nbsp;역시&nbsp;미국에&nbsp;우리보다&nbsp;더&nbsp;많은&nbsp;해외특허를&nbsp;확보하고&nbsp;있어서,&nbsp;미국에서의&nbsp;국제특허분쟁도&nbsp;안심할&nbsp;수&nbsp;있는&nbsp;수준은&nbsp;아닌&nbsp;것으로&nbsp;파악되었다. &nbsp;&nbsp;우리&nbsp;기업이&nbsp;지난&nbsp;15년&nbsp;동안&nbsp;미국에&nbsp;등록한&nbsp;해외특허가&nbsp;약&nbsp;6만건인&nbsp;것과&nbsp;비교하여,&nbsp;일본은&nbsp;약&nbsp;47만건,&nbsp;유럽은&nbsp;약&nbsp;34만건의&nbsp;특허를&nbsp;미국에&nbsp;등록하고&nbsp;있어서&nbsp;우리보다&nbsp;6~8배&nbsp;많은&nbsp;특허를&nbsp;등록한&nbsp;것으로&nbsp;나타났다. &nbsp;&nbsp;아울러&nbsp;미국에서&nbsp;미국인들에&nbsp;의해&nbsp;매년&nbsp;평균&nbsp;유지관리되고&nbsp;있는&nbsp;특허가&nbsp;약&nbsp;95만건에&nbsp;이르고,&nbsp;미국인&nbsp;이외&nbsp;외국인들이&nbsp;매년&nbsp;평균&nbsp;유지관리하고&nbsp;있는&nbsp;특허도&nbsp;약&nbsp;84만건에&nbsp;이르고&nbsp;있어서,&nbsp;미국&nbsp;진출이&nbsp;많은&nbsp;우리&nbsp;기업으로서는&nbsp;미국에서의&nbsp;국제특허분쟁에&nbsp;안심할&nbsp;것이&nbsp;아니라&nbsp;이에&nbsp;대한&nbsp;대비가&nbsp;더&nbsp;철저해야&nbsp;할&nbsp;것으로&nbsp;보인다. &nbsp;*&nbsp;미국에&nbsp;등록된&nbsp;한&middot;일&middot;유럽의&nbsp;해외특허&nbsp;규모(&lsquo;95~&rsquo;09&nbsp;누적)&nbsp;:&nbsp;한국&nbsp;63천건,&nbsp;일본&nbsp;47만건,&nbsp;유럽&nbsp;34만건 &nbsp;**&nbsp;미국에서&nbsp;매년&nbsp;평균&nbsp;미국인에&nbsp;의해&nbsp;유지되고&nbsp;있는&nbsp;국내특허&nbsp;규모&nbsp;:&nbsp;95만건 &nbsp;***&nbsp;미국에서&nbsp;매년&nbsp;평균&nbsp;외국인들에&nbsp;의해&nbsp;유지되고&nbsp;있는&nbsp;해외특허&nbsp;규모&nbsp;:&nbsp;84만건 &nbsp;&nbsp;이와&nbsp;관련하여&nbsp;특허청&nbsp;산업재산정책국&nbsp;이영대&nbsp;국장은&nbsp;&ldquo;우리&nbsp;기업의&nbsp;해외&nbsp;진출이&nbsp;많아질수록&nbsp;외국기업과의&nbsp;국제특허분쟁&nbsp;역시&nbsp;더&nbsp;많아질&nbsp;것은&nbsp;불을&nbsp;보듯&nbsp;뻔한&nbsp;일이지만,&nbsp;아직까지&nbsp;한국의&nbsp;해외특허&nbsp;확보&nbsp;수준은&nbsp;규모면에서&nbsp;해외특허&nbsp;등록&nbsp;세계&nbsp;1위인&nbsp;일본의&nbsp;1/5.2,&nbsp;2위인&nbsp;미국의&nbsp;1/3.7,&nbsp;3위인&nbsp;독일의&nbsp;1/1.9&nbsp;수준에&nbsp;불과하여&nbsp;더&nbsp;많은&nbsp;해외특허를&nbsp;확보해야&nbsp;하는&nbsp;상황이다&rdquo;라는&nbsp;점을&nbsp;환기시키면서, &ldquo;이에&nbsp;반해,&nbsp;우리&nbsp;나라의&nbsp;해외특허&nbsp;출원은&nbsp;오히려&nbsp;2006년&nbsp;47천건에서&nbsp;2009년&nbsp;35천건으로&nbsp;약&nbsp;25%&nbsp;감소하여,&nbsp;향후&nbsp;미국,&nbsp;일본,&nbsp;독일&nbsp;등&nbsp;경쟁국과의&nbsp;국제특허분쟁에서&nbsp;결코&nbsp;유리한&nbsp;상황이라고&nbsp;볼&nbsp;수&nbsp;없다&rdquo;는&nbsp;문제점을&nbsp;지적하고, &ldquo;우리도&nbsp;중국의&nbsp;사례를&nbsp;참고하여&nbsp;세계&nbsp;시장진출을&nbsp;확대하면서&nbsp;경쟁국과의&nbsp;국제특허분쟁에&nbsp;승리하기&nbsp;위해서는&nbsp;앞으로&nbsp;계속&nbsp;해외특허를&nbsp;확보하는&nbsp;데&nbsp;노력해야&nbsp;할&nbsp;것이다&rdquo;고&nbsp;하였다.(2011.10.12, 특허청 홈페이지 보도자료)http://www.kipo.go.kr/kpo/user.tdf?a=user.news.press1.BoardApp&amp;board_id=press&amp;cp=1&amp;pg=1&amp;npp=10&amp;catmenu=m02_01_01_02&amp;sdate=&amp;edate=&amp;searchKey=&amp;searchVal=&amp;bunryu=&amp;st=&amp;c=1003&amp;seq=10766",해외 출원 분석결과 요약 및 통계.hwp,http://www.fact.or.kr/action.do?action=farmtech%24file&seq=535&file_seq=2,2011.10.21,박병도,535,"“한국, 유럽특허가 부족하다”",703
"흔히 과학기술인과 돈은 거리가 멀다고 생각한다. 연구실에서 실험하고 분석하는 그들의 생활을 보면 많은 돈을 벌 것 같지가 않기 때문이다. 하지만 한 우물만 파던 과학기술인이 많은 기술이전료를 받는 뉴스가 속속 등장하고 있다. 돈만 버는 것도 아니다. 이들의 기술이 상용화되면 더 살기 좋은 사회를 만들 수 있다. 연구 하나로 돈도 벌고, 세상에 공헌하는 과학기술인의 이야기를 소개한다.●터치 방식의 혁신 가져오다&ldquo;이 기술이 이렇게 발전할 줄 몰랐어요. 2001년 한국표준과학연구원에 입사해서 맡게 된 게 &lsquo;촉각센서&rsquo;인데, 이 주제를 9~10년 정도 꾸준히 연구하다보니 기술이전도 되고, 제품화까지 간 것 같아요.&rdquo;표준연 기반표준본부 김종호 박사의 말이다. 그는 2008년 &lsquo;초소형 마우스와 터치스크린 기술&rsquo;을 개발해 (주)미성포리테크에 기술이전했다. 당시 그가 계약한 기술이전료는 325억원. 정부출연연구소에서 나온 기술이전료 규모 중에서 두 번째로 많은 액수다. 참고로 ETRI(한국전자통신연구원)의 CDMA(Code Division Multiple Access)가 3,300억 원으로 가장 많다.(중략)●&lsquo;마르지 않는 바다 리튬광산&rsquo;을 꿈꾸다한국지질자원연구원의 정강섭 박사도 10년간 한 우물을 판 연구자다. 그는 2000년부터 10여 년 동안 바닷물에서 자원을 뽑아내는 연구를 했다. 미량의 자원을 추출하는 일이라 아무도 신경 쓰지 않았지만 2009년 마침내 결과가 나왔다. 바닷물에서 리튬을 추출하는 원천기술을 개발한 것이다. 리튬은 노트북용 배터리나 전기차 배터리에 들어가는 중요한 원료다. 하지만 중국이나 칠레에서 90%가 생산될 정도로 부존량이 편중돼 있다.정 박사가 개발한 원천기술은 2009년 포스코에 기술이전됐다. 지질자원연과 국토해양부, 포스코가 &lsquo;해양 용존 리튬 추출기술 상용화 공동연구 협정&rsquo;을 체결하고 5년간 상용화 기술을 개발하기 위해 300억 원을 투자하기로 한 것. 이 과정에서 지질자원연은 &lsquo;기술실시허역권&rsquo;으로 40억 원의 기술료를 추가로 받았다.그는 &ldquo;기술실시허역권은 지난 10년간 개발한 기술을 활용하는 것에 대한 비용을 지불하는 것&rdquo;이라며 &ldquo;통상 해당 기술만 일정한 금액에 계약하는 경우가 많은데, 우리 기술은 그간의 연구 성과에 대한 기술료를 따로 지불한 것이라 특별하다&rdquo;고 전했다.(후략)(2011.09.27, 사이언스)http://news.dongascience.com/PHP/NewsView.php?kisaid=20110919200002252835&amp;classcode=01",2011.09.29,박병도,534,"연구만 했을 뿐인데… 돌아보니 ‘돈 벌고, 사회도 돕고’",802,"“한국, 유럽특허가 부족하다”",703
"특허청공고 제2011 - 114호&nbsp;2011 대학창의발명대회(발명 특허ㆍ공모 부문)&nbsp;신청접수 공고&nbsp;특허청&middot;한국과학기술단체총연합회&middot;한국과학창의재단은 대학발명활동을 통한 창의적이고 지식재산에 강한 발명인재를 양성하고, 우수한 발명을 창출&middot;발굴하기 위하여 진행하는 「2011 대학창의발명대회」의「발명특허부문ㆍ발명공모부문」의 신청접수를 다음과 같이 공고합니다.&nbsp;2011년 8월 8일특허청장 &middot; 한국과학기술단체총연합회장 &middot; 한국과학창의재단이사장자세한 내용은 아래 주소로 링크하여 확인하시기 바랍니다.http://www.kipa.org/kipaweb/bbs/view.kipa?bs_sid=1248&amp;bc_sid=4&amp;ct_sid=624&amp;cat_fx=458&amp;ct_view=T&amp;cat_sc=3206&amp;tcrx=bbs_4",2011_대학창의발명대회(특허_공모부문)공고문.hwp,http://www.fact.or.kr/action.do?action=farmtech%24file&seq=533&file_seq=1,2011.08.10,박병도,533,2011 대학창의발명대회(발명 특허ㆍ공모 부문) 신청접수 공고,719
"특허청공고 제2011 - 114호&nbsp;2011 대학창의발명대회(발명 특허ㆍ공모 부문)&nbsp;신청접수 공고&nbsp;특허청&middot;한국과학기술단체총연합회&middot;한국과학창의재단은 대학발명활동을 통한 창의적이고 지식재산에 강한 발명인재를 양성하고, 우수한 발명을 창출&middot;발굴하기 위하여 진행하는 「2011 대학창의발명대회」의「발명특허부문ㆍ발명공모부문」의 신청접수를 다음과 같이 공고합니다.&nbsp;2011년 8월 8일특허청장 &middot; 한국과학기술단체총연합회장 &middot; 한국과학창의재단이사장자세한 내용은 아래 주소로 링크하여 확인하시기 바랍니다.http://www.kipa.org/kipaweb/bbs/view.kipa?bs_sid=1248&amp;bc_sid=4&amp;ct_sid=624&amp;cat_fx=458&amp;ct_view=T&amp;cat_sc=3206&amp;tcrx=bbs_4",붙임1._2011_대학창의발명대회(특허_공모부문)요강.hwp,http://www.fact.or.kr/action.do?action=farmtech%24file&seq=533&file_seq=2,2011.08.10,박병도,533,2011 대학창의발명대회(발명 특허ㆍ공모 부문) 신청접수 공고,719
"- 2011년 특허기술거래 통합 컨설팅 지원 - 특허청(청장 이수원)은 중소기업이나 개인발명가의 특허기술거래를 지원하기 위해,「특허기술거래 통합 컨설팅 사업」을 실시한다.&nbsp; 특허기술거래 통합 컨설팅은 기업이 필요로 하는 특허 수요를 조사한 다음, 이와 매칭되는 특허를 찾아내어 기술거래를 지원하는 사업이다. 이 사업은 매칭특허를 찾아주는 데에 그치지 않고, 기술거래에 필요한 가격협상, 계약절차, 기술사업화 전략 등에 대한 컨설팅을 종합적으로 제공한다. 특히 오는 3월24일까지 중소기업 등을 대상으로 &lsquo;특허기술 수요조사&rsquo;가 진행 중이므로, 특허기술 도입을 희망하는 중소기업은 정해진 기간 내에 사업주관기관인 한국발명진흥회에 신청하면 된다.&nbsp; 특허청과 한국발명진흥회는 최근 3년간 총 300여건의 특허기술거래를 성사시켰으며, 특히 자금이나 전문성이 부족해 특허 사업화에 어려움을 겪고 있는 중소기업이나 예비창업자 등이 혜택을 받았다. 실례로 중소기업인 A社의 경우에는 한국발명진흥회 특허유통상담관의 도움을 받아 자신이 가지고 있던 창호관련 특허를 중소기업인 B社에 일시불 9천만원을 받고 기술을 이전했고, 현재 동 특허기술을 사업화 준비 중에 있다.&nbsp;또한, 예비창업자인 C社는 특허청의 지원을 받아 중소기업인 D社로부터 김치유산균 관련 특허를 3천만원의 기술료로 라이센싱 받아 제품 생산에 성공했고, 현재 해외 수출도 준비 중이다. 한편, 특허청은 온라인상에서도 특허기술거래가 활성화될 수 있도록 인터넷특허기술장터(www.ipmart.or.kr)에 상시 특허기술경매시스템을 구축하여 금년 6월부터 개통할 예정이다.&nbsp; 특허청 산업재산진흥과 김기범 과장은 &ldquo;특허청은 급변하는 기술개발 환경변화에 맞추어, 기업이 직접 기술개발에 드는 비용과 시간을 절약할 수 있도록, 특허기술거래 지원을 강화하겠다. &rdquo;라고 밝혔다. 「특허기술거래 통합 컨설팅」에 관한 자세한 신청방법 및 내용은 특허청 홈페이지(www.kipo.go.kr)나 한국발명진흥회(www.kipa.org) 특허평가거래팀(02-3459-2882, 2884), 인터넷특허기술장터(www.ipmart.or.kr)를 통해서 확인할 수 있다. 또한, 특허거래정보센터(서울 역삼동 한국지식재산센터 3층)를 방문하면 특허유통상담관에게 직접 상담을 받을 수 있다. (2011.3.21, 특허청 홈페이지 보도자료)http://www.kipo.go.kr/kpo/user.tdf?a=user.news.press1.BoardApp&amp;board_id=press&amp;cp=1&amp;pg=1&amp;npp=10&amp;catmenu=m02_01_01_02&amp;sdate=&amp;edate=&amp;searchKey=&amp;searchVal=&amp;bunryu=&amp;st=&amp;c=1003&amp;seq=10181 ",2011.03.22,이진필,532,"“특허기술거래, 특허청이 도와드립니다.”",575,2011 대학창의발명대회(발명 특허ㆍ공모 부문) 신청접수 공고,719
"- 최근 3년간 전남 순천시 218건 출원으로 지자체 1위 차지 -&nbsp; 경기도의 &ldquo;잎맞춤&rdquo;, 부여군의 &ldquo;굿뜨래&rdquo;, 음성군의 &ldquo;햇사래&rdquo;, 정읍시의&ldquo;단풍미인&rdquo;, 보성군의 &ldquo;녹차수도 보성&rdquo;, 동해시의 &ldquo;동트는 동해&rdquo; 등 지방자치단체마다 지역경제 활성화와 지역경쟁력 강화를 위해 개발&middot;공모한 지자체 공동브랜드(농&middot;축산물, 식품 등)의 권리화 바람이 불고 있다. 특허청(청장 이수원)에 따르면, 지자체의 공동브랜드 출원건수는 2007년 1,356건, 2008년 1,632건, 2009년 1,728건에 이어 지난해 1,986건으로 꾸준히 증가하고 있다. 그 가운데 특히 경북 경산시는 2006년에 1건, 2008년에 2건에 불과하던 출원건수가 지난해에 148건 (2010년 기준 기초자치단체의 출원건수 1위)으로 폭발적인 증가를 보였다.&nbsp; 최근 3년간 광역자치단별 공동브랜드 출원현황을 보면, 경상북도 소속 지자체가 1,054건을 출원하여 1위를 차지하였고, 817건 과 652건을 각각 출원한 전라남도와 경기도 소속 지자체가 그 뒤를 이었다. 이 기간동안 기초자치단체별로는 순천시가 218건을 출원하여 전체 1위를 차지하였고, 150건 의 경산시와 149건의 강릉시가 2위와 3위를 차지하였다. 이처럼 지자체 공동브랜드의 상표출원이 늘어나고 있는 것은 지역적&middot;역사적 특성을 살려 지역인지도를 높임으로써 지역의 주민과 중소기업의 권리를 보호하고, 지역경쟁력강화와 지역경제활성활를 위해 공동브랜드를 서둘러 권리화 하려는 것으로 보인다. 또한, 국회에 계류중인「지식재산기본법」의 시행을 앞두고 지자체마다 지식재산에 대한 인식전환으로 지자체의 특산품 등 공동브랜드를 권리화함으로써 그동안 지속적으로 발생해 왔던 지자체공동브랜드 분쟁사례도 획기적으로 줄어들 전망이다. 특허청 관계자는 &ldquo;지자체 축제명칭 등 공동브랜드를 출원하고자 할 경우, 서비스제공 내용 등을 직접적으로 표시한 표장은 상표등록을 받을 수 없으므로 지자체의 로고와 결합하여 출원하는 등 식별력 있는 도형등과 결합하여 출원하여야 상표등록 가능성이 높다&rdquo; 고 말했다. (2011.3.3, 특허청 보도자료)http://www.kipo.go.kr/kpo/user.tdf?a=user.news.press1.BoardApp&amp;board_id=press&amp;cp=1&amp;pg=1&amp;npp=10&amp;catmenu=m02_01_01_02&amp;sdate=&amp;edate=&amp;searchKey=&amp;searchVal=&amp;bunryu=&amp;st=&amp;c=1003&amp;seq=10140",2011.03.14,이진필,531,지방자치단체 「공동브랜드」권리화 바람 !,512,2011 대학창의발명대회(발명 특허ㆍ공모 부문) 신청접수 공고,719
"세계여성발명대회&middot;박람회&middot;포럼&middot;워크숍」, 5월4일부터 11일까지 열려 특허청(청장 이수원)은 한국여성발명협회, 세계지식재산권기구(WIPO)와 함께 전 세계 여성발명인 및 기업인들의 재미있고 신기한 발명품들을 전시하는「2011대한민국세계여성발명대회(Korea International Women's Invention Exposition : KIWIE2011」와「대한민국여성발명품박람회」를 5월4일(수)부터 7일(토)까지 서울 코엑스 A홀에서 개최한다. 5월 발명의 달을 맞아 열리는 이번 행사는 체코, 대만, 브라질, 말레이시아 등 약 30개국 500여명의 여성발명인과 기업인이 참여하고, 이번 대회와 함께 세계여성발명포럼(5.6, 코엑스 컨퍼런스룸 402호)과 세계여성발명&middot;기업인워크숍(5.8~11, 이화여대 ECC극장)도 열려 전시, 경연, 학술, 교육 프로그램이 모두 어우러진 명실 공히 세계 최대 규모의 여성 발명 축제가 될 것으로 보고 있다. 이번 발명대회에서는 지식재산권(특허, 실용신안, 디자인)으로 출원 중이거나 등록된 권리를 보유한 여성, 여대생 및 여성기업이 출품한 발명품을 대상으로 심사&middot;시상하며, 박람회는 국내 여성기업 제품 전시회로, 올해는 태국, 베트남 등의 해외기업을 포함해 여성발명인, 여성이 대표, 또는 임원으로 재직 중인 약 120개 사의 우수 발명특허제품, 아이디어 상품이 선보일 예정이다. 행사장은 △국내&middot;외 우수한 여성 발명 아이디어를 전시하는 발명대회 출품관, △여성기업인들의 발명품, 아이디어 상품이 전시되는 박람회관 △국내&middot;외 발명관련 단체, 기관의 홍보관 △발명 체험 및 문화 행사가 진행되는 행사관으로 구성되어있다.&nbsp; 행사 3일째인 5월6일(금)에는 국내외 여성발명인들의 미래비전을 공유하는 「대한민국세계여성발명포럼」을 코엑스 컨퍼런스룸 402호에서 개최한다. 동 포럼에서는 &lsquo;여성발명기업인을 위한 세계 각국의 지원 정책&rsquo;, &lsquo;지식재산시대 브랜드와 디자인의 중요성&rsquo;, &lsquo;여성발명인과 기업가 정신&rsquo; 등을 내용으로 세계지식재산권기구(WIPO), 폴란드, 싱가포르 등 각국 정부 대표, 국내외 학계 전문가, 여성발명기업인 등이 참여해 여성기업을 육성하기 위한 방안에 대해 활발한 토론을 펼칠 예정이다. 대회에 이어 5월8일(일)부터 5월11(수)까지 (이화여대 ECC극장에서) 세계여성발명&middot;기업인워크숍&middot;도 열린다. 세계지식재산권기구의 교육프로그램인 &lsquo;IP파노라마&rsquo;와 여성발명인과 중소기업에 필요한 지식재산권 및 창의 교육, 여성의 틈새시장 창출, 스마트폰 특허전쟁, 한국전통문화체험 등이 있을 예정이다. 「대한민국세계여성발명대회」는 세계 여성발명인, 기업인의 정보 교류 및 협력을 강화하고, 여성발명품의 홍보, 전시의 기회를 확대하기 위해 지난 2008년부터 개최하기 시작한 올해로 4회째를 맞고 있다. 지난해에는 29개국에서 약 240점이 참여, 세계적 규모의 유일한 여성발명대회로 평가받았다.&nbsp; 전시, 포럼 및 워크숍의 참석은 모두 무료이며, 자세한 정보는 행사홈페이지(www.kiwie.or.kr)나 한국여성발명협회(02-538-2710)에 문의하면 된다. (2011.4.28, 특허청 홈페이지 보도자료)http://www.kipo.go.kr/kpo/user.tdf?a=user.news.press1.BoardApp&amp;board_id=press&amp;cp=1&amp;pg=1&amp;npp=10&amp;catmenu=m02_01_01_02&amp;sdate=&amp;edate=&amp;searchKey=&amp;searchVal=&amp;bunryu=&amp;st=&amp;c=1003&amp;seq=10298",2011.04.29,이진필,530,전 세계 여성 발명품이 코엑스에 모인다 !,593,2011 대학창의발명대회(발명 특허ㆍ공모 부문) 신청접수 공고,719
"소득 수준이 높아져 안전한 먹거리를 찾게 됨에 따라 유기농 식품과 함께 친환경 유기농업에 대한 관심이 높아지고 있다. 유기농업은 살충제, 제초제 등의 농약을 사용하지 않고, 비료로는 화학비료 대신 퇴비나 천연광물, 미생물 등과 같은 천연물만 사용하는 농업을 말한다. 이는 자연 생태계를 보호하고, 토양의 유기물 함량을 높여 지력(地力)을 증진시킴으로써 지속가능한 생산성을 확보할 수 있다. 특히 최근에는 그동안 매립하거나 소각해오던 유기성 폐기물을 퇴비화한 유기질비료에 대한 연구가 활발히 진행되고 있다. 유기질비료는 음식물 쓰레기, 하수종말 처리장 슬러지, 도축 폐기물, 계분 등의 유기성 폐기물에 토양에 유용한 미생물, 광물질 등을 첨가하여 발효시켜 만든 비료이다. 특허청(청장 이수원) 자료에 의하면, 2006년부터 2010년까지 5년간 유기질 비료에 관한 특허는 총 282건이 출원되었는데 그동안 연평균 14%의 높은 증가세를 보였다. 출원인은 개인 및 중소기업이 84%로 대부분을 차지한다. 이는 연구개발이 소규모 시설 위주로 이루어지기 때문인데, 최근 축산 폐기물의 이동에 의해 구제역이나 조류인플루엔자(AI)가 확산된 점을 고려하면 바람직한 방향으로 연구가 이루어지는 것으로 볼 수 있다. 한편, 친환경 농산물에 대한 수요 증가로 친환경 농산물 재배면적 및 농가가 매년 증가 추세에 있고, 정부차원에서도 화학비료 및 농약의 사용량을 매년 3% 이상 감소시킴과 아울러 유기질 비료 및 토양개량제의 지원 확대를 통해 지력을 증진시키는 등 친환경 농업육성에 다각도로 노력을 기울이고 있다. 따라서, 앞으로 지방자치단체, 영농법인, 대학의 산학협력단, 개인 및 중소기업을 중심으로 각 지역의 토양 및 특성에 맞는 맞춤형 친환경 유기질 비료에 대한 연구개발이 활발하게 이루어져 이 분야의 특허출원 또한 지속적으로 증가할 것으로 예상된다. (2011.4.7. 특허청 홈페이지 보도자료)http://www.kipo.go.kr/kpo/user.tdf?a=user.news.press1.BoardApp&amp;board_id=press&amp;cp=1&amp;pg=1&amp;npp=10&amp;catmenu=m02_01_01_02&amp;sdate=&amp;edate=&amp;searchKey=&amp;searchVal=&amp;bunryu=&amp;st=&amp;c=1003&amp;seq=10242",2011.04.12,이진필,529,토양을 되살리는 친환경 유기질 비료!,656,2011 대학창의발명대회(발명 특허ㆍ공모 부문) 신청접수 공고,719
"식품 관련된 특허는 특허가 출원된 당시의 사회 트렌드와 밀접한 관계가 있다. 따라서 트렌드의 파악은 결국 식품 산업의 발전 방안의 시발점에 해당된다. 우리나라는 주식을 섭취하는 쌀뿐만 아니라 과일, 야채의 제조, 차와 알코올 음료의 제보까지 전 분야에 걸쳐 기능성 물질의 첨가가 주된 경향으로 나타나고 있다. 그러나 일본의 경우 첨가물의 형태보다는 제보 방법 혹은 용기나 장치에 대힌 특허가 많은 부분을 차지하는 편이다. 기능성 첨가물이 많은 우리나라의 대부분의 특허는 단순 특허의 형태로 산업화의 연결은 어려운 편인데 이는 기능에 대한 객관적인 자료가 부족하기 때문이다. 따라서 단순 특허를 벗어나 원천 특허로 만들수 있는 방향으로 국가는 정책적으로 유도할 필요가 있다.",2011.01.19,이진필,528,농식품관련 특허 동향,596,2011 대학창의발명대회(발명 특허ㆍ공모 부문) 신청접수 공고,719
"충남 논산시농업기술센터(소장 신도식)는 지난달 딸기재배기술과 가공설비 등 딸기와 관련해 3건의 특허를 획득했다고 11일 밝혔다.재배기술 특허는 '저면관수법을 이용한 딸기육묘방법'과 '지하 분무경을 이용한 입체삽식육묘방법'이고, 가공설비 특허는 '냉동용 딸기세척시스템'이다.(후략) (2011.1.11, 연합뉴스)http://news.naver.com/main/read.nhn?mode=LSD&amp;mid=sec&amp;sid1=102&amp;oid=001&amp;aid=0004862736 ",2011.01.18,이진필,527,논산 농기센터 딸기재배기술 특허 3건 획득,571,2011 대학창의발명대회(발명 특허ㆍ공모 부문) 신청접수 공고,719
"스마트폰 화면 한 손가락 축소&middot;확대, 모음 없는 자판&hellip; 2년 만에 특허 60개 출원한 KAIST 박사과정 황성재씨&lsquo;2년에 특허 60여 개 출원하고, 현재 등록된 특허만 15개&rsquo; &lsquo;두 가지의 기술을 각각 5억원씩 기술료 받기로 하고 기업에 이전&rsquo; &lsquo; 각종 발명 관련 상 단골 수상&rsquo;&hellip;.KAIST 문화기술대학원 박사과정 2학기 차 학생인 황성재(29)씨가 그 주인공이다. 그는 &lsquo;발명 제작기&rsquo; 같다는 느낌이 들 정도다. 그가 주력하는 발명 분야는 스마트폰이나 mp3 등 전자기기를 사람들이 손쉽게 이용할 수 있도록 하는 기술이다.대부분의 스마트폰 터치 화면을 확대하거나 축소하려면 지금은 두 손가락으로 해야 한다. 황씨는 한 손가락으로도 가능한 기술을 개발했다. &rsquo;가상 손가락&rsquo;이라는 아이디어를 적용한 것이다. 한 손가락을 화면에 찍은 뒤 확대하고자 하는 곳에 한 손가락을 대기만 하면 된다.mp3나 스마트폰으로 음악을 들을 때 선곡을 위해 꼭 손으로 조작해야 하는 불편도 없앴다. 이어폰 옆에 치아가 부딪치는 소리를 인식할 수 있는 마이크를 부착해 오른쪽 이를 부딪치면 다음 곡으로 넘어가고, 왼쪽 이를 부딪치면 이전 곡으로 한 곡씩 넘어 가도록 하는 식이다. 이러면 선곡에 손을 쓸 필요가 없다.한글 입력 자판에 모음을 없애기도 했다.&lsquo;소&rsquo;를 입력한다면 &lsquo;ㅅ&rsquo;을 누른 뒤 아래로 내리면 자동으로 &lsquo;소&rsquo;가 입력된다.&rsquo;서&rsquo;를 입력하려면 &lsquo;ㅅ&rsquo;를 누른 뒤 오른쪽 옆으로 밀면 원하는 글자가 입력되게 했다. 그의 특허는 이처럼 기발하면서도 적용하기도 쉬운 것들이 대부분이다.(후략) (2011.1.18, 중앙일보)http://news.joinsmsn.com/article/657/4938657.html?ctg=1603 ",2011.01.18,이진필,526,"기술료 수입 10억, 넘치는 아이디어 못 말리는 ‘학생 발명왕’",729,2011 대학창의발명대회(발명 특허ㆍ공모 부문) 신청접수 공고,719
"- 공개공보 발간기간 2일 단축, 조기에 권리행사&middot;활용 가능 -&nbsp;특허청(청장 이수원)은 출원된 발명을 보다 신속하게 공개하기 위해 산업재산권 공보 발간절차를 개선하여, 오는 2011년 1월 3일부터 시행한다고 밝혔다.이에 따라, 앞으로 발명자는 그 발명을 실시하는 자에게 경고장을 발송하거나, 보상금을 청구하는 등 자신의 발명에 대한 권리행사를 더 빨리 할 수 있다. 그리고 일반인들도 공개되는 기술을 더 일찍 활용할 수 있게 된다.현재 특허청은 출원된 발명을 공개함으로써 일반인들이 그 발명을 활용할 수 있도록 1948년부터 공보를 발간하고 있다. 1998년부터는 기존 책자 형태의 공보를 CD-ROM의 전자적 형태로 전환하여 발간하고, 2001년부터는 특허청 홈페이지에도 게재하고 있다. 대표적으로는 특허와 실용신안 공개공보가 있으며, 등록공보를 포함하여 연간 약 30만 건을 발간하고 있다.특허가 출원되면 통상 1년6개월 후에 공개하나, 출원인이 필요에 의해 조기 공개를 신청하는 경우에는 바로 공개한다. 그러나 민원서류 접수대기, 문서편집으로 인해 실제 이보다 많은 기간이 지나서 발간됐다. 그러나 금번에 이러한 공보 발간절차를 개선, 발간기간을 단축하여 출원된 발명을 예전보다 일찍 공개하게 됐다.강철환 정보관리과장은 &ldquo;출원인들이 자기 발명에 대한 권리를 빨리 행사하거나, 우선심사 청구 등을 위해 조기공개를 신청하고 있는데, 공보 발간기간을 단축하는 것이 이러한 출원인들에게 아주 유익할 것&rdquo;이라고 말했다.(2011.1.3. 특허청 홈페이지 보도자료)&nbsp;http://www.kipo.go.kr/kpo2/user.tdfa=user.news.press1.BoardApp&amp;board_id=press&amp;cp=1&amp;pg=1&amp;npp=10&amp;catmenu=m02_01_01_02&amp;sdate=&amp;edate=&amp;searchKey=&amp;searchVal=&amp;bunryu=&amp;st=&amp;c=1003&amp;seq=9998",2011.01.04,이진필,525,"“나의 특허권, 더 빨리 행사할 수 있다”",722,2011 대학창의발명대회(발명 특허ㆍ공모 부문) 신청접수 공고,719
"",2011.08.03,박병도,524,2011서울국제발명전시회 출품신청 안내,729,2011 대학창의발명대회(발명 특허ㆍ공모 부문) 신청접수 공고,719
"- 상표 출원건수 전년동기대비 11.9% 증가 -□ 출원동향&nbsp;o &lsquo;11년 2/4분기 지식재산권 출원건수는 91,225건으로 전년동기대비 4.8% 증가&nbsp; - 권리별로는 특허는 4.5%, 상표는 11.9% 증가하였으나 디자인은 4.2% 감소&nbsp;&nbsp;&nbsp; ※실용신안의 경우 선등록제도, 이중출원제도 폐지 등으로 계속 감소(▽ 9.6%)&nbsp;o 내&middot;외국별로는 내국인과 외국인이 각각 4.9%, 4.3% 증가&nbsp; - 특허의 경우 내국인은 4.4%, 외국인은 4.7%증가&nbsp; - 지역별로는 울산이 72.2%, 충남이 19.2%로서 가장 높은 증가율&nbsp; - 국적별로는 스웨덴이 24.6%, 중국이 19.4% 증가&nbsp;o 출원인별로는 대기업과 중소기업이 각각 1.6%, 6.0% 증가하였으며 학교법인이 76.0%로 두드러지게 증가&nbsp; -&nbsp; 2/4분기에 두드러진 출원증가율을 보인 출원인은 특허&middot;실용신안의 경우 현대중공업, 상표에서는 부산은행, 웅진코웨이, 디자인은 (주)우일휀스로 나타남&nbsp;□ 등록동향&nbsp;o &lsquo;11년 2/4분기 지식재산권의 등록건수는 47,267건으로 전년동기대비 21.9% 증가&nbsp; - 권리별로는 특허가 19.8%, 실용신안이 36.2%, 상표는 27.4%, 디자인은 15.6% 증가&nbsp;o 내&middot;외국별로는 내국인이 22.6%, 외국인이 18.9% 증가&nbsp; - 지역별로는 경남이 50.1%, 울산이 47.3%로 가장 높은 증가율을 기록&nbsp; - 국가별로는 캐나다가 20.3%, 일본이 11.3% 증가&nbsp;o 권리자별로는 대기업이 30.3%, 중소기업이 12.5% 증가하였으며 내국개인은 90.5%, 외국개인은 82.7% 두드러진 증가&nbsp; - 2/4분기에 두드러진 등록증가율을 보인 권리자는 특허&middot;실용신안의 경우 삼성전기, 엘지전자, 상표에서는 군위군(경북), 디자인은 성신아트컬렉션으로 나타남&nbsp;□ 심사 및 심판 동향&nbsp;o 심사청구건수는 39,390건으로 전년동기대비 0.8% 감소 &nbsp; - 특허 심사청구건수는 36,570건으로 0.9% 증가했으나 실용신안의 경우 2,820건으로 전년동기대비 18.2% 감소&nbsp; - PCT 국제조사 신청건수는 6,245건으로 전년동기대비 14.9% 증가하였고, 국제조사 처리건수는 5,643건으로 1.0% 증가&nbsp;o 심판청구건수는 2,718건으로 전년동기대비 23.6% 감소하였으나, 심판처리건수는 3,713건으로 전년동기대비 3.1% 증가&nbsp; - 권리별 심판청구건수를 보면, 특허&middot;실용신안의 경우 1,689건으로 34.6%, 디자인은 88건으로 50.0% 감소하였으나, 상표는 941건으로 17.3% 전년동기대비 31.0% 증가&nbsp;&lt;붙임&gt; 2011년 2/4분기 지식재산권 동향 분석자료(2011.07.27. 특허청 보도자료)http://www.kipo.go.kr/kpo/user.tdf?a=user.news.press1.BoardApp&amp;board_id=press&amp;cp=1&amp;pg=1&amp;npp=10&amp;catmenu=m02_01_01_02&amp;sdate=&amp;edate=&amp;searchKey=&amp;searchVal=&amp;bunryu=&amp;st=&amp;c=1003&amp;seq=10584",2011.08.02,박병도,523,2011년 2/4분기 지식재산권 동향,752,2011 대학창의발명대회(발명 특허ㆍ공모 부문) 신청접수 공고,719
"韓 교육&middot;인력 부문 8위, 특허 부문 16위치열한 글로벌 '바이오 산업 경주(競走)' 속 세계 각 국가의 위치는 어디쯤일까. 최근 미국 과학전문지 사이언티픽 아메리칸(Scientific American)이 올해 세계 주요 국가들의 바이오 산업 관련 경쟁력을 총정리한 '월드뷰(Worldview: a global biotechnology perspective)'를 공개했다. 특허, 기업환경 등 바이오 산업에 영향을 미치는 전반적인 요소들에 대해 48개국을 조사해 부문별 경쟁력 점수를 발표한 것. 결과는 미국이 통상적인 인식대로 전반적으로 강세를 나타냈다. 그러나 그 외 국가들은 대부분 조사 부문별로 순위가 엇갈리면서 세계적으로 치열한 '바이오 산업 전국시대(戰國時代)'를 반영했다. 부문별로 각국의 '바이오 산업 점수'를 살펴본다.◆미국 강세&hellip; 나머지는 '춘추전국'이번에 국가별 경쟁력 순위가 공개된 조사 부문은 특허(IP), 집중도(intensity), 기업환경(enterprise support), 교육/인력(education/workforce), 산업기반(foundations) 등 5개다. 사이언티픽 아메리칸은 부문별로 세부 조사항목을 두고, 항목마다 10점 만점으로 점수를 매겨 종합 순위를 산정했다. 예를 들어 기업환경 부문에는 그 나라의 벤처캐피털 규모, 기업 친화적 제도 등이 세부 조사항목으로 포함됐다.국가별 경쟁은 치열했다. 각 부문에 걸쳐 전체적으로 강세를 나타낸 나라는 미국이 유일했다. 미국은 특허와 교육/인력 순위가 모두 세계 1위를 기록했고, 산업기반 순위(9위)를 제외하면 다른 순위도 3위권 이내였다. 반면 다른 나라들은 항목별로 5위권 이내를 기록한 국가가 거의 겹치지 않았다.(중략)◆한국, 아직 중진국 수준이번 조사 결과에 따르면 한국의 바이오산업 현주소는 중진국 수준이다. 전체 순위로는 19위를 기록했다. 산업기반과 교육&middot;인력 부문에서는 비교적 높은 평가(8위, 13위)를 받았지만, 산업 집중도와 기업 환경 부문(25위, 31위)에서는 전체 순위의 절반에도 못 드는 낮은 평가를 받았다. 특허는 중간 수준(공동 16위)이었다. 인재와 투자 측면에서는 크게 뒤떨어지지 않지만 바이오산업에 대한 국가적인 집중력이나 제도 환경은 낙후됐다는 것이다. 특히 기업 환경은 홍콩, 싱가포르, 말레이시아는 물론 태국, 중국, 일본 등 대부분의 아시아 국가들보다 낮은 점수를 받았다. 1위 홍콩(9.78점)에 비하면 점수(4.6점)가 절반도 못 미쳤다.사이언티픽 아메리칸은 아시아 국가 중 &lsquo;주목할 만한 국가&rsquo;로는 일본과 사우디아라비아를 꼽았다. 특히 사우디아라비아의 경우 바이오 벤처기업 육성과 연구개발을 위해 100억달러(약 10조원)를 투자하는 등 집중적인 바이오산업 육성을 진행하고 있다는 것이다. 바이오업체 관계자는 &ldquo;단순히 신약 연구개발 같은 결과물을 위한 투자만 하는 게 아니라 산업 전반의 선순환을 만들 수 있는 종합적인 투자가 필요하다&rdquo;며 &ldquo;아시아 국가들의 선두 수준까지 올라가는 게 일단 숙제&rdquo;라고 말했다.(2011.07.26. 조선비즈)http://biz.chosun.com/site/data/html_dir/2011/07/26/2011072601245.html",2011.07.27,박병도,522,"세계 바이오 산업 미국 전반적 강세, 한국은 19위 머물러",529,2011 대학창의발명대회(발명 특허ㆍ공모 부문) 신청접수 공고,719
"(재)창녕양파장류연구소(이사장 김충식 군수)는 지난달 30일 오후 군청 전자회의실에서 계성면 신당리 뉴그린푸드㈜와 흑 양파 캔디류 제조 특허기술 이전 계약을 (재)경남테크노파크 중재로 체결했다고 2일 밝혔다.(중략)이번에 이전된 기술은 연구소가 흑 양파 농축액을 포함하는 항균 및 항산화 활성을 지닌 흑 양파 캔디류 제조기술(특허출원번호 10-2011-0024002)이며, 지역 업체인 뉴그린푸드에 기술이전 했다.뉴그린푸드는 앞으로 지역특산물인 양파를 이용한 다양한 캔디류 제품들을 생산해 소비자들에게 선보일 계획이다.기술이전으로 연구소와 뉴그린푸드는 상호 협력관계를 지속해 신기술 및 신제품 연구개발 협력, 기술 및 정보교류 등을 통해 지역사회 투자 활성화 및 경제발전에 일익을 담당할 것으로 보인다.(후략) (2011.07.02. 뉴시스)http://news.naver.com/main/read.nhn?mode=LSD&amp;mid=sec&amp;sid1=102&amp;oid=003&amp;aid=0003943509",2011.07.12,박병도,521,"창녕양파장류연구소, 흑 양파 캔디류 특허기술 이전 계약",553,2011 대학창의발명대회(발명 특허ㆍ공모 부문) 신청접수 공고,719
"「2011년&nbsp;올해의&nbsp;여성발명&middot;기업인상」8월1일까지&nbsp;신청접수 특허청(청장&nbsp;이수원)과&nbsp;한국여성발명협회(회장&nbsp;한미영)는&nbsp;6월28일(화)부터&nbsp;8월&nbsp;1일(월)까지&nbsp;「올해의&nbsp;여성발명？기업인상」후보자를&nbsp;공모한다. 이&nbsp;대회는&nbsp;발명을&nbsp;통해&nbsp;성공한&nbsp;여성발명？기업인을&nbsp;발굴하여&nbsp;포상함으로써&nbsp;여성의&nbsp;발명분위기를&nbsp;확산시키고&nbsp;우수한&nbsp;여성발명인들의&nbsp;발명의욕을&nbsp;고취시키기&nbsp;위한&nbsp;것이다. 시상은&nbsp;여성발명인,&nbsp;여대생발명인,&nbsp;여성발명기업인의&nbsp;3개&nbsp;부문으로&nbsp;이루어지며,&nbsp;수상자들에게는&nbsp;특허청장상과&nbsp;여성발명협회장상&nbsp;및&nbsp;상패가&nbsp;주어진다. 또한&nbsp;수상자들의&nbsp;발명동기와&nbsp;연구개발과정&nbsp;그리고&nbsp;사업화&nbsp;과정&nbsp;등이&nbsp;사례집과&nbsp;언론매체&nbsp;등을&nbsp;통해&nbsp;소개될&nbsp;예정이며,&nbsp;국제발명품전시회에&nbsp;출품하는&nbsp;비용도&nbsp;지원받게&nbsp;된다. 신청자격은&nbsp;만18세&nbsp;이상의&nbsp;대한민국&nbsp;국민으로서&nbsp;꾸준한&nbsp;발명활동을&nbsp;통해&nbsp;특허&nbsp;등을&nbsp;출원한&nbsp;실적이&nbsp;있거나&nbsp;여성발명진흥에&nbsp;공로가&nbsp;있는&nbsp;여성&nbsp;또는&nbsp;여대생과,&nbsp;특허&nbsp;등&nbsp;지식재산권을&nbsp;가지고&nbsp;사업화에&nbsp;성공한&nbsp;여성기업인&nbsp;또는&nbsp;임원이면&nbsp;된다. 특허청은&nbsp;이번&nbsp;대회를&nbsp;통해&nbsp;우리&nbsp;사회에&nbsp;성공한&nbsp;여성발명인의&nbsp;모범사례를&nbsp;제시하고,&nbsp;발명&nbsp;아이디어와&nbsp;지식재산권을&nbsp;기반으로&nbsp;사업화에&nbsp;노력하고&nbsp;있는&nbsp;여성들에게&nbsp;자긍심과&nbsp;사기를&nbsp;북돋아&nbsp;줄&nbsp;뿐&nbsp;아니라&nbsp;여성&nbsp;발명&nbsp;제품과&nbsp;기업을&nbsp;홍보하는&nbsp;좋은&nbsp;기회가&nbsp;될&nbsp;것으로&nbsp;기대하고&nbsp;있다.&nbsp; 신청을&nbsp;희망하는&nbsp;사람은&nbsp;한국여성발명협회&nbsp;홈페이지(www.inventor.or.kr)에서&nbsp;소정양식의&nbsp;신청서를&nbsp;받아,&nbsp;오는&nbsp;8월1일(월)까지&nbsp;이메일(kwia@&nbsp;inventor.or.kr),&nbsp;우편&nbsp;또는&nbsp;방문&nbsp;접수하면&nbsp;된다.&nbsp;(2011.06.28. 특허청 홈페이지 보도자료)http://www.kipo.go.kr/kpo/user.tdf?a=user.news.press1.BoardApp&amp;board_id=press&amp;cp=2&amp;pg=1&amp;npp=10&amp;catmenu=m02_01_01_02&amp;sdate=&amp;edate=&amp;searchKey=&amp;searchVal=&amp;bunryu=&amp;st=&amp;c=1003&amp;seq=10485",2011.07.12,박병도,520,성공한 여성발명·기업인을 찾습니다.,528,2011 대학창의발명대회(발명 특허ㆍ공모 부문) 신청접수 공고,719
"김치&nbsp;하나만&nbsp;있으면&nbsp;밥&nbsp;한&nbsp;그릇&nbsp;뚝딱&nbsp;해치울&nbsp;수&nbsp;있을&nbsp;정도로&nbsp;김치는&nbsp;오랫동안&nbsp;우리네&nbsp;밥상에&nbsp;없어서는&nbsp;안&nbsp;될&nbsp;대표&nbsp;반찬으로&nbsp;군림해&nbsp;왔다.&nbsp;그러나&nbsp;이러한&nbsp;김치가&nbsp;단순한&nbsp;반찬에서&nbsp;건강을&nbsp;증진시키거나&nbsp;질병을&nbsp;예방하기&nbsp;위한&nbsp;기능성&nbsp;건강식품으로&nbsp;변신하고&nbsp;있다. &nbsp;김치는&nbsp;식이섬유가&nbsp;많아&nbsp;대장암을&nbsp;예방하고,&nbsp;마늘을&nbsp;양념으로&nbsp;사용하여&nbsp;항균,&nbsp;항암&nbsp;효과도&nbsp;기대되며,&nbsp;그밖에&nbsp;각종&nbsp;유기산과&nbsp;비타민,&nbsp;무기질도&nbsp;풍부하여&nbsp;그&nbsp;자체로도&nbsp;건강식품으로서&nbsp;손색이&nbsp;없다.&nbsp;특히,&nbsp;조류인플루엔자(AI)와&nbsp;같은&nbsp;전염병이나&nbsp;각종&nbsp;성인병에&nbsp;효과가&nbsp;있다는&nbsp;것은&nbsp;이미&nbsp;과학적으로도&nbsp;검증된&nbsp;바&nbsp;있다.&nbsp; &nbsp;한편,&nbsp;국내&nbsp;일반&nbsp;김치&nbsp;시장이&nbsp;포화&nbsp;상태에&nbsp;접어들면서&nbsp;많은&nbsp;김치&nbsp;업체가&nbsp;건강기능성&nbsp;김치에&nbsp;눈을&nbsp;돌리고&nbsp;있는데&nbsp;지난&nbsp;2006년&nbsp;미국의&nbsp;건강전문잡지&nbsp;&lsquo;헬스&lt;Health&gt;&rsquo;는&nbsp;한국의&nbsp;김치를&nbsp;스페인의&nbsp;올리브오일,&nbsp;그리스의&nbsp;요구르트,&nbsp;일본의&nbsp;낫토,&nbsp;인도의&nbsp;렌틸콩과&nbsp;함께&nbsp;&lsquo;세계&nbsp;5대&nbsp;건강식품&rsquo;으로&nbsp;선정하여&nbsp;이러한&nbsp;건강기능성&nbsp;김치&nbsp;개발에&nbsp;힘을&nbsp;실어주고&nbsp;있다.&nbsp;본격적으로&nbsp;김치가&nbsp;단순한&nbsp;반찬이&nbsp;아닌&nbsp;건강기능성&nbsp;식품으로&nbsp;변신하고&nbsp;있는&nbsp;것이다.&nbsp; &nbsp;특허청(청장&nbsp;이수원)에&nbsp;따르면,&nbsp;김치에&nbsp;관한&nbsp;특허&nbsp;출원&nbsp;동향은&nbsp;최근&nbsp;10년간&nbsp;해마다&nbsp;평균&nbsp;50건씩&nbsp;꾸준하게&nbsp;출원되고&nbsp;있는데(붙임&nbsp;1&nbsp;참조),&nbsp;기술분야별로&nbsp;보면,&nbsp;김치의&nbsp;풍미를&nbsp;증진시키는&nbsp;기술이&nbsp;39%로&nbsp;가장&nbsp;많고,&nbsp;질병&nbsp;예방이나&nbsp;치료를&nbsp;목적으로&nbsp;특정한&nbsp;재료나&nbsp;성분을&nbsp;첨가하여&nbsp;기능성을&nbsp;강화한&nbsp;것이&nbsp;30%로&nbsp;그&nbsp;다음을&nbsp;차지한다. &nbsp;이를테면,&nbsp;인삼,&nbsp;오가피,&nbsp;당귀와&nbsp;같은&nbsp;한약재를&nbsp;비롯하여&nbsp;씀바귀,&nbsp;민들레,&nbsp;뽕잎,&nbsp;고추냉이,&nbsp;헛개나무와&nbsp;같이&nbsp;새롭게&nbsp;효능이&nbsp;밝혀진&nbsp;재료를&nbsp;첨가한&nbsp;김치,&nbsp;칼슘,&nbsp;셀레늄과&nbsp;같은&nbsp;인체에&nbsp;유용한&nbsp;무기질을&nbsp;첨가한&nbsp;김치,&nbsp;장내&nbsp;세균을&nbsp;정상화시키거나&nbsp;면역력을&nbsp;향상시키기&nbsp;위해&nbsp;특정&nbsp;미생물을&nbsp;첨가한&nbsp;김치&nbsp;등을&nbsp;들&nbsp;수&nbsp;있다. &nbsp;또한,&nbsp;최근에는&nbsp;자극적인&nbsp;맛을&nbsp;줄인&nbsp;외국인&nbsp;맞춤형&nbsp;김치,&nbsp;나트륨&nbsp;함량을&nbsp;낮춘&nbsp;저염&nbsp;김치,&nbsp;다이어트&nbsp;김치,&nbsp;숙성&middot;저장&nbsp;기간을&nbsp;획기적으로&nbsp;늘린&nbsp;김치&nbsp;등&nbsp;해외시장을&nbsp;공략하기&nbsp;위한&nbsp;다양한&nbsp;기술들이&nbsp;개발되고&nbsp;있는데&nbsp;일부는&nbsp;국제특허출원으로도&nbsp;이어지고&nbsp;있다.&nbsp;김치가&nbsp;한식의&nbsp;세계화를&nbsp;주도해가는&nbsp;명실상부한&nbsp;한국의&nbsp;대표&nbsp;식품으로&nbsp;자리매김해가고&nbsp;있는&nbsp;것이다. &nbsp;김치가&nbsp;세계화됨에&nbsp;따라&nbsp;김치의&nbsp;주도권을&nbsp;둘러싸고&nbsp;주변국들의&nbsp;도전도&nbsp;이어지고&nbsp;있는데&nbsp;이를테면,&nbsp;김치의&nbsp;국제적&nbsp;명칭을&nbsp;&lsquo;기무치&rsquo;로&nbsp;하려는&nbsp;일본의&nbsp;시도와,&nbsp;김치가&nbsp;중국의&nbsp;&lsquo;파오차이&rsquo;에서&nbsp;유래하였다는&nbsp;중국의&nbsp;주장&nbsp;등이&nbsp;그&nbsp;예이다.&nbsp;이러한&nbsp;주장에&nbsp;맞서&nbsp;우리나라가&nbsp;김치&nbsp;종주국의&nbsp;자존심을&nbsp;지키기&nbsp;위해서는&nbsp;전통김치에&nbsp;대하여&nbsp;깊이&nbsp;있는&nbsp;연구를&nbsp;하는&nbsp;한편,&nbsp;특별한&nbsp;효능이&nbsp;있는&nbsp;새로운&nbsp;기능성&nbsp;김치의&nbsp;개발에도&nbsp;힘을&nbsp;써야&nbsp;할&nbsp;것이다.(2011.07.08.&nbsp;특허청 홈페이지 보도자료)http://www.kipo.go.kr/kpo/user.tdf?a=user.news.press1.BoardApp&amp;board_id=press&amp;cp=1&amp;pg=1&amp;npp=10&amp;catmenu=m02_01_01_02&amp;sdate=&amp;edate=&amp;searchKey=&amp;searchVal=&amp;bunryu=&amp;st=&amp;c=1003&amp;seq=10532",2011.07.12,박병도,519,"김치, 이제는 건강기능식품의 선두주자다 - 건강기능성 관련 김치 특허출원 동향 -",574,2011 대학창의발명대회(발명 특허ㆍ공모 부문) 신청접수 공고,719
"특허청(청장 이수원)이 최근 5년간 국내 216개 대학의 특허출원 현황을 분석한 결과 1000건 이상의 특허를 출원한 대학은 12개 대학이며, KAIST가 4403건으로 1위를 차지했다고 4일 밝혔다. 그 뒤를 이어 서울대(3536건), 연세대(2610건), 고려대(2516건), 한양대(2247건), 성균관대(1880건), 인하대(1374건), 경희대(1274건), 포항공대(1223건), 건국대(1080건), 경북대(1074건), 부산대(1006건) 순이다. (중략)서울대는 의학&middot;수의학, 나노기술, 유기화학, 고분자, 생화학&middot;미생물학 등 7개 기술분야에서 선두를 나타냈고 이중 의학&middot;수의학분야 특허출원 건수가 421건으로 연세대, 고려대를 크게 앞질렀다. 일부 대학은 상위 10위안에 들지는 못했지만 특정분야에서 강세를 보였다. 강원대의 경우 농업&middot;어업분야에서 가장 많은 특허를 출원(1위 49건)했고 식품&middot;식료품(2위 83건)과 의학&middot;수의학분야(5위 177건)에서 기술개발이 활발한 등 바이오 및 의학 분야에서 강한 대학인 것으로 분석됐다. 건국대는 식품&middot;식료품에서 국내 대학 중 가장 많은 85건의 특허를 출원했고 유기화학(2위 115건), 생화학&middot;미생물학(3위, 155건) 연구에서 높은 성과를 내고 있는 것으로 조사됐다. 전북대는 광학분야에서 93건의 특허를 출원하여 이 분야 특허출원 1위를 기록했다. (후략) (2011.07.04. 대덕넷)http://www.hellodd.com/Kr/DD_News/Article_View.asp?Mark=34795&amp;Midx=1",2011.07.05,박병도,518,"강원대 농식품 분야 특허 출원 강세 ",586,2011 대학창의발명대회(발명 특허ㆍ공모 부문) 신청접수 공고,719
"(전략) 2011년 6월 13일, 우리나라에서 제주 흑우(黑牛)가 복제됐다. 여기서 놀라운 점은 3년 전에 죽은 흑우를 복제시켰다는 것이다. 제주 흑우는 선사시대 이후 제주도에서만 사육된 한우의 한 품종으로 현재 멸종위기에 처해 있다. 제주대 줄기세포연구센터의 박세필 교수팀과 (주)미래생명공학연구소 공동연구팀은 세계 최초로 초급속 냉동 초간편 해동(초자화 동결, vitrification) 기술을 개발해 이미 죽은 흑우를 되살렸다. 체세포를 이용한 소 복제는 이미 1999년 국내에서 젖소와 한우 복제에 성공한 사례가 있다. 흑우 역시 2009년 3월 체세포 복제에 성공한 바 있다. 하지만 이 당시에는 수소였다. 앞으로 종 보존을 위해서는 우수 유전형질을 가진 암소가 필요했다. 이를 위해 연구팀은 17년 전인 1994년에 태어나 3년 전 노령으로 도축된 씨암소 복제를 시도했다. 이미 죽은 암소를 복제할 수 있었던 건 체세포 복제기술에 초급속 냉동 초간편 해동 기술이 더해졌기 때문이다.(후략) (2011.07.04. THE SCIENCE)http://news.dongascience.com/PHP/NewsView.php?kisaid=20110704200002243282&amp;classcode=01",2011.07.05,박병도,517,"고(故) 제주 흑우, 복제기술로 살아나다!",557,2011 대학창의발명대회(발명 특허ㆍ공모 부문) 신청접수 공고,719
"2008.7.1. 이후 개정된 PCT 규칙을 반영한 최신 &quot;특허협력조약 및 규칙&quot;의 원문 및 번역문 자료입니다.&nbsp;* 특허협력조약 규칙 번역문 중 영문과 국문상의 차이가 있는 경우에는 영문상의 규정에 기초하여 해석합니다.&nbsp;",2011.01.05,이진필,516,특허협력조약(PCT) 및 규칙 번역문,701,2011 대학창의발명대회(발명 특허ㆍ공모 부문) 신청접수 공고,719
"■ 국제 지식재산권 분쟁지원을 위한 맞춤형 컨설팅 실시 ■ 특허소송비용 부담 경감을 위하여 소송보험 가입 지원 특허청(청장 이수원)은 국내&middot;외 특허분쟁을 지원하기 위해 올해 총 36억원의 예산을 투입하여 148개 기업을 지원하는 &ldquo;국제 지식재산권 분쟁지원 사업&rdquo; 및 &ldquo;지재권 소송보험 지원사업&rdquo;을 시행한다고 발표하였다. 최근 우리기업 기술력과 브랜드 가치가 향상되면서 선진기업들은 우리기업의 해외 시장진입을 저지하기 위해 국제특허분쟁을 많이 제기하고 있을 뿐만 아니라, 개발도상국에서는 한국제품의 인지도 상승에 따라 브랜드&middot;디자인을 모방하는 사례가 증가하고 있다. 이로인해 어렵게 해외시장을 개척하여 진출한 우리기업들이 지재권 분쟁으로 인해 수출길이 막혀 해외진출을 포기하고, 그렇지 않은 경우에는 막대한 로열티를 지불하게 되어, 해외 진출시 지재권 분쟁 리스크 관리의 필요성이 점점 중요해 지고 있다. 그러나, 우리기업의 해외지재권 분쟁리스크 관리실태는 아직도 열악한 수준이다. 특허청이 지난 2009년에 조사한 실태조사에 의하면 지재권 관련 전담부서나 인력을 두고 있는 기업은 5.6%에 지나지 않고, 분쟁발생시 소송비용 부담 및 기업이미지 훼손 등을 이유로 적극적인 대응을 하지 못하고 묵인하는 기업도 40%를 넘고 있으며, 해외 수출시 사전에 경쟁사의 지재권 침해여부를 분석하는 기업은 36.9%(2,050사 중 756사)에 불과한 것으로 조사되었다.&nbsp; 이에, 특허청은 해외에서 지식재산권 분쟁에 취약한 우리기업을 지원하기 위해 ▲ 국제 지식재산권 분쟁지원 ▲지식재산권 소송보험 지원 ▲해외 지식재산센터(IP-DESK) 운영 사업을 실시한다. 이와 별도로 국내에서 경제적으로 취약한 계층에 대한 지식재산권을 보호하기 위해 ▲사회적 약자 지재권 보호지원 사업을 실시한다. 해외기업으로부터 특허침해 경고장을 접수한 기업은 본 사업을 통하여 침해여부 분석, 라이센싱 협상, 대응특허 발굴 등 지재권분쟁 전문가에 의한 맞춤형 분쟁대응 종합컨설팅을 지원 받을 수 있다. 외국 경쟁사와의 특허분쟁이 우려되는 기업은 수출제품에 대한 특허분쟁 가능성 여부를 사전에 점검하여 특허분쟁을 예방할 수 도 있다. 그리고 미국 등에서 지식재산권 관련 소송이 시작되면 막대한 소송비용이 지출되는데 지식재산권 소송보험을 통하여 소송비용을 지원 받을 수 있다. 최근 의료기기 부품에 관한 신기술을 보유한 국내 A기업은 자사 특허를 침해한 외국기업을 상대로 미국에서 소송을 준비하고 있는데, 지재권 소송보험을 통해 소송비용을 충당할 계획이다. 지재권 소송보험에 가입한 국내 A기업은 자사 미국특허를 침해한 외국기업을 상대로 미국에서 특허소송을 준비하고 있다. 아울러, 특허청에서는 국제지재권분쟁지원사업 이외에도 개발도상국에서의 우리기업의 지재권 애로사항을 지원하기 위해 중국, 태국, 베트남 등에 7개소의 IP-DESK(해외지재권지원센터)를 운영하고 있으며, 한국지식재산보호협회내의 특허상담센터를 통하여 장애인, 국가유공자, 학생, 소기업 등 사회적 약자를 위한 무료변리서비스도 실시하고 있다. 중소기업 관계자는 &ldquo;분쟁에 연루됐다는 사실만으로도 기업 이미지가 실추될 수 있고, 소송을 겪는 과정에서 사업 중단은 물론 비용부담도 만만치 않다&rdquo;면서 &ldquo;국내 기업들의 특허나 기술을 보호하기 위한 적극적인 대책이 마련돼야 한다&rdquo;고 말했다. 특허청 산업재산보호팀 강경호 과장은 &ldquo;대한민국은 수출 중심형 국가이고 해외 경쟁사와의 특허분쟁은 피할 수 없다&rdquo;며 &ldquo;전담인력과 자금력이 부족한 중소기업을 위해 향후 정부지원을 확대할 것&rdquo;이라고 밝혔다.(2011.2.16, 특허청 홈페이지 보도자료)http://www.kipo.go.kr/kpo/user.tdf?a=user.news.press1.BoardApp&amp;board_id=press&amp;cp=1&amp;pg=1&amp;npp=10&amp;catmenu=m02_01_01_02&amp;sdate=&amp;edate=&amp;searchKey=&amp;searchVal=&amp;bunryu=&amp;st=&amp;c=1003&amp;seq=10103",2011.02.18,이진필,515,"특허분쟁 타깃 된 한국기업, 정부지원 절실",725,2011 대학창의발명대회(발명 특허ㆍ공모 부문) 신청접수 공고,719
"- 전년도에 비해 사업비는 138%, 참여 지자체 수는 31% 증가 -&nbsp;최근 지역 경제 활성화를 위해 지자체의 지식재산에 대한 관심이 증가하고 있는 가운데 특허청(청장 이수원)은 지자체의 특허&middot;브랜드 등 지식재산권 지원 사업을 대폭 확대한다. 특허청은 지역의 지식재산 경쟁력 제고를 위해 70여개 지자체의 지식재산권 창출 및 활용 지원에 63억원을 투입한다.2010년도와 비교할 때 사업비(2010년 26.5억)는 138% 증가한 것이고, 참여 지자체 수는(2010년 52개) 31%가 증가한 수준이다.지역별로 지자체의 특성에 맞게 지식재산도시 조성사업, 전통산업 지식재산권 지원사업, 지역 R&amp;D 전략수립 지원사업 등을 추진하게 된다. 먼저, 지식재산도시로 선정된 대구 달서구, 광주 광산구 등 10개 지자체에서는 주민을 위한 발명 체험행사, 지역 향토기업을 위한 특허&middot;브랜드&middot;디자인 지원사업 등 다양한 사업을 추진한다. 지식재산도시 조성사업은 매년 5개의 기초지자체를 지정하여 3년간 지원하는 사업으로 보통 1년차에는 지식재산 인식제고, 2&middot;3년차에는 창출 및 활용분야에 관한 사업을 중점적으로 추진한다. 2010년도에는 원주시, 제천시, 안동시, 대구 달서구, 광주 남구가, 2011년도에는 제주시, 부산 북구, 진주시, 광양시, 광주 광산구가 지식재산도시로 선정되었다. 다음으로, 태백시, 서산시 등 30개 지자체에서는 지역특산품의 지리적표시 단체표장, 브랜드, 디자인, 특허의 개발 및 권리화 등을 지원한다. 2010년도에는 제천황기, 괴산대학찰옥수수, 금정산성막걸리 등 20여개 특산품을 지리적표시 단체표장으로 출원하여 생산자나 가공자 단체들이 해당 상표를 독점적으로 사용할 수 있는 기반이 마련되었고, 올해에는 장흥매생이, 담양대나무, 보령남포벼루 등 30여개 지역 특산품을 지리적표시 단체표장으로 출원할 계획이다. 지자체의 향토자원 조사사업 결과를 바탕으로 우수 향토자원에 대해서는 향후 5년간 150여건의 지리적표시 단체표장을 단계적으로 지원할 계획이다.&nbsp; 그 밖에, 경기도, 강원도, 부산광역시 등 8개 지자체에서는 지식재산권 중심의 지역특화산업 R&amp;D 전략수립을 지원한다. 동 사업은 특허와 논문, 시장 등을 포함한 통합분석을 통해 지역의 유망 특화기술을 발굴하고, 기술분야별로 핵심 지원과제, 장기과제 등의 세분화된 R&amp;D 전략수립을 지원하는 사업이다.&nbsp; 2010년에는 충북지역의 3D응용기술 융복합 분야 등 강원, 경기, 부산 지역 특화산업의 R&amp;D 전략수립을 지원하였으며, 올해에는 울산, 전남, 전북 등 8개 지역에서 동 사업이 추진될 예정이다. 또한, 특허청은 지식재산 교육 및 설명회를 지속적으로 실시하고, 지자체 지식재산 조례 제정과 중장기 발전전략 수립 지원 및 관계기관과의 협력도 강화해 나갈 계획이다. 지식재산 조례는 2010년까지 인천, 대구, 광주, 울산 등 17개 지자체에서 제정하였으며, 올해에는 대전, 제주, 진주 등 10여개 지자체에서 조례를 제정할 것으로 보인다. 지식재산 중장기 발전전략은 인천, 대전, 광주, 울산 등 11개 지자체에서 마련하였으며, 올해에는 충남, 강원 등 7개 지자체에서 지식재산 중장기 발전전략을 수립할 계획이다. 특허청 산업재산정책국 우종균 국장은 &ldquo;특허청은 최근 다양한 사업과 지자체 협력을 통해 지역의 지식재산 경쟁력을 제고하고 있으며, 그 결과 지역의 특허 출원율이 꾸준히 증가하고 있다.&rdquo;고 말하고, &ldquo;지역의 지식재산 경쟁력이 대한민국의 경쟁력이므로 앞으로도 지자체에 대한 지원을 지속적으로 확대해 나가겠다.&rdquo;고 밝혔다. (2011.2.15, 특허청 홈페이지 보도자료)&nbsp;http://www.kipo.go.kr/kpo/user.tdf?a=user.news.press1.BoardApp&amp;board_id=press&amp;cp=1&amp;pg=1&amp;npp=10&amp;catmenu=m02_01_01_02&amp;sdate=&amp;edate=&amp;searchKey=&amp;searchVal=&amp;bunryu=&amp;st=&amp;c=1003&amp;seq=10099 &nbsp;",2011.02.17,이진필,514,"특허청, 지자체에 대한 특허·브랜드 지원 대폭 확대",719,2011 대학창의발명대회(발명 특허ㆍ공모 부문) 신청접수 공고,719
"1. 전시명 : 제 39회 제네바 국제발명&middot;신기술 및 신제품전시회 (39th International Exhibition of Inventions, New Techniques and Products)&nbsp;&nbsp; * 세계 최대 규모의 국제발명품전시회2. 기&nbsp; 간 : '11. 4. 6(수) ～ 4. 10(일) [5일간] * 부스설치 : 4. 5(화)3. 장&nbsp; 소 : Geneva Palexpo, Hall 74. 규&nbsp; 모 : 45개국 1,000점 (&lsquo;10년) 5. 주최 및 후원: Salon International Des Invention, 스위스 정부, 제네바시 정부, 세계지식재산권기구6. 전시형태 (1부스 1발명품 전시 원칙)7. 시상제도 : 그랑프리, 금상, 은상, 동상 및 특별상 등&nbsp; ※ &lsquo;10년 한국 : 13사(명) 13건, 금상 10, 은상 3, 특별상 4 수상8. 출품지원금 국고지원 및 혜택□ 개인 및 중소기업자의 최소부스료, 카다로그게재료, 번역비, 통역비 항목에 한해 발명품 1건 당 최대 1,769,000원 이내 국고 지원 전시회 참가 前 지원□ 발명의 날 포상 신청시 본 전시회 수상자에 한하여 가산점 부여□ 잔액은 참가단 귀국 후 정산하여 환불참가 세부 내용1. 출품주관 : 한국발명진흥회2. 참가비용□ 직접참가 (전시 및 1인 현지 참가기준)&nbsp;&nbsp; 기본부스&nbsp; 4㎡(2m&times;2m) 개인9,700,000원 기업10,800,000원&nbsp;&nbsp; * 참가비 중 여행경비 및 공동경비 : 5,300,000원□ 위탁참가 (1건 위탁전시 기준)&nbsp;&nbsp; 기본부스&nbsp; 4㎡(2m&times;2m) 개인6,400,000원 기업 7,500,000원&nbsp;&nbsp; * 참가비 중 위탁경비 및 공동경비 : 2,300,000원□ 공통사항&nbsp;ㅇ 포함내역 : 부스료, 판넬제작비, 통역비, 공동경비, 여행경비(관광포함)&nbsp;&nbsp;&nbsp;&nbsp; (직접출품인 경우 참가자 1명의 항공료와 숙박비 포함)&nbsp;ㅇ 추가경비&nbsp;&nbsp; - 발명품 1건 추가비용(판넬, 통역, 부스료 포함)&nbsp;&nbsp; * 기본형: 개인명의 - 4,400,000원,&nbsp;&nbsp; 기업명의 - 5,500,000원&nbsp;&nbsp; - 1인 추가 참가시 5,300,000원 추가3. 신청 방법□ 신청 기간 :&nbsp; 2011. 1. 25(화) - 3. 10(목)&nbsp;□ 접수처 : (우)135-980 서울시 강남구 테헤란로 131 한국지식재산센터&nbsp;&nbsp;&nbsp; &nbsp;&nbsp;&nbsp;&nbsp;&nbsp;&nbsp;&nbsp;&nbsp;&nbsp;&nbsp;&nbsp; 한국발명진흥회 발명진흥팀 유주현 계장, 신경호과장&nbsp;&nbsp;&nbsp;&nbsp;&nbsp;&nbsp; &nbsp;&nbsp;&nbsp;&nbsp;&nbsp;&nbsp;&nbsp;&nbsp; Tel:(02)3459-2795/Fax:(02)3459-2819/E-mail: atom@kipa.org&nbsp;&nbsp;&nbsp;&nbsp;&nbsp;&nbsp;&nbsp;&nbsp;&nbsp; &nbsp;&nbsp;&nbsp;&nbsp;&nbsp; Tel:(02)3459-2796/Fax:(02)3459-2819/E-mail: skh@kipa.org&nbsp;□ 신청서 : 우리회 홈페이지(www.kipa.org) 내 전시행사사업공고에서 다운로드 신청서 작성 후 우편 및 전자우편 (atom@kipa.org) 으로 접수.&nbsp;※ 자세한 사항은 모집요강을 참고하시기 바랍니다.(2011.1.25, 발명진흥회 홈페이지 사업공고)http://www.kipa.org/kipaweb/bbs/view.kipa?bs_sid=1139&amp;bc_sid=4&amp;ct_sid=613&amp;cat_fx=439&amp;ct_view=T&amp;cat_sc=3303&amp;tcrx=bbs_4",2011.01.27,이진필,513,2011 제네바 국제발명 신기술 및 신제품전시회 출품자 모집 공고,705,2011 대학창의발명대회(발명 특허ㆍ공모 부문) 신청접수 공고,719
"- 특허청,「2010년도 국가 R&amp;D 사업 특허성과 분석 결과 및 관리강화 방안」 발표 -&nbsp;국가 R&amp;D 사업에서 창출된 특허성과가 양적으로는 충분한 수준에 도달하였으나, 질적 수준은 여전히 미흡한 것으로 나타났다.&nbsp;특허청(청장 이수원)은 '06년～'09년 국가 R&amp;D 사업에서 창출된 특허의 양적&middot;질적 수준과 활용 현황을 분석하고, 그 결과를 바탕으로 국가 R&amp;D 특허성과를 효율적으로 관리하기 위한 「2010년도 국가 R&amp;D 사업 특허성과 분석 결과 및 관리강화 방안」을 발표하였다.&nbsp;동 관리강화 방안은 1월 19일(수) 제51회 국가과학기술위원회 운영위원회를 통해 각 부처의 의견을 조율하여 최종 확정된 것이다.&nbsp;특허청에 따르면 국가 R&amp;D 사업으로부터 창출된 국내 특허출원은 &rsquo;06년 7,672건에서 &rsquo;09년 14,905건으로 최근 3년간 약 2배 증가하였고, 특허생산성(건/10억원)도 미국 대학보다 약 6배 정도 높은 것으로 나타나 국가 R&amp;D 특허의 양적 성장은 충분한 수준에 도달한 것으로 분석되었다.&nbsp;* ('08년 기준 특허생산성) 국가 R&amp;D(1.3), 미국 대학(0.22), 캐나다 대학&middot;공공연(0.16) 그러나, 국가 R&amp;D 특허성과 중 우수특허* 비율은 민간 R&amp;D 우수 특허비율의 약 1/2, 외국인 우수특허 비율의 약 1/6 수준에 불과한 것으로 나타나 질적 수준은 여전히 미흡한 것으로 분석되었다.&nbsp;* (우수특허) 전문가 평가 80점 이상, 온라인 자동평가 9등급 중 상위 3개 등급특허&nbsp;한편, 대학&middot;공공연이 창출한 국가 R&amp;D 특허성과의 당해연도 이전율이 최근 5년간 약 3배 증가[('04)4.6%&rarr;('09)12.8%]하고, 실제 징수된 건당 기술이전료도 같은 기간 동안 약 2배 증가[('04)5.9(백만원/건)&rarr;('09)12.2(백만원/건)]하는 등 특허성과 활용이 지속적으로 확대되고 있는 것으로 나타났다. 다만, 미국의 대학&middot;공공연의 기술이전 실적과 비교해 보면, 우리나라 대학&middot;공공연의 특허 이전율은 약 2/3 수준, 건당 기술료는 약 1/80 수준에 불과할 정도로 크게 저조한 수준으로 조사되었다.&nbsp;국가 R&amp;D 특허성과 관리면에서는 특허성과 신고시 오류나 누락이 발생되고, 개인명의로 된 국가 R&amp;D 특허(출원특허 838건, 등록특허 451건, '10.11월 기준)가 존재하는 등 여전히 미흡한 점이 있는 것으로 나타났다.&nbsp;특허청은 이러한 문제점을 개선하기 위하여 지경부 등 관계부처와 공동으로 국가 R&amp;D 특허성과를 효율적으로 관리할 수 있는 다양한 방안을 제시하였다. 먼저, 우수 연구성과를 창출하기 위하여 &lsquo;강한 특허&rsquo; 창출이 가능한 유망기술을 발굴하여 R&amp;D 부처에 제공함으로써 R&amp;D 효율성을 제고하도록 하고, 또한 국가 R&amp;D 수행 과정에 「지재권 중심의 기술획득 전략*」 방법론을 적용하여 보다 우수한 특허가 창출되도록 지원할 계획이다.&nbsp;* (지재권 중심의 기술획득 전략) 향후 5&sim;10년 후 미래시장을 주도할 제품과 해당 제품을 생산하기 위해 필요한 최강 특허 포트폴리오 및 이의 확보 전략을 구체적으로 제시&nbsp;또한, 대학&middot;공공연에 &lsquo;특허관리 전문가&rsquo;를 파견하여 기관 실정에 적합한 특허관리체계 구축을 지원하고, 개인명의 특허성과나 신고오류 등에 대한 철저한 검증을 통해 특허성과 관리 체계를 개선해 나가기로 하였다.&nbsp;특허청 김창룡 차장은 &lsquo;R&amp;D 부처가 특허성과 현황을 수시로 모니터링할 수 있도록 특허출원서에 R&amp;D 과제출처가 기재*된 특허성과 정보를 각 부처에 주기적(월1회)으로 제공하는 등 특허성과가 효율적으로 관리되도록 지속적으로 지원해 나갈 계획이다&ldquo;라고 밝혔다. (2011.1.21, 특허청 홈페이지 보도자료)&nbsp;http://www.kipo.go.kr/kpo2/user.tdf?a=user.news.press1.BoardApp&amp;board_id=press&amp;cp=1&amp;pg=1&amp;npp=10&amp;catmenu=m02_01_01_02&amp;sdate=&amp;edate=&amp;searchKey=&amp;searchVal=&amp;bunryu=&amp;st=&amp;c=1003&amp;seq=10055&nbsp;",2011.01.21,이진필,512,"국가 R&D 특허성과 양적으로 우수, 질적으론 미흡",486,2011 대학창의발명대회(발명 특허ㆍ공모 부문) 신청접수 공고,719
"-국제표준화&nbsp;활동에&nbsp;비해&nbsp;표준특허&nbsp;확보는&nbsp;미흡- 10월&nbsp;14일은&nbsp;&lsquo;세계표준의&nbsp;날&rsquo;이다.&nbsp;이번&nbsp;표준의&nbsp;날이&nbsp;특별한&nbsp;의미를&nbsp;가지는&nbsp;것은&nbsp;국제표준&nbsp;경쟁이&nbsp;또&nbsp;다른&nbsp;&lsquo;특허전쟁&rsquo;이&nbsp;되어가고&nbsp;있기&nbsp;때문이다.&nbsp;국제표준을&nbsp;획득하기&nbsp;위한&nbsp;경쟁이&nbsp;국가와&nbsp;기업의&nbsp;사활을&nbsp;걸고&nbsp;있는&nbsp;표준특허를&nbsp;확보하려는&nbsp;최전선이&nbsp;되고&nbsp;있다. 표준특허란&nbsp;표준문서의&nbsp;규격을&nbsp;구현하기&nbsp;위해&nbsp;실시가&nbsp;불가피한&nbsp;특허로서&nbsp;필수&nbsp;특허(essential&nbsp;patents)라&nbsp;부르기도&nbsp;한다.&nbsp;일반적으로&nbsp;우수&nbsp;특허는&nbsp;침해주장이&nbsp;용이하고&nbsp;침해범위가&nbsp;넓으며&nbsp;회피&nbsp;가능성이&nbsp;낮은&nbsp;것을&nbsp;말하는데,&nbsp;표준특허는&nbsp;이러한&nbsp;조건을&nbsp;모두&nbsp;만족시킨다.&nbsp; &lsquo;MPEG-4&nbsp;고급&nbsp;영상&nbsp;코딩&nbsp;국제표준&rsquo;에&nbsp;포함된&nbsp;특허가&nbsp;가장&nbsp;많아 특허청(청장&nbsp;이수원)에&nbsp;따르면,&nbsp;2011년&nbsp;7월&nbsp;현재까지&nbsp;국제표준화기관(ISO,&nbsp;IEC,&nbsp;ITU)에&nbsp;신고된&nbsp;표준특허는&nbsp;8,493건으로&nbsp;파악되었다.&nbsp;그중에서&nbsp;4,687건이&nbsp;2005년&nbsp;이후에&nbsp;신고된&nbsp;것으로,&nbsp;지난&nbsp;몇&nbsp;년&nbsp;동안&nbsp;표준특허가&nbsp;급격히&nbsp;증가하고&nbsp;있음을&nbsp;알&nbsp;수&nbsp;있다.[붙임&nbsp;1] 가장&nbsp;많은&nbsp;특허가&nbsp;포함된&nbsp;국제표준은&nbsp;&lsquo;MPEG-4&nbsp;고급&nbsp;영상&nbsp;코딩&rsquo;&nbsp;국제표준(ISO/IEC&nbsp;14496-10)으로&nbsp;891건에&nbsp;이른다.&nbsp;이어서&nbsp;&lsquo;UHF&nbsp;대역&nbsp;RFID&rsquo;&nbsp;국제표준(ISO/IEC&nbsp;18000-6)에&nbsp;820건,&nbsp;&lsquo;MPEG-4&nbsp;비주얼&rsquo;&nbsp;국제표준(ISO/IEC&nbsp;14496-2)에&nbsp;284건,&nbsp;&lsquo;13.56MHz&nbsp;대역&nbsp;RFID&rsquo;&nbsp;국제표준(ISO/IEC&nbsp;18000-3)에&nbsp;263건,&nbsp;&lsquo;이동통신&nbsp;IMT-2000&rsquo;&nbsp;국제표준(M.1225)에&nbsp;204건&nbsp;등으로&nbsp;나타났다. 특히,&nbsp;표준특허가&nbsp;많은&nbsp;상위&nbsp;10개의&nbsp;국제표준&nbsp;중&nbsp;9개가&nbsp;모두&nbsp;특허풀과&nbsp;연계되어&nbsp;로열티를&nbsp;창출하고&nbsp;있다.&nbsp;지난&nbsp;4월&nbsp;우리나라&nbsp;RFID&nbsp;분야에서&nbsp;중소기업에&nbsp;경고장을&nbsp;보냈던&nbsp;시스벨(SISVEL)도&nbsp;여기에&nbsp;포함된다.[붙임&nbsp;2] [참고]&nbsp;13.56GHz&nbsp;대역&nbsp;RFID&nbsp;국제표준&nbsp;특허&nbsp;보유자들은&nbsp;RFID&nbsp;컨소시엄을&nbsp;구성하고,&nbsp;이에&nbsp;대한&nbsp;특허풀&nbsp;관리기관으로&nbsp;시스벨(SISVEL)을&nbsp;선정하여&nbsp;운영 우리나라는&nbsp;국제표준화&nbsp;활동에&nbsp;비해&nbsp;표준특허&nbsp;보유&nbsp;수준&nbsp;미흡 지난해&nbsp;우리나라는&nbsp;대표적인&nbsp;국제표준화기구인&nbsp;국제전기기술위원회(IEC)에&nbsp;24건의&nbsp;국제표준을&nbsp;제안하여&nbsp;당당히&nbsp;세계&nbsp;제1위를&nbsp;기록하였다.&nbsp;그러나&nbsp;지금까지&nbsp;IEC에&nbsp;신고된&nbsp;표준특허&nbsp;2,248건&nbsp;중&nbsp;우리나라가&nbsp;신고한&nbsp;특허는&nbsp;30(1.3%)건에&nbsp;그쳤다.[붙임&nbsp;3] 우리나라가&nbsp;제안한&nbsp;국제표준은&nbsp;2010년도&nbsp;기준으로&nbsp;11%&nbsp;정도인&nbsp;반면,&nbsp;국제표준화기관에&nbsp;신고된&nbsp;우리나라의&nbsp;표준특허&nbsp;보유현황은&nbsp;3.1%에&nbsp;불과하다.&nbsp;국제&nbsp;표준화&nbsp;활동의&nbsp;수준을&nbsp;감안하면,&nbsp;우리나라의&nbsp;표준특허&nbsp;보유율은&nbsp;매우&nbsp;미흡한&nbsp;것이다.[붙임&nbsp;4] 표준특허&nbsp;창출을&nbsp;위한&nbsp;전략적&nbsp;접근이&nbsp;필요 이번&nbsp;세계&nbsp;표준의&nbsp;날을&nbsp;맞이하여&nbsp;이젠&nbsp;우리도&nbsp;왕성한&nbsp;국제&nbsp;표준화&nbsp;활동을&nbsp;표준특허를&nbsp;확보하는&nbsp;이어가는&nbsp;기회로&nbsp;삼았으면&nbsp;한다.&nbsp;특허청도&nbsp;표준특허&nbsp;확보를&nbsp;촉진하기&nbsp;위해&nbsp;R&amp;D&nbsp;단계에서&nbsp;표준제정&nbsp;이후까지&nbsp;단계별로&nbsp;표준특허의&nbsp;창출을&nbsp;지원하는&nbsp;사업을&nbsp;추진하고&nbsp;있다. 우선,&nbsp;R&amp;D&nbsp;단계에서&nbsp;표준특허를&nbsp;획득할&nbsp;수&nbsp;있도록&nbsp;지원하고&nbsp;둘째,&nbsp;국제표준안&nbsp;개발단계에서&nbsp;우리의&nbsp;표준특허가&nbsp;포함되도록&nbsp;유도하며&nbsp;셋째,&nbsp;국제&nbsp;표준화&nbsp;완료&nbsp;이후&nbsp;단계에서&nbsp;국내&nbsp;산학연이&nbsp;보유한&nbsp;특허를&nbsp;국제표준안과&nbsp;비교&nbsp;평가하여&nbsp;잠재력&nbsp;있는&nbsp;특허는&nbsp;표준특허화&nbsp;되도록&nbsp;지원하고&nbsp;있다.(2011.10.13. 특허청 홈페이지 보도자료)http://www.kipo.go.kr/kpo/user.tdf?a=user.news.press1.BoardApp&amp;board_id=press&amp;cp=1&amp;pg=1&amp;npp=10&amp;catmenu=m02_01_01_02&amp;sdate=&amp;edate=&amp;searchKey=&amp;searchVal=&amp;bunryu=&amp;st=&amp;c=1003&amp;seq=10768",2011.10.21,박병도,510,국제표준 경쟁은 또 다른 ‘특허전쟁’,482,2011 대학창의발명대회(발명 특허ㆍ공모 부문) 신청접수 공고,719
"화분 관련된 특허와 실용실안의 출원건수는 현재 감소하는 경향을 보이고 있으며 특히,실용실안 부분은 2000년 이후 꾸준히 감소하는 경향을 보이고 있다.&nbsp; 화분관련되어 출원되는 특허나 실용실안부분에서 가장 많이 차지하고 있는 부분은 화분이며 화분의 출원건수의 감소 경향은 전체 특허와 실용살안 부분의 경향과 일치하고 있다.출원인의 경우는 개인이 가장 많이 출원하고 있으며 기업은 특허 부분이 실용실안 부분보다 약간 출원건수가 높은 것으로 파악되며 남진농기, 아이레보, 바이메디아가 특허와 실용실안 부분 모두에 출원한 것으로 파악되고 있다.&nbsp; 화분 이외의 부분에 대해서는 받침대에 해당되는 부분이 가장 많이 출원되고 있으며 재배기는 2005년 이후 출원되지 않는 상황이다. 관수, 담이나 벽 혹은 블록, 공기정화와 같은 부분은 특허에서 출원건수가 실용실안 부분보다 다소 높게 나타나고 있으며 벤치, 테이블, 곤충 사육통, 액자등의 출원은 실용실안 부분에서만 나타나고 있다.",2010특허협력조약및규칙.pdf,http://www.fact.or.kr/action.do?action=farmtech%24file&seq=509&file_seq=1,2011.01.19,이진필,509,화분 특허 및 실용실안 출원 동향,627
"日사케업계 자기네 명칭 놔두고 막걸리 딴 '맛코리' 출시&hellip;해외판매도 그대로 사용일본이 우리 전통술 막걸리의 주권까지 넘보고 있다.1일 막걸리업계와 막걸리 포털사이트 '주로주로닷컴' 등에 따르면 최근 일본 사케(청주)업체들이 잇따라 자국산 쌀과 물로 빚은 막걸리 제품을 버젓이 우리나라의 고유명칭 막걸리에 해당하는 일본어 발음 '맛코리(マッコリ)'라는 이름을 달고 출시하고 있다.일본 전통의 막걸리에 해당하는 '도부로크'나 '니고리슈'라는 말이 있는데도 이 고유명칭을 쓰지 않고 한국 막걸리 명칭을 사용한 것이다.(중략)주로주로닷컴의 문자란 실장은 &quot;일본 막걸리가 한국 막걸리의 맛에 100% 따라오지는 못했지만 최근 기세라면 세계인이 막걸리를 '한국 전통술'이 아닌 '일본 전통술'로 인식할 가능성이 높아진다&quot;며 &quot;막걸리의 국적 정체성이 훼손되기 전에 국내 업체와 정부가 나서 대응책을 빨리 마련해야 할 것&quot;이라고 강조했다.(2011.4.1, 아시아투데이) http://www.asiatoday.co.kr/news/view.asp?seq=465787",나의 특허권 더 빨리 행사할 수 있다.hwp,http://www.fact.or.kr/action.do?action=farmtech%24file&seq=508&file_seq=1,2011.04.05,이진필,508,′막걸리′ 명칭 일본에 빼앗길 판,575
"18일 특허청에 따르면 우리나라가 상표제도를 본격 시행한 1950년대에 등록된 상표 중 현재까지 상표권으로 존속하고 있는 상표는 국내 기업의 샘표간장과 진로소주 등과 외국기업은 펩시콜라와 코카콜라 등인 것으로 분석됐다.국내 기업의 경우 샘표간장과 진로소주 등이 1954년 상표로 등록된 이후 현재까지 상표권으로 존속되고 있으며 외국기업 상표로는 펩시콜라와 윈스톤(담배), IBM, 코카콜라, 유니버셜 등이 상표권으로 인정받고 있다.(2010.1.18, 디지털타임스)http://www.dt.co.kr/contents.html?article_no=2010011902011657731004","한국, 특허생산성에 있어 세계 최고 수준.hwp",http://www.fact.or.kr/action.do?action=farmtech%24file&seq=507&file_seq=1,2010.01.25,이진필,507,"특허청, 50년 이상 장수 상표는…샘표간장, 진로소주, 펩시콜라, 코카콜라 등",497
"한국한의학연구원 소속 신한방제제연구센터 마진열 박사팀이 그 주인공이다. 연구팀은 &ldquo;감초, 당귀 등 국내에서 자생하는 한약재에서 신종플루 치료용 한약제제(KIOM-C)를 찾아냈다&rdquo;며 &ldquo;동물 실험을 통해서도 바이러스 증식 억제에 효과가 있음을 입증했다&rdquo;고 전했다.(중략) 한의학연구원은 지난 11월 KIOM-C를 국내에 특허출원했으며, 이를 천연물 신약으로 개발하기 위한 연구를 추진 중이다. (2010.1.19, 뉴스천지)http://www.newscj.com/news/articleView.html?idxno=31413 ","특허로 살펴본 무한 녹색에너지, 지열.hwp",http://www.fact.or.kr/action.do?action=farmtech%24file&seq=506&file_seq=1,2010.01.25,이진필,506,신종플루 한약 치료제 개발,509
"19일 춘천시에 따르면 후평동 하이테크벤처타운 입주업체인 ㈜에이지아이가 국내에서 자생하는 옻나무에서 항암활성물질을 추출, 호흡기암(폐암) 치료제를 개발 중이다. (중략) ㈜에이지아이는 직원 8명의 소기업으로 옻나무 추출물 관련, 국내외에 다수의 특허를 갖고 있으며 2000년 창업해 2002년 하이테크벤처타운에 입주해 춘천바이오산업진흥원의 지원을 받고 있다.(2010.1.19, 뉴시스)http://news.naver.com/main/read.nhn?mode=LSD&amp;mid=sec&amp;sid1=102&amp;oid=003&amp;aid=0003050476",2010.01.25,이진필,505,춘천 바이오업체 옻나무 추출 항암제 개발,638,신종플루 한약 치료제 개발,509
"바이오스펙트럼과 제주대 의대는 최근에 교육과학기술부와 한국산업기술재단이 후원하는 지역혁신인력양성과제의 일환으로 제주지역의 다양한 생물종을 대상으로 탈모억제 물질에 대한 스크리닝 (Screening) 시험을 수행한 결과, 노랑하늘타리가 우수한 탈모억제 효능을 나타낸다는 사실을 확인했다. 이와 관련된 연구 결과는 국제 피부학술 SCI논문인 Europen Journal of Dermatology (2008)에 게재됐고 탈모억제 소재로 특허등록됐다.(2010.1.19)http://www.etoday.kr/news/section/newsview.php?TM=news&amp;SM=0407&amp;idxno=283116",2010.01.25,이진필,504,"바이오스펙트럼, 탈모억제 '노랑하늘타리추출물' 개발",636,신종플루 한약 치료제 개발,509
"세계는 지금 무한 기술경쟁, 특허전쟁 중이다. 특허는 곧 기업경쟁력이고 수익창출의 원동력이다. 미국 500대 기업의 시가총액 가운데 특허 등 무형자산 비중은 1985년 32%에서 2005년 80%로 늘어났다. 전 세계 특허 1위 기업인 미국 IBM의 지식재산권 수입은 2007년 기준 9억6000만달러(약 1조1000억원)에 달한다(2010.1.21, 세계일보)http://www.segye.com/Articles/News/Opinion/Article.asp?aid=20100121004339&amp;cid=&nbsp;",2012년까지 특허스타기업 400개 육성한다.hwp,http://www.fact.or.kr/action.do?action=farmtech%24file&seq=503&file_seq=1,2010.01.25,이진필,503,특허전쟁,614
"천연물신약 연구개발전문 벤처기업 (주)YD생명과학(대표이사 이진우)이 문경시(시장 신현국)와 1월 20일 서울산업대 내 서울테크노파크의 (주)YD생명과학에서 문경오미자를 이용한 천연물신약 및 기능성식품 연구개발과 상품화를 위한 업무협약(MOU)을 체결했다.이번 협약을 통해 와이디생명과학은 천연물신약 후보물질 중 오미자를 원재료로 하는 관절염치료용 조성물 YD-101 및 비만치료용 조성물 YD-501에 대한 원재료의 품질 확보(GAP 재배) 및 대량 시료 제조를 위한 안정적 공급망을 확보하게 됐다.(2010.1.20, 약업신문)http://www.yakup.com/opdb/index.php?dbt=article&amp;cate=1|12|53&amp;cmd=view&amp;code=127193",2010.01.25,이진필,502,"YD생명과학-문경시, 오미자 신약 상품화 착수",618,특허전쟁,614
"한국식품연구원 홍석산 박사 연구팀은 농림수산식품부 농림수산식품기술기획평가원의 지원으로 꾸지뽕나무 잎과 열매의 건강기능성을 활용한 가공식품 개발 연구를 수행했다. 연구결과 꾸지뽕잎은 아토피피부염 억제력이 특출한 것으로 나타나 특허출원을 신청했다. 꾸지뽕잎을 이용한 아토피 피부염 억제 조성물 제조 기술은 평태산업(주)에 이전되어 그 기술을 가지고 이스라지 천연비누를 생산하게 된 것이다.&nbsp;(2010.1.21, 재경뉴스)http://www.jknews.co.kr/bodo/view.php?id=bodo24464",막걸리의 무한변신.hwp,http://www.fact.or.kr/action.do?action=farmtech%24file&seq=501&file_seq=1,2010.01.25,이진필,501,"피부 트러블(아토피피부염, 여드름) 물리치는 이스라지 천연비누",471
"경기도민물고기연구소(소장 김동수)가 국내 최초로 철갑상어 사료 첨가제에 대한 특허를 취득했다. 21일 도에 따르면 연구소는 마늘에서 유효 성분을 추출해 만든 철갑상어 사료 첨가제로 지난 12월 9일 특허청으로부터 특허증(특허 제 10-0932474 호)을 취득했다(2010.1.21, 머니투데이)http://www.mt.co.kr/businessReport/reportView.html?m_id=2010012116254822898 ",미세유속 바이오칩.hwp,http://www.fact.or.kr/action.do?action=farmtech%24file&seq=500&file_seq=1,2010.01.25,이진필,500,"철갑상어, 마늘 먹고 두 배로 성장",437
"22일 산림청에 따르면 국립산림과학원 녹색산업연구과는 최근 오디가 주름개선에 효과 있다는 사실을 밝혀내고 화장품개발에 성공했다. 오디의 추출성분을 넣은 크림형의 에센스 기능성 화장품이 안정화시험을 통해 제품으로서 알맞다는 결과를 얻은 것이다.(2010.1.22, 아시아경제)http://www.asiae.co.kr/news/view.htm?idxno=2010012120190680906 ",내 마음대로 골라쓰는 특허검색서비스.hwp,http://www.fact.or.kr/action.do?action=farmtech%24file&seq=499&file_seq=1,2010.01.25,이진필,499,"국립산림과학원, 뽕나무 열매 이용한 기능성 화장품 시험생산…특허출원 준비 중",425
"최근 특허청(청장 고정식)이 발표한 국내 지식재산권 출원 현황에 따르면 매년 꾸준한 증가추세를 보이던 지식재산권 출원이 세계적 경제 불황으로 지난해 소폭 감소한 것으로 나타났다. 2009년 출원된 지식재산권은 총 35만3440건으로 2008년 37만2697건에 비해 5.2% 감소했다. 유형별로 특허가 15만6885건으로 전년 17만632건과 비교해 8.1% 감소해 가장 많이 줄었고, 실용신안은 4.4%, 상표 3.4%, 디자인 0.8% 감소해 모든 항목에서 출원건수가 줄었다. (2010.1.22, 대전일보)http://www.daejonilbo.com/news/newsitem.asp?pk_no=863086#",포천막걸리 국내최초 막걸리분야 지리적표시 단체표장 출원_1.hwp,http://www.fact.or.kr/action.do?action=farmtech%24file&seq=498&file_seq=1,2010.01.25,이진필,498,작년 지식재산권 출원 소폭 감소,442
"지난해 농진청이 출원을 완료한 산업재산권은 세계 최초로 실크단백질을 이용한 '인공고막' 등 321건으로 2008년 237건과 2007년 164건에 비해 크게 늘었습니다.(2010.1.22, YTN)http://www.ytn.co.kr/_ln/0103_201001221521118218","특허, 브랜드·디자인 모두 도와드립니다.hwp",http://www.fact.or.kr/action.do?action=farmtech%24file&seq=497&file_seq=1,2010.01.25,이진필,497,작년 지식재산권 출원 소폭 감소,618
"경기테크노파크(경기 TP) 경기기술이전센터는 26일 서울 삼성동 코엑스에서 8개 분야의 신탁특허 기술이전 설명회 및 상담회를 연다.이번 설명회에는 특허법인 다울, 한국기술거래사협회 남부지회, 한국과학기술연구원, 포항공대 등이 보유한 화학&middot;바이오 분야 미활용 특허의 기술이전과 사업화 방안 등이 소개된다.(2010.1.22, 파이낸셜뉴스)http://www.fnnews.com/view?ra=Sent1601m_View&amp;corp=fnnews&amp;arcid=0921880542&amp;cDateYear=2010&amp;cDateMonth=01&amp;cDateDay=22",특허청 지식재산권 보호노력 국제적으로 인정받아.hwp,http://www.fact.or.kr/action.do?action=farmtech%24file&seq=496&file_seq=1,2010.01.25,이진필,496,경기테크노파크 26일 신탁특허 이전 설명회,465
"24일 한국특허정보원이 내놓은 '미국특허로 바라본 한국의 기술경쟁력(Patent Scoreboard 2010)'에 따르면 우리나라는 2008년에 이어 지난해도 미국특허 등록건수에서나 기술력 순위 모두 3위를 차지했다. 그러나 미국특허 보유기업 수는 경쟁국보다 크게 적고 대부분이 일부 대기업들로 분석됐다. 지난해 미국에 특허를 등록, 권리를 갖고 있는 지구촌의 기업, 대학, 연구소는 1만1016사(개인 제외). 이중 ▲미국이 6481개사로 58.8%를 차지하고 있고 ▲일본 1034곳(9.4%) ▲독일 688곳(6.2%) ▲대만 444곳(4%)이었다. 반면 우리나라는 151곳(1.4%)에 그쳤다. 특허선진 5개국(IP5) 중 3~4위에 들어가는 '특허강국 코리아'의 위상을 무색하게 만드는 대목이다. (2010.1.24, 아시아경제)http://www.asiae.co.kr/news/view.htm?idxno=2010012215152845506 ",2010년 이전희망 우수특허기술 조사.hwp,http://www.fact.or.kr/action.do?action=farmtech%24file&seq=495&file_seq=1,2010.01.25,이진필,495,"'美 특허' 기업, 일본·대만에 뒤져",583
"24일 특허청(청장 고정식)이 발표한 '2009년 4&middot;4분기 지식재산권 동향'에 따르면 2009년 4&middot;4분기 지식재산권 출원건수는 전년동기대비 2.4% 증가한 10만1310건, 등록건수는 14.8% 감소한 3만5363건을 기록했다.(2010.1.24, 뉴시스)http://news.naver.com/main/read.nhn?mode=LSD&amp;mid=sec&amp;sid1=105&amp;oid=003&amp;aid=0003057854 ",2010 세계 최대의 여성 발명축제가 열린다!.hwp,http://www.fact.or.kr/action.do?action=farmtech%24file&seq=494&file_seq=1,2010.01.25,이진필,494,막걸리 등 소비행태 변화로 '지재권출원' 소폭 증가,576
"원료는 완두콩에서 얻어진 가수 분해 단백질인 식물성 펩톤과 녹차 캘러스 배양 추출물, 이지함피부 과학연구소가 특허 출원을 받은 상황버섯 복합 추출물 등 대부분이 식물성..... 특히 이 제품은 정부의 국가 연구과제 수행기관으로 선정돼 지난 3년동안 이지함 피부과학연구소에서 연구한 울릉도의 특산 약용 복합 식물 추출물과 곰취 등이 함유되어 있어 피부결을 부드럽고 촉촉하게 가꿔준다(2010.1.24, 파이낸셜뉴스)http://www.fnnews.com/view?ra=Sent1001m_View&amp;corp=fnnews&amp;arcid=0921880831&amp;cDateYear=2010&amp;cDateMonth=01&amp;cDateDay=24 ",특허심판 더 빠르고 더 편리하게.hwp,http://www.fact.or.kr/action.do?action=farmtech%24file&seq=493&file_seq=1,2010.01.25,이진필,493,줄기세포 활성화제 화장품 출시 붐,594
"25일 국립수의과학검역원은 동물용 백신 접종 시 일시적으로 나타날 수 있는 사료섭취 감소 등 스트레스를 대폭 줄여줄 수 있는 완화제를 개발해 지난 7일 특허 출원했다고 밝혔다.(2010.1.24, 메디컬투데이)http://www.mdtoday.co.kr/mdtoday/index.html?no=114528 ",2010.01.25,이진필,492,"국립수의과학검역원, 백신접종 스트레스 완화제 개발 특허 출원",592,줄기세포 활성화제 화장품 출시 붐,594
"도쿄에서 200km나 떨어진 도치기현. &lsquo;빵 아키모토&rsquo;의 아키모토 요시히코(秋元義彦) 사장과 직원들은 이날 흥분으로 밤잠을 이루지 못했다. NASA의 엄격한 안전검사를 거친 이 회사의 통조림 빵을 우주왕복선에서 시식하는 모습이 전해졌기 때문이다(2010.01.17, 조선닷컴)http://news.chosun.com/site/data/html_dir/2010/01/08/2010010801320.html ","특허수수료, 이젠 마일리지로 해결한다.hwp",http://www.fact.or.kr/action.do?action=farmtech%24file&seq=491&file_seq=1,2010.01.19,이진필,491,'통조림 빵 우주비행사도 먹어요',412
"특허법원은 1998년 3월부터 2007년 말까지 총 9077건을 처리했으며 사건 유형별로는 특허사건의 경우 전체 처리사건 가운데 2509건, 실용신안 사건 1493건, 디자인 사건 1041건, 상표사건 4034건을 처리(2010.01.17, 파이낸셜뉴스)http://www.fnnews.com/view?ra=Sent1201m_View&amp;corp=fnnews&amp;arcid=0921874216&amp;cDateYear=2010&amp;cDateMonth=01&amp;cDateDay=17 ",국유특허! 잘만 사용하면 돈이 보인다.hwp,http://www.fact.or.kr/action.do?action=farmtech%24file&seq=490&file_seq=1,2010.01.19,이진필,490,특허·행정소송 매년 큰폭 증가,407
"듀폰이 몬산토의 원천 기술을 활용해 만든 유전자 조작 콩 상품을 판매하는 것을 몬산토가 막을 권한이 있다고 판결(2010.01.17, 연합뉴스)http://news.naver.com/main/read.nhn?mode=LSD&amp;mid=sec&amp;sid1=101&amp;oid=001&amp;aid=0003077110 ",2010.01.19,이진필,489,"몬산토, 유전자 변형 특허소송서 1차 승리",438,특허·행정소송 매년 큰폭 증가,407
"특허심사 행정의 명확성과 투명성을 제고하고, 고객 참여 폭을 확대하기 위해 특허 심사기준 전용 웹사이트(http://www.kipo.go.kr/patguideline)를 특허청 홈페이지에 구축, 이달 1일부터 오픈(2010.01.17, 뉴시스)http://news.naver.com/main/read.nhn?mode=LSD&amp;mid=sec&amp;sid1=105&amp;oid=003&amp;aid=0003047384 ",2010.01.19,이진필,488,"특허 심사기준, 원클릭 확인 가능, 개정에도 참여 가능",422,특허·행정소송 매년 큰폭 증가,407
"R&amp;D 특허센터는 한국지식재산연수원의 부설기관으로 운영되며 우리나라가 제조업 강국을 넘어 지식재산 강국으로 도약하기 위한 ,지재권 중심의 기술획득전략' 등을 본격 추진하는 총괄기구 역할을 수행(2010.01.15, 디지털타임스)http://www.dt.co.kr/contents.html?article_no=2010011502011057731003 ",지역특산품 해외권리화 적극지원.hwp,http://www.fact.or.kr/action.do?action=farmtech%24file&seq=487&file_seq=1,2010.01.19,이진필,487,"특허청, 특허전략 전담 총괄기구 출범 -지식재산센터내 'R&D 특허센터' 개소-",440
"제주대 아열대원예산업연구소 7년간의 연구 끝에 사포닌 유효성분 중 항암, 노화억제, 간기능 개선 등의 효과를 보이는 성분이 기존 산삼보다 3-10배 높은 인공 산삼뿌리를 만들었으며 국내 특허 출원 예정(2010.01.15, 조선일보)http://news.chosun.com/site/data/html_dir/2010/01/15/2010011500254.html ",2010년 대한민국학생발명전시회 개최.hwp,http://www.fact.or.kr/action.do?action=farmtech%24file&seq=486&file_seq=1,2010.01.19,이진필,486,효능 10배 좋은 '슈퍼산삼' 개발,496
"'농업에 필요한 기계나 자재라면 농부의 손으로 만들어야 제대로 만든다' 는 신념으로 낮에는 농사를 짓고 밤에는 발명에 몰두하며 산 농부 발명왕이 있다. 발명특허로 상품화된 농기계 6종을 포함해 실용신안, 특허출원 중인 것까지 26종의 발명품을 혼자의 힘으로 개발한 김윤수 사장(69 주식회사 유농산업)의 발명시대는 1976년부터 시작됐다.(2010.01.14, 인터뷰365)http://interview365.com/client/news/view.asp?sidx=4680 ",원천특허 확보 가능한 기술을 찾아 드립니다.hwp,http://www.fact.or.kr/action.do?action=farmtech%24file&seq=485&file_seq=1,2010.01.19,이진필,485,농기재 26가지 발명한 농부 발명왕 김윤수,641
"농촌진흥청 국립원예특작과학원, 제주대학교 공동연구 결과 제주 재래감귤 추출액이 체지방 및 복부지방, 체중 및 지방간 개선에 유효한 것으로 나타났다고 최근 밝혔다. (2010.01.14, 헤럴드비즈)http://www.heraldbiz.com/SITE/data/html_dir/2010/01/14/201001140052.asp ",2010.01.19,이진필,484,다이어트·변비 감귤로 해결한다,607,농기재 26가지 발명한 농부 발명왕 김윤수,641
"해양심층수로부터 분리한 각종 미네랄이 함유된 처리수를 가습처리 방식으로 쌀에 입힌 기능성 쌀로 2008년 특허 등록(2010.01.14, 강원도민일보)http://www.kado.net/news/articleView.html?idxno=448120 ",2010.01.19,이진필,483,"해양심층수 코팅 쌀 6월 출시 -고성군-토성농협, 천진리에 대량 생산시설 구축-",627,농기재 26가지 발명한 농부 발명왕 김윤수,641
"DNA를 이용해 우리나라 사과 품종을 쉽고 정확하게 구분할 수 있는 기술을 개발, 현재 특허출원(출원번호: 10-2009-0131107) 했다.(2010.01.13, 아시아투데이)http://www.asiatoday.co.kr/news/view.asp?seq=318338 ",특허청 한 번의 민원신청으로 모든 궁금증 해결.hwp,http://www.fact.or.kr/action.do?action=farmtech%24file&seq=482&file_seq=1,2010.01.19,이진필,482,사과잎사귀 하나로 국산 품종 가려낸다,619
"연구수준은 미국, 유럽에 비견할 만큼 세계적이다. 창의적인 연구와 연구자간 협력을 가로막는 관리시스템만 바꾸면 된다(2010.01.13, 디지털타임스)http://www.dt.co.kr/contents.html?article_no=2010011402011657650002 ",경기북부 중소기업의 지식재산(IP) 센터 개소식.hwp,http://www.fact.or.kr/action.do?action=farmtech%24file&seq=481&file_seq=1,2010.01.19,이진필,481,"연구과제중심제도가 국가 과학기술 발전 '발목 -KIST 등 출연연 5곳 진단, ",376
"전라북도 생물산업진흥원 무주군청 및 무주 천마향토산업사업단과 기술&middot;제품개발을 위해 협력하고 관련 분야의 시장동향과 연구기술정보 등 공유(2010.01.13, 연합뉴스)http://news.naver.com/main/read.nhn?mode=LSD&amp;mid=sec&amp;sid1=101&amp;oid=001&amp;aid=0003071434 ","지구촌 기상이변, 특허로 읽는다.hwp",http://www.fact.or.kr/action.do?action=farmtech%24file&seq=480&file_seq=1,2010.01.19,이진필,480,"무주군, 천마라면 연구기술 이전 협약",366
"새바람하트딸기 영농조합법인 하트모양 딸기 2009년 특허청 특허등록(2010.01.13, 연합뉴스)http://news.naver.com/main/read.nhn?mode=LSD&amp;mid=sec&amp;sid1=117&amp;oid=098&amp;aid=0002097200 ",20100302 돈되는 특허기술 특허청이 찾아드립니다.hwp,http://www.fact.or.kr/action.do?action=farmtech%24file&seq=479&file_seq=1,2010.01.19,이진필,479,강진 '하트딸기'가 사랑을 전합니다,410
"김포지역 농특산물에 사용하게 될 '금빛나루' 브랜드 특허청 상표등록(2010.01.13, 경인일보)http://www.kyeongin.com/news/articleView.html?idxno=496423 ",특허전략 세우고 취업 뚫어라.hwp,http://www.fact.or.kr/action.do?action=farmtech%24file&seq=478&file_seq=1,2010.01.19,이진필,478,김포농산물 '금빛나루' 등록,409
"김재수 농촌진흥청장은 12일 신년 인터뷰에서 &quot;농업 관련 연구성과와 특허기술을 실용화할 수 있도록 농업기술실용화재단을 설립한 것은 MB농업정책의 대표적인 실용화 모델&quot;이라면서 &quot;정부의 농업분야 출연기관마다 '성과' 없이 설립목적과 다르게 운영한다는 한계를 뛰어넘어 다른 기관의 벤치마킹 대상이 된 대표적인 성공사례&quot;라고 밝혔다.(2010.01.13, 경인일보)http://www.kyeongin.com/news/articleView.html?idxno=496478 ",생명공학분야 특허심사기준.hwp,http://www.fact.or.kr/action.do?action=farmtech%24file&seq=477&file_seq=1,2010.01.19,이진필,477,"인터뷰 / 김재수 농촌진흥청장 -녹색기술 생명과학 융합 실용화, 농업기술실용화재단 설립 대표적 성공사례",428
"알엔엘바이오, 미국 생명공학기업 스타트라이센싱과의 특허소송을 철회하고 '포유동물 복제 원천특허(일명 돌리특허)'에 대한 전용실시권을 받기로 계약(2010.01.11, 한국일보)http://news.hankooki.com/lpage/society/201001/h2010011121482622000.htm ",2010.01.19,이진필,476,"'개 복제' 특허소송 미와 화해 -알앤엘바이오, 소송 철회… 전용실시권 확보-",452,"인터뷰 / 김재수 농촌진흥청장 -녹색기술 생명과학 융합 실용화, 농업기술실용화재단 설립 대표적 성공사례",428
"전남산림자원연구소, 천일염에 버섯 성분을 첨가해 염화나트륨 함량은 낮추고 미네랄 성분은 강화한 천연버섯소금 개발(2010.01.11, 한국일보)http://news.hankooki.com/lpage/society/201001/h2010011121080474990.htm ",2010.01.19,이진필,475,버섯성분 첨가한 천일염 특허 획득 -전남산림자원연구소 '천연버섯소금' 3종 개발-,564,"인터뷰 / 김재수 농촌진흥청장 -녹색기술 생명과학 융합 실용화, 농업기술실용화재단 설립 대표적 성공사례",428
"천녀목란 향취 재현 향료 조성물에 대한 특허 취득, 저가 대중적인 향료수요를 증대시켜 향료분야의 산업발전에 기여(2010.01.11, 파이낸셜뉴스)http://www.fnnews.com/view?ra=Sent0301m_View&amp;corp=fnnews&amp;arcid=100111180931&amp;cDateYear=2010&amp;cDateMonth=01&amp;cDateDay=11 ",2010.01.19,이진필,474,"코리아나화장품, 천연 향취 재현 특허권 취득",563,"인터뷰 / 김재수 농촌진흥청장 -녹색기술 생명과학 융합 실용화, 농업기술실용화재단 설립 대표적 성공사례",428
"프로폴리스 곶감 제조방법 등 2건 특허출원, 상주곶감의 고급화에 노력(2010.01.11, 경북일보)http://www.kyongbuk.co.kr/main/news/news_content.php?id=469328&amp;news_area=080&amp;news_divide=&amp;news_local=22&amp;effect=4",2010.01.19,이진필,473,기능성 '프로폴리스 곶감' 개발 -상주시청 재난안전관리과 신인석씨-,614,"인터뷰 / 김재수 농촌진흥청장 -녹색기술 생명과학 융합 실용화, 농업기술실용화재단 설립 대표적 성공사례",428
"(전략) 무형의 지식이 재산인 현대 사회에서도 이 같은 괴물이 있다. 바로 특허소송을 통해 수익을 창출하는 &lsquo;특허괴물(Patent Troll)&rsquo;이다. 특허괴물은 제품을 생산하거나 판매하지 않으면서 특허만을 매입해 로열티나 소송 합의금을 챙기는 회사로, 인텔렉추얼 벤처스(Intellectual Ventures) 등 세계적으로 220여개가 활동하고 있다.(후략)(2010.1.18, 전자신문)http://www.etnews.co.kr/news/detail.html?id=201001150170&nbsp;",하우스농사 이젠 폭설에도 걱정 없어요.hwp,http://www.fact.or.kr/action.do?action=farmtech%24file&seq=472&file_seq=1,2010.01.25,이진필,472,특허 리바이어던의 재림,588
"탑프루트 나주생산단지를 운영하는 전남 나주 배사랑 우리배작목반(회장 김진호)이 최근 농촌진흥청이 주최한 &lsquo;고품질 과실 생산 종합평가회&rsquo;에서 대통령상을 받았다.(2010.1.18, 농민신문)http://www.nongmin.com/article/ar_detail.htm?ar_id=170316&amp;subMenu=articletotal",5개국 특허청(IP5) 특허검색 통일화된다.hwp,http://www.fact.or.kr/action.do?action=farmtech%24file&seq=471&file_seq=1,2010.01.25,이진필,471,나주 ‘배사랑우리배작목반’ 대통령상 -과실꼭지 보호캡을 특허출원-,365
"광주과학기술원(GIST)은 18일 임신혁 교수팀이 인체에 부작용 없이 공생할 수 있는 특정 유산균을 항염증 질환치료제로 개발하는데 성공했다고 밝혔다. 연구에 참여한 GIST 임신혁 교수와 권호근 학생 연구팀은 항염증성 유산균 선별 시스템을 통해 도출한 항염증성 유산균 5종의 조합 유산균인 IRT5를 개발해 내는데 성공했다. 연구팀이 개발한 유산균 조합을 생쥐에게 일정기간 투여한 결과, 생체에서 과민 면역 반응을 억제하는데 중요한 역할을 하는 면역조절 T 세포의 개체수와 기능이 강화됐다. (2010.1.18, 뉴시스)http://news.naver.com/main/read.nhn?mode=LSD&amp;mid=sec&amp;sid1=105&amp;oid=003&amp;aid=0003048488",WIPO 국제 특허출원 현황.hwp,http://www.fact.or.kr/action.do?action=farmtech%24file&seq=470&file_seq=1,2010.01.25,이진필,470,"GIST(광주과학기술원), 치료용 유산균 개발 성공",386
"(전략)표준은 기술을 공개하지만, 특허는 배타적 권리를 인정한다. 특허 기술을 너무 틀어쥐고 내놓지 않으면 초기 시장 형성에 실패하거나 경쟁사들에 표준을 넘겨줄 수 있다. 적당히 풀어주면서 표준을 확보해야 장기간 고수익이 보장된다. 때론 경쟁사와 특허를 상쇄&middot;공유하는 크로스 라이센싱 전략도 필요하다. 보유 기술의 최적 조합이 치열해지는 특허-표준전쟁에서 승자가 되는 길이다.(2010.1.18, 문화일보)http://www.munhwa.com/news/view.html?no=2010011801033037076002",2010.01.25,이진필,469,특허-표준 전쟁,394,"GIST(광주과학기술원), 치료용 유산균 개발 성공",386
"부안군 농업기술센터(소장 김창용)는 식이섬유가 일반쌀에 비해 3배 정도가 높은 &ldquo;고아미 2호&rdquo; 쌀을 이용 쌀국수를 만드는 제조기술에 대해 특허를 획득 했다.고아미2호를 이용한 쌀국수는 섬유질이 풍부하고 포만감을 느끼게하며 당뇨질환자와 비만 환자들에게 이로운 것으로 분석되었다.(2010.1.18, 머니투데이)http://www.mt.co.kr/businessReport/reportView.html?m_id=2010011814491259989",2010.01.25,이진필,468,부안군농업기술센터 고아미 쌀을 이용한 쌀국수 제조 특허,451,"GIST(광주과학기술원), 치료용 유산균 개발 성공",386
"오늘날 지식기반사회, 창조기반사회에서 새로이 각광을 받고 있는 권리가 특허와 저작권이다. 이들 권리는 끊임없이 새로운 것을 추구하는 인간의 지적활동의 결과물이라는 점에서 공통점을 갖는다. 그러나 특허는 산업분야 기술의 영역이고 저작권은 문학적 또는 예술적 분야 창작의 영역이라는 점에서 그 적용범위를 달리하고 있다. 이와 같이 양 제도의 적용분야상의 차이에 따라 특허를 산업재산권으로, 저작권을 문화재산권으로 부르기도 하는데, 이 같은 구분은 컴퓨터 프로그램과 같은 소프트웨어의 출현으로 그 경계범위가 점점 모호해지고 있다. (후략) (2010.2.17, 공감코리아)http://korea.kr/newsWeb/pages/brief/categoryNews2/view.do?newsDataId=148688883&amp;category_id=gigo_news&amp;section_id=gigo_sec_01&amp;call_from=extlink ",2010.02.23,이진필,467,"특허와 저작권, 그리고 ‘Intellectual Property Rights’(상)",420,"GIST(광주과학기술원), 치료용 유산균 개발 성공",386
"경남 '진주실크(JINJU SILK)'가 특허청으로부터 지리적표시단체표장 특허 등록이 결정됐다.한국실크연구원과 경남직물진주실크공업협동조합은 지식경제부와 경남도, 진주시에서 지원하는 지역연고산업육성사업을 기반으로 진주실크에 대한 지리적표시단체표장 최종 특허등록이 결정됐다고 17일 밝혔다.(후략) (2010.2.17, 뉴시스)http://news.naver.com/main/read.nhn?mode=LSD&amp;mid=sec&amp;sid1=001&amp;oid=003&amp;aid=0003093957",2010.02.23,이진필,466,'진주실크' 지리적표시단체표장 특허 등록,470,"GIST(광주과학기술원), 치료용 유산균 개발 성공",386
"지구&nbsp;온난화로&nbsp;인한&nbsp;기상이변&nbsp;현상으로&nbsp;겨울철에는&nbsp;국지적인&nbsp;폭설현상이&nbsp;빈번하게&nbsp;발생되어&nbsp;비닐하우스&nbsp;붕괴&nbsp;피해가&nbsp;증가함으로써&nbsp;비닐하우스를&nbsp;이용하여&nbsp;채소,&nbsp;화훼&nbsp;및&nbsp;과수류&nbsp;등을&nbsp;재배하고&nbsp;있는&nbsp;영세&nbsp;농가의&nbsp;시름이&nbsp;깊어지고&nbsp;있다. 이러한&nbsp;피해는&nbsp;영세&nbsp;농가에서&nbsp;비용을&nbsp;절감하기&nbsp;위하여&nbsp;구조적으로&nbsp;취약한&nbsp;비표준규격의&nbsp;프레임을&nbsp;주로&nbsp;채용하는데도&nbsp;원인이&nbsp;있지만,&nbsp;비닐하우스&nbsp;지붕에&nbsp;적층되는&nbsp;눈을&nbsp;제거하는&nbsp;별도의&nbsp;장치가&nbsp;부착되지&nbsp;않은&nbsp;비닐하우스&nbsp;구조를&nbsp;이용하는&nbsp;것이&nbsp;주된&nbsp;원인으로&nbsp;지적되고&nbsp;있는데,&nbsp;최근에&nbsp;지붕에&nbsp;쌓인&nbsp;눈을&nbsp;실시간으로&nbsp;자동적으로&nbsp;제거하는&nbsp;기능이&nbsp;있는&nbsp;첨단화된&nbsp;비닐하우스&nbsp;제설장치&nbsp;기술에&nbsp;대한&nbsp;관심이&nbsp;증가하고&nbsp;있어&nbsp;주목된다.&nbsp; 특허청(청장&nbsp;고정식)&nbsp;자료에&nbsp;의하면&nbsp;비닐하우스&nbsp;분야&nbsp;특허출원&nbsp;중에서&nbsp;비닐하우스&nbsp;제설장치에&nbsp;대한&nbsp;특허출원은&nbsp;2009년말&nbsp;현재&nbsp;총&nbsp;127건으로서,&nbsp;2004년&nbsp;이후&nbsp;지속적으로&nbsp;증가하는&nbsp;추세인&nbsp;것으로&nbsp;나타났다. 이를&nbsp;구체적&nbsp;주요&nbsp;기술유형별로&nbsp;살펴보면,&nbsp;온수&nbsp;및&nbsp;온풍을&nbsp;고압으로&nbsp;배출시켜&nbsp;눈을&nbsp;제거하는&nbsp;기술이&nbsp;31건으로서&nbsp;가장&nbsp;많은&nbsp;24.4%의&nbsp;출원비중을&nbsp;차지하고&nbsp;있고,&nbsp;그&nbsp;다음으로는&nbsp;비닐하우스&nbsp;지붕&nbsp;위에서&nbsp;제설기구가&nbsp;부착된&nbsp;왕복&nbsp;구동장치에&nbsp;의하여&nbsp;쌓인&nbsp;눈을&nbsp;제거하는&nbsp;기술이&nbsp;24건으로서&nbsp;18.9%를&nbsp;점유하고&nbsp;있으며,&nbsp;비닐하우스&nbsp;프레임&nbsp;등의&nbsp;지지체에&nbsp;진동장치를&nbsp;부착시켜&nbsp;진동에&nbsp;의하여&nbsp;지붕의&nbsp;눈이&nbsp;흘러내리게&nbsp;하는&nbsp;방식의&nbsp;기술이&nbsp;13건(출원비율&nbsp;:&nbsp;10.2%)을&nbsp;차지하고&nbsp;있다,&nbsp; 이외에도&nbsp;최근&nbsp;2008년부터는&nbsp;비닐하우스의&nbsp;지붕에&nbsp;열선&nbsp;등을&nbsp;배치하여&nbsp;발열방식에&nbsp;의해&nbsp;적층된&nbsp;눈을&nbsp;녹이는&nbsp;기술,&nbsp;또한&nbsp;재생에너지&nbsp;활용에&nbsp;대한&nbsp;관심의&nbsp;증가로&nbsp;태양열&nbsp;집열장치나&nbsp;태양전지를&nbsp;이용한&nbsp;발열기능을&nbsp;이용한&nbsp;기술&nbsp;등의&nbsp;수단을&nbsp;통하여&nbsp;쌓인&nbsp;눈을&nbsp;제거하는&nbsp;기술에&nbsp;대한&nbsp;출원도&nbsp;증가되는&nbsp;추세인&nbsp;것으로&nbsp;나타났다. 한편,&nbsp;국내에서&nbsp;비닐하우스와&nbsp;제설장치를&nbsp;전문적으로&nbsp;일관&nbsp;생산하는&nbsp;기업이&nbsp;대부분&nbsp;영세업자인&nbsp;관계로&nbsp;개인발명에&nbsp;의한&nbsp;출원이&nbsp;주를&nbsp;이루어&nbsp;전체의&nbsp;81.1%인&nbsp;총&nbsp;103건인&nbsp;것으로&nbsp;나타났다. 따라서,&nbsp;전문&nbsp;농기계회사를&nbsp;중심으로&nbsp;비닐하우스&nbsp;제설장치를&nbsp;개발하기&nbsp;위한&nbsp;연구개발이&nbsp;본격화될&nbsp;수&nbsp;있도록&nbsp;정부차원의&nbsp;관심과&nbsp;지도가&nbsp;있어야&nbsp;할&nbsp;것으로&nbsp;보인다. 최근,&nbsp;비닐하우스나&nbsp;온실&nbsp;등을&nbsp;통한&nbsp;식물공장&nbsp;형태의&nbsp;수경재배와&nbsp;열대성&nbsp;고수익&nbsp;작물에&nbsp;대한&nbsp;관심과&nbsp;재배가&nbsp;증가하는&nbsp;추세인&nbsp;점을&nbsp;감안할&nbsp;때,&nbsp;향후에도&nbsp;폭설에&nbsp;의한&nbsp;비닐하우스&nbsp;재배&nbsp;농가의&nbsp;피해를&nbsp;방지하고&nbsp;안정적&nbsp;영농을&nbsp;영위하기&nbsp;위하여는&nbsp;자동화된&nbsp;제설기능을&nbsp;갖춘&nbsp;비닐하우스에&nbsp;대한&nbsp;관심과&nbsp;기술개발은&nbsp;꾸준히&nbsp;증가할&nbsp;것으로&nbsp;전망된다.(2010.2.22, 특허청 홈페이지 보도자료)http://www.kipo.go.kr/kpo/user.tdf?a=user.news.press1.BoardApp&amp;board_id=press&amp;cp=1&amp;pg=1&amp;npp=10&amp;catmenu=m03_01_02&amp;sdate=&amp;edate=&amp;searchKey=&amp;searchVal=&amp;c=1003&amp;seq=9233 ",2010.02.23,이진필,465,"하우스 농사, 이젠 폭설에도 걱정 없어요 - 비닐하우스 제설장치의 특허출원 동향 -",643,"GIST(광주과학기술원), 치료용 유산균 개발 성공",386
"국가별&nbsp;특허&nbsp;심사결과&nbsp;불일치&nbsp;해소&nbsp;기대&nbsp;&nbsp;&nbsp;연구원&nbsp;A씨는&nbsp;연구결과를&nbsp;우리나라와&nbsp;미국,&nbsp;일본,&nbsp;유럽,&nbsp;중국&nbsp;등&nbsp;5개국에&nbsp;특허&nbsp;출원하였다.&nbsp;동일한&nbsp;아이디어로&nbsp;특허를&nbsp;출원하였지만,&nbsp;미국,&nbsp;유럽,&nbsp;중국에서는&nbsp;특허로&nbsp;등록된&nbsp;반면,&nbsp;우리나라와&nbsp;일본에서는&nbsp;특허가&nbsp;거절되었다.&nbsp;왜&nbsp;이런&nbsp;현상이&nbsp;발생한&nbsp;것일까?&nbsp;&nbsp;&nbsp;A씨의&nbsp;발명은&nbsp;출원&nbsp;전에&nbsp;같은&nbsp;기술이&nbsp;이미&nbsp;일본에&nbsp;있었기&nbsp;때문에&nbsp;특허로&nbsp;등록될&nbsp;수&nbsp;없었다.&nbsp;우리나라와&nbsp;일본은&nbsp;특허심사관이&nbsp;이&nbsp;선행기술을&nbsp;찾았기&nbsp;때문에&nbsp;특허를&nbsp;거절한&nbsp;반면,&nbsp;다른&nbsp;나라들은&nbsp;일본의&nbsp;선행기술&nbsp;검색에&nbsp;실패하였기&nbsp;때문에&nbsp;등록되지&nbsp;말아야&nbsp;할&nbsp;A씨의&nbsp;특허를&nbsp;잘못&nbsp;등록시킨&nbsp;것이다.&nbsp;&nbsp;&nbsp;이처럼&nbsp;국가간의&nbsp;검색범위&nbsp;차이로&nbsp;인해&nbsp;등록되지&nbsp;말아야&nbsp;할&nbsp;특허가&nbsp;등록되면&nbsp;특허기술의&nbsp;사업화&nbsp;후에&nbsp;무효화&nbsp;되거나&nbsp;분쟁에&nbsp;휩싸여&nbsp;큰&nbsp;손실이&nbsp;발생될&nbsp;우려가&nbsp;있다.&nbsp;&nbsp;&nbsp;&nbsp;앞으로는&nbsp;위와&nbsp;같은&nbsp;문제가&nbsp;상당부분&nbsp;줄어들&nbsp;것으로&nbsp;보인다.&nbsp;전&nbsp;세계&nbsp;특허출원의&nbsp;80%를&nbsp;차지하는&nbsp;5개국&nbsp;특허청(IP5;&nbsp;우리나라,미국,일본,중국,유럽)의&nbsp;특허&nbsp;검색환경&nbsp;통일화가&nbsp;추진되고&nbsp;있기&nbsp;때문이다.&nbsp;2008년&nbsp;10월&nbsp;제주에서&nbsp;5개국&nbsp;특허청장이&nbsp;만나&nbsp;통일화&nbsp;방향에&nbsp;합의한&nbsp;이후&nbsp;실무협의가&nbsp;진전되어,&nbsp;최근에는&nbsp;프로젝트&nbsp;공정별&nbsp;인력투입&nbsp;계획까지&nbsp;확정되었다.&nbsp;&nbsp;&nbsp;&nbsp;구체적으로는&nbsp;5국은&nbsp;특허검색&nbsp;대상(특허데이터),&nbsp;방법(검색전략)&nbsp;및&nbsp;도구(검색시스템)를&nbsp;통일시킨다는&nbsp;계획이다.&nbsp;우선&nbsp;5국이&nbsp;보유하고&nbsp;있는&nbsp;특허데이터는&nbsp;공유하여&nbsp;IP5&nbsp;공통&nbsp;포맷으로&nbsp;변환한다.&nbsp;각국&nbsp;심사관의&nbsp;심사&nbsp;노하우는&nbsp;공유하고,&nbsp;심사&nbsp;절차는&nbsp;표준화시키며,&nbsp;최종적으로&nbsp;특허&nbsp;검색시스템까지&nbsp;통합시킨다는&nbsp;내용이다.&nbsp;&nbsp;&nbsp;&nbsp;첫&nbsp;단계로&nbsp;특허데이터의&nbsp;표준을&nbsp;결정하기&nbsp;위하여&nbsp;우리&nbsp;특허청&nbsp;담당자는&nbsp;2월&nbsp;8일부터&nbsp;나흘간&nbsp;일본&nbsp;특허청에서&nbsp;열린&nbsp;특허데이터&nbsp;표준화&nbsp;회의에&nbsp;참석하였다.&nbsp;본&nbsp;회의를&nbsp;시작으로&nbsp;5국은&nbsp;2011년까지&nbsp;다양한&nbsp;파일럿&nbsp;테스트를&nbsp;실시하고,&nbsp;2012년부터&nbsp;본격적인&nbsp;시스템&nbsp;구축에&nbsp;돌입한다는&nbsp;계획이다.&nbsp;&nbsp;&nbsp;&nbsp;특허청&nbsp;관계자는&nbsp;&ldquo;특허&nbsp;선진&nbsp;5개국의&nbsp;특허&nbsp;검색환경이&nbsp;통일화되면&nbsp;심사기간&nbsp;단축,&nbsp;심사품질&nbsp;향상&nbsp;등의&nbsp;획기적인&nbsp;변화가&nbsp;있을&nbsp;것&rdquo;이라며&nbsp;&ldquo;특허행정&nbsp;정보화&nbsp;분야&nbsp;선두&nbsp;주자로서의&nbsp;경험과&nbsp;자신감을&nbsp;바탕으로&nbsp;5개국&nbsp;특허검색시스템&nbsp;통합&nbsp;프로젝트에&nbsp;우리나라&nbsp;특허청이&nbsp;주도적&nbsp;역할을&nbsp;해&nbsp;나가겠다&rdquo;고&nbsp;밝혔다.&nbsp;(2010.2.22, 특허청 보도자료)&nbsp;http://www.kipo.go.kr/kpo/user.tdf?a=user.news.press1.BoardApp&amp;board_id=press&amp;cp=1&amp;pg=1&amp;npp=10&amp;catmenu=m03_01_02&amp;sdate=&amp;edate=&amp;searchKey=&amp;searchVal=&amp;c=1003&amp;seq=9230 ",2010.02.22,이진필,464,5개국 특허청(IP5) 특허검색 통일화된다,591,"GIST(광주과학기술원), 치료용 유산균 개발 성공",386
"국제지식재산권기구(WIPO)에 따르면 우리나라는 2009년 8,066건의 국제특허를 출원하여 4위를 차지하였다. 한편, 기업으로는 LG전자사 2008년보다 98건 많은 1,090건을 출원하여 7위를 차지하였다.&nbsp;2009년 특허출원 상위 10개국순위국가&nbsp;2008년 출원 &nbsp;2009년 출원 증감1미국&nbsp;&nbsp;&nbsp;&nbsp;&nbsp;&nbsp;&nbsp;&nbsp;51,653 &nbsp;&nbsp;&nbsp;&nbsp;&nbsp;&nbsp;&nbsp;&nbsp;45,790 -11.4%2일본&nbsp;&nbsp;&nbsp;&nbsp;&nbsp;&nbsp;&nbsp;&nbsp;28,785 &nbsp;&nbsp;&nbsp;&nbsp;&nbsp;&nbsp;&nbsp;&nbsp;29,827 3.6%3독일&nbsp;&nbsp;&nbsp;&nbsp;&nbsp;&nbsp;&nbsp;&nbsp;18,853 &nbsp;&nbsp;&nbsp;&nbsp;&nbsp;&nbsp;&nbsp;&nbsp;16,736 -11.2%4대한민국&nbsp;&nbsp;&nbsp;&nbsp;&nbsp;&nbsp;&nbsp;&nbsp;&nbsp;7,901 &nbsp;&nbsp;&nbsp;&nbsp;&nbsp;&nbsp;&nbsp;&nbsp;&nbsp;8,066 2.1%5중국&nbsp;&nbsp;&nbsp;&nbsp;&nbsp;&nbsp;&nbsp;&nbsp;&nbsp;&nbsp;6,218 &nbsp;&nbsp;&nbsp;&nbsp;&nbsp;&nbsp;&nbsp;&nbsp;&nbsp;&nbsp;7,946 29.7%6프랑스&nbsp;&nbsp;&nbsp;&nbsp;&nbsp;&nbsp;&nbsp;&nbsp;&nbsp;&nbsp;7,074 &nbsp;&nbsp;&nbsp;&nbsp;&nbsp;&nbsp;&nbsp;&nbsp;&nbsp;&nbsp;7,166 1.3%7영국&nbsp;&nbsp;&nbsp;&nbsp;&nbsp;&nbsp;&nbsp;&nbsp;&nbsp;&nbsp;5,514 &nbsp;&nbsp;&nbsp;&nbsp;&nbsp;&nbsp;&nbsp;&nbsp;&nbsp;&nbsp;5,320 -3.5%8네덜란드&nbsp;&nbsp;&nbsp;&nbsp;&nbsp;&nbsp;&nbsp;&nbsp;&nbsp;&nbsp;4,339 &nbsp;&nbsp;&nbsp;&nbsp;&nbsp;&nbsp;&nbsp;&nbsp;&nbsp;&nbsp;4,471 3.0%9스위스&nbsp;&nbsp;&nbsp;&nbsp;&nbsp;&nbsp;&nbsp;&nbsp;&nbsp;&nbsp;3,749 &nbsp;&nbsp;&nbsp;&nbsp;&nbsp;&nbsp;&nbsp;&nbsp;&nbsp;&nbsp;3,688 -1.6%10스웨덴&nbsp;&nbsp;&nbsp;&nbsp;&nbsp;&nbsp;&nbsp;&nbsp;&nbsp;&nbsp;4,136 &nbsp;&nbsp;&nbsp;&nbsp;&nbsp;&nbsp;&nbsp;&nbsp;&nbsp;&nbsp;3,667 -11.3%&nbsp;&nbsp;&nbsp;&nbsp;&nbsp;&nbsp;&nbsp;&nbsp;&nbsp;&nbsp;2009년 특허출원 상위 10대 기업순위전년순위기업명국가출원건수증감12파나소닉일본1,89116221화웨이중국1,84711035보쉬독일1,58631343필립스네덜란드1,295-256511퀄컴미국1,28037369에릭슨스웨덴1,24025678LG전자한국1,09098812NEC일본1,06924494도요타일본1,068-2961013샤프일본997183",20100212 특허청농진청간의 MOU체결 행사 추진계획.hwp,http://www.fact.or.kr/action.do?action=farmtech%24file&seq=463&file_seq=1,2010.02.22,이진필,463,"2009년 우리나라 국제특허출원 8,066건으로 4위",595
"국제지식재산권기구(WIPO)에 따르면 우리나라는 2009년 8,066건의 국제특허를 출원하여 4위를 차지하였다. 한편, 기업으로는 LG전자사 2008년보다 98건 많은 1,090건을 출원하여 7위를 차지하였다.&nbsp;2009년 특허출원 상위 10개국순위국가&nbsp;2008년 출원 &nbsp;2009년 출원 증감1미국&nbsp;&nbsp;&nbsp;&nbsp;&nbsp;&nbsp;&nbsp;&nbsp;51,653 &nbsp;&nbsp;&nbsp;&nbsp;&nbsp;&nbsp;&nbsp;&nbsp;45,790 -11.4%2일본&nbsp;&nbsp;&nbsp;&nbsp;&nbsp;&nbsp;&nbsp;&nbsp;28,785 &nbsp;&nbsp;&nbsp;&nbsp;&nbsp;&nbsp;&nbsp;&nbsp;29,827 3.6%3독일&nbsp;&nbsp;&nbsp;&nbsp;&nbsp;&nbsp;&nbsp;&nbsp;18,853 &nbsp;&nbsp;&nbsp;&nbsp;&nbsp;&nbsp;&nbsp;&nbsp;16,736 -11.2%4대한민국&nbsp;&nbsp;&nbsp;&nbsp;&nbsp;&nbsp;&nbsp;&nbsp;&nbsp;7,901 &nbsp;&nbsp;&nbsp;&nbsp;&nbsp;&nbsp;&nbsp;&nbsp;&nbsp;8,066 2.1%5중국&nbsp;&nbsp;&nbsp;&nbsp;&nbsp;&nbsp;&nbsp;&nbsp;&nbsp;&nbsp;6,218 &nbsp;&nbsp;&nbsp;&nbsp;&nbsp;&nbsp;&nbsp;&nbsp;&nbsp;&nbsp;7,946 29.7%6프랑스&nbsp;&nbsp;&nbsp;&nbsp;&nbsp;&nbsp;&nbsp;&nbsp;&nbsp;&nbsp;7,074 &nbsp;&nbsp;&nbsp;&nbsp;&nbsp;&nbsp;&nbsp;&nbsp;&nbsp;&nbsp;7,166 1.3%7영국&nbsp;&nbsp;&nbsp;&nbsp;&nbsp;&nbsp;&nbsp;&nbsp;&nbsp;&nbsp;5,514 &nbsp;&nbsp;&nbsp;&nbsp;&nbsp;&nbsp;&nbsp;&nbsp;&nbsp;&nbsp;5,320 -3.5%8네덜란드&nbsp;&nbsp;&nbsp;&nbsp;&nbsp;&nbsp;&nbsp;&nbsp;&nbsp;&nbsp;4,339 &nbsp;&nbsp;&nbsp;&nbsp;&nbsp;&nbsp;&nbsp;&nbsp;&nbsp;&nbsp;4,471 3.0%9스위스&nbsp;&nbsp;&nbsp;&nbsp;&nbsp;&nbsp;&nbsp;&nbsp;&nbsp;&nbsp;3,749 &nbsp;&nbsp;&nbsp;&nbsp;&nbsp;&nbsp;&nbsp;&nbsp;&nbsp;&nbsp;3,688 -1.6%10스웨덴&nbsp;&nbsp;&nbsp;&nbsp;&nbsp;&nbsp;&nbsp;&nbsp;&nbsp;&nbsp;4,136 &nbsp;&nbsp;&nbsp;&nbsp;&nbsp;&nbsp;&nbsp;&nbsp;&nbsp;&nbsp;3,667 -11.3%&nbsp;&nbsp;&nbsp;&nbsp;&nbsp;&nbsp;&nbsp;&nbsp;&nbsp;&nbsp;2009년 특허출원 상위 10대 기업순위전년순위기업명국가출원건수증감12파나소닉일본1,89116221화웨이중국1,84711035보쉬독일1,58631343필립스네덜란드1,295-256511퀄컴미국1,28037369에릭슨스웨덴1,24025678LG전자한국1,09098812NEC일본1,06924494도요타일본1,068-2961013샤프일본997183",20100212 막걸리 등 전통음식에 대한 지식재산권 보호가 강화된다.hwp,http://www.fact.or.kr/action.do?action=farmtech%24file&seq=463&file_seq=2,2010.02.22,이진필,463,"2009년 우리나라 국제특허출원 8,066건으로 4위",595
"전국적인 명성을 자랑하는 '안동사과'가 특허청으로부터 지리적표시 단체표장 등록을 받았다.이는 안동시와 안동상공회의소가 지난 2007년부터 지리적 명칭을 포함하는 지역 유명 특산품에 대한 권리보호와 브랜드 가치 제고를 위해 지리적 표시 단체표장 등록 사업이 마침내 결실을 맺은 것. (2010.29, 경북일보)http://www.kyongbuk.co.kr/main/news/news_content.php?id=474014&amp;news_area=110&amp;news_divide=&amp;news_local=30&amp;effect=4",2010.02.16,이진필,462,"안동사과, 지리적 표시 단체표장 등록",579,"2009년 우리나라 국제특허출원 8,066건으로 4위",595
"감귤 가공 과정에서 발생하는 &lsquo;감귤박(감귤 껍질)&rsquo;이 귤탄(감귤 숯)과 기능성 사료로 재탄생, 관심을 모으고 있다.㈜아쿠엑스코리아(대표이사 배희동)와 ㈜고베시(대표이사 오안배)는 특허기술인 아쿠엑스시스템을 이용한 감귤박 건조시설을 지난달 28일 제주특별자치도개발공사(대표이사 고계추) 제1 감귤가공공장에 설치 완료 후 보름째 성공적으로 시범 가동 중이라고 12일 밝혔다.(후략) (2010.2.12, 뉴시스)http://news.naver.com/main/read.nhn?mode=LSD&amp;mid=sec&amp;sid1=102&amp;oid=003&amp;aid=0003088686",2010.02.16,이진필,461,애물단지 감귤박 '귤탄·기능성 사료'로 재탄생 '주목',395,"2009년 우리나라 국제특허출원 8,066건으로 4위",595
"&ldquo;언론보도 후 로열티 협상은 교착상태다. 잠잠해질 때까지 (상대가 협상 테이블로) 나오지 않을 것 같다. 몇 달 기다려달라. 할 말이 없다.&rdquo;정말, 할 말이 없는 것은 아니었다. 할 말이 많아도 지금은 할 수 없다는 뜻이었다. 최근 &lsquo;1조원대 특허 소송&rsquo;으로 언론의 집중 조명을 받은 한국전자통신연구원(ETRI) 관계자의 말이다.ETRI는 1월 중순 노키아와 모토로라를 비롯한 세계 22개 휴대전화 업체를 상대로 특허침해 소송을 제기한 사실이 알려지자 언론의 집중 조명을 받았다. ETRI는 지난해 8월 소송대리인인 SPH아메리카를 통해 미국 캘리포니아법원에 19개 휴대전화 업체를 상대로 특허침해 소송을 냈다. 2008년에는 소니에릭슨, 대만 HTC 등 3개 업체를 상대로 소송을 내 현재 진행 중이다. 일부 업체는 이미 특허 기술료 일부를 지급했다. (후략) (2010.2.10, 주간동아)http://news.naver.com/main/read.nhn?mode=LSD&amp;mid=sec&amp;sid1=101&amp;oid=037&amp;aid=0000009473",20100209 우리가 기술강국의 초석!.hwp,http://www.fact.or.kr/action.do?action=farmtech%24file&seq=460&file_seq=1,2010.02.16,이진필,460,발톱 선 ‘특허괴물’에 언제까지 당할 것인가,398
"전주 전통모주를 대량 생산하는 길이 열렸다. 전주시는 10일 전주생물소재연구소와 표준화된 모주 제조법을 개발해 특허를 출원했다고 밝혔다. 제조법은 모주의 원료 가운데 하나인 한약재의 주요 성분을 추출해 농축한 뒤 알코올 도수를 1~2도가량으로 낮춘 막걸리와 섞는 방식이다. 기존에는 막걸리에 한약재를 넣고 3시간 이상 끓여 양이 크게 줄어들었으나 이를 근본적으로 해결해 대량 생산을 가능하게 한 것이다. 여기에 배즙과 녹차 분말 등도 추가로 넣어 영양성분을 강화했고 살균 처리를 해 일 주일 남짓이던 저장기간을 6개월로 대폭 늘렸다.(후략) (2010.2.11, 서울신문)http://www.seoul.co.kr/news/newsView.php?id=20100211024007",2010.02.16,이진필,459,전주시 전통모주 특허출원 -최신시설서 생산 유통 예정-,446,발톱 선 ‘특허괴물’에 언제까지 당할 것인가,398
"※ 이 글은 특정업체의 상품을 소개하는 것이 아님을 밝혀 둡니다.오상자이엘*이 농산물 생산성과 상품성을 향상시킨 마이크로 유공 필름을 개발해 특허를 출원했다고 11일 밝혔다. 이번에 개발한 마이크로 유공필름은 기존 유통되고 있는 필름 통기공과 달리 100㎛ 이하의 미세구멍으로 작은 해충뿐아니라 곰팡이균 등의 침투를 막을 수 있다. 이에 따라 농산물을 외부로부터 보호하고 적정 호흡도와 수분을 조절해 신선도를 높여 준다고 회사측은 전했다. (후략) (2010.2.11, 이데일리)* 관리자 편집http://www.edaily.co.kr/News/Stock/NewsRead.asp?sub_cd=IA41&amp;newsid=02689606592869536&amp;clkcode=00203&amp;DirCode=00205&amp;OutLnkChk=Y",2010.02.16,이진필,458,"오상자이엘, 농산물 보호 유공필름 특허출원",428,발톱 선 ‘특허괴물’에 언제까지 당할 것인가,398
"연세법학연구원은 19일 대한상공회의소 국제회의실에서 &lsquo;국제 특허분쟁 심포지엄&rsquo;을 연다.이날 &lsquo;한국기업의 미국 특허침해소송대응방안&rsquo;에 대해 권영모 변호사가 발표하고, &lsquo;지적재산권침해품의 수입에 대한 규제&rsquo;에 대해 박환성 변호사가 발표한다.(후략)(2010.2.12, 인터넷 법률신문)http://www.lawtimes.co.kr/LawNews/News/NewsContents.aspx?serial=51269 ",2010.02.16,이진필,457,'국제특허분쟁 심포지엄' 개최,405,발톱 선 ‘특허괴물’에 언제까지 당할 것인가,398
"특허청(청장&nbsp;고정식)과&nbsp;농촌진흥청(청장&nbsp;김재수)은&nbsp;막걸리와&nbsp;같은&nbsp;우리의&nbsp;전통음식에&nbsp;대한&nbsp;부당한&nbsp;특허취득을&nbsp;방지하고&nbsp;농업분야에서의&nbsp;전략적인&nbsp;연구를&nbsp;할&nbsp;수&nbsp;있도록&nbsp;협력을&nbsp;강화한다. 이를&nbsp;위하여&nbsp;특허청과&nbsp;농촌진흥청은&nbsp;2월&nbsp;12일&nbsp;수원&nbsp;농촌진흥청에서&nbsp;업무협정(MOU)을&nbsp;체결한다.&nbsp; 2007년&nbsp;말부터&nbsp;특허청은&nbsp;한국전통지식포탈(www.koreantk.com)&nbsp;사이트를&nbsp;개설하고&nbsp;천연약재,&nbsp;전통처방&nbsp;등&nbsp;한의학&nbsp;분야의&nbsp;전통지식&nbsp;정보(30만여&nbsp;건)를&nbsp;&nbsp;제공하여&nbsp;왔는데,&nbsp;농촌진흥청이&nbsp;발굴한&nbsp;전통향토음식(3천여&nbsp;건)과&nbsp;농업관련&nbsp;생활지식(7천여&nbsp;건)을&nbsp;추가로&nbsp;탑재하여&nbsp;제공하기로&nbsp;했다.(2010.2.12, 특허청 보도자료)http://www.kipo.go.kr/kpo/user.tdf?a=user.news.press1.BoardApp&amp;board_id=press&amp;cp=1&amp;pg=1&amp;npp=10&amp;catmenu=m03_01_02&amp;sdate=&amp;edate=&amp;searchKey=&amp;searchVal=&amp;c=1003&amp;seq=9228 ",2010.02.12,이진필,456,"막걸리 등 전통음식에 대한 지식재산권 보호가 강화된다 -농촌진흥청, 특허청과 업무협정(MOU)",466,발톱 선 ‘특허괴물’에 언제까지 당할 것인가,398
"특허청(청장&nbsp;고정식)의&nbsp;&lsquo;우리기업의&nbsp;지식재산권&nbsp;피침해&nbsp;실태조사&lsquo;&nbsp;에&nbsp;따르면&nbsp;국내기업&nbsp;중&nbsp;22%(수출기업&nbsp;중&nbsp;29%)가&nbsp;지재권*으로&nbsp;인한&nbsp;침해를&nbsp;입은&nbsp;것으로&nbsp;나타났다.&nbsp;(지재권은&nbsp;특허,&nbsp;실용신안,&nbsp;상표,&nbsp;디자인) &nbsp;조사결과,&nbsp;응답기업&nbsp;6,000개&nbsp;중&nbsp;22%인&nbsp;1,319개&nbsp;기업이&nbsp;지재권&nbsp;침해를&nbsp;입은&nbsp;것으로&nbsp;조사되었고,&nbsp;수출기업&nbsp;2,038개&nbsp;중&nbsp;29%인&nbsp;584개&nbsp;기업이&nbsp;해외에서&nbsp;지재권&nbsp;침해를&nbsp;경험한&nbsp;것으로&nbsp;나타났다. &nbsp;해외에서&nbsp;지재권&nbsp;침해&nbsp;경험이&nbsp;있다고&nbsp;응답한&nbsp;기업들은&nbsp;업종별로&nbsp;전기&middot;전자&nbsp;20.5%,&nbsp;서비스&middot;유통&nbsp;11.4%,&nbsp;섬유&middot;의류(가방,&nbsp;신발&nbsp;등)&nbsp;8.6%,&nbsp;기계&middot;공구&nbsp;8.6%&nbsp;순인&nbsp;것으로&nbsp;나타났다.(후략) (2010.2.12, 특허청 보도자료)http://www.kipo.go.kr/kpo/user.tdf?a=user.news.press1.BoardApp&amp;board_id=press&amp;cp=1&amp;pg=1&amp;npp=10&amp;catmenu=m03_01_02&amp;sdate=&amp;edate=&amp;searchKey=&amp;searchVal=&amp;c=1003&amp;seq=9227 ",2010.02.12,이진필,455,"수출 기업의 약 30%, 지재권 피해로 속앓이",559,발톱 선 ‘특허괴물’에 언제까지 당할 것인가,398
"□&nbsp;지식경제의&nbsp;시대,&nbsp;지재권의&nbsp;힘이&nbsp;각양각색의&nbsp;기업들을&nbsp;뭉치게&nbsp;했다. &nbsp;o&nbsp;삼성전자,&nbsp;LG전자&nbsp;등&nbsp;그간&nbsp;특허경영을&nbsp;선도해&nbsp;온&nbsp;기업들은&nbsp;물론,&nbsp;국립암센터&nbsp;등&nbsp;의료기관에&nbsp;이르기까지&nbsp;총&nbsp;100여개&nbsp;기업들이&nbsp;공동으로&nbsp;참여하여,&nbsp;최강의&nbsp;지재권&nbsp;포트폴리오를&nbsp;갖기&nbsp;위한&nbsp;운동을&nbsp;전개한다. &nbsp;&nbsp;&nbsp;*&nbsp;(최강의&nbsp;지재권&nbsp;포트폴리오)&nbsp;특허소송,&nbsp;경쟁기업의&nbsp;견제&nbsp;등에&nbsp;활용될&nbsp;수&nbsp;있는&nbsp;수십～수천개의&nbsp;원천&middot;핵심&middot;표준특허&nbsp;등으로&nbsp;구성된&nbsp;국제특허복합체(강력한&nbsp;특허群) &nbsp;&nbsp;&nbsp;&nbsp;&nbsp;(예시)&nbsp;미국의&nbsp;퀄컴社는&nbsp;CDMA&nbsp;모뎀칩에서만&nbsp;1,700여개의&nbsp;국제특허복합체로&nbsp;구성된&nbsp;강력한&nbsp;특허포트폴리오를&nbsp;보유하여&nbsp;지난&nbsp;10년간&nbsp;5조원의&nbsp;로열티&nbsp;수입&nbsp;창출(후략) (2010.2.11, 특허청 보도자료)http://www.kipo.go.kr/kpo/user.tdf?a=user.news.press1.BoardApp&amp;board_id=press&amp;cp=1&amp;pg=1&amp;npp=10&amp;catmenu=m03_01_02&amp;sdate=&amp;edate=&amp;searchKey=&amp;searchVal=&amp;c=1003&amp;seq=9226 ",2010.02.12,이진필,454,"강한 지재권을 향한 무한도전, 기업들이 뭉쳤다",557,발톱 선 ‘특허괴물’에 언제까지 당할 것인가,398
"삼성전자&nbsp;매출&nbsp;136조원,&nbsp;영업이익&nbsp;10조원&nbsp;달성!,&nbsp;현대자동차&nbsp;글로벌&nbsp;시장점유&nbsp;5%&nbsp;돌파!,&nbsp;최근&nbsp;세계경제&nbsp;침체속에서도&nbsp;선전하고&nbsp;있는&nbsp;우리기업의&nbsp;모습들이다. 이러한&nbsp;우리&nbsp;기업의&nbsp;승전보&nbsp;뒤에는&nbsp;묵묵히&nbsp;기술개발에&nbsp;매진해&nbsp;온&nbsp;연구자들의&nbsp;숨은&nbsp;노력이&nbsp;있다. 특허청(청장&nbsp;고정식)은&nbsp;발명가가&nbsp;존중받는&nbsp;사회적&nbsp;분위기&nbsp;조성에&nbsp;기여하고자&nbsp;기업의&nbsp;다등록&nbsp;특허연구자&nbsp;현황을&nbsp;조사&middot;발표하였다.&nbsp; 이번&nbsp;조사는&nbsp;대기업과&nbsp;중소기업을&nbsp;구분하였고,&nbsp;업종별로는&nbsp;기계&middot;금속/화학&middot;생명/전기&middot;전자&nbsp;분야별로&nbsp;구분하여&nbsp;조사하였다.&nbsp; &nbsp;대기업의&nbsp;경우&nbsp;기계&middot;금속분야&nbsp;(주)포스코&nbsp;박순복&nbsp;기술연구원,&nbsp;화학&middot;생명분야&nbsp;(주)효성&nbsp;권익현&nbsp;상무,&nbsp;전기&middot;전자분야&nbsp;(주)삼성SDI&nbsp;강태경&nbsp;전임연구원이&nbsp;가장&nbsp;많은&nbsp;특허를&nbsp;등록한&nbsp;연구자로&nbsp;밝혀졌다. (2010.2.9, 특허청 보도자료)http://www.kipo.go.kr/kpo/user.tdf?a=user.news.press1.BoardApp&amp;board_id=press&amp;cp=1&amp;pg=1&amp;npp=10&amp;catmenu=m03_01_02&amp;sdate=&amp;edate=&amp;searchKey=&amp;searchVal=&amp;c=1003&amp;seq=9222 ",2010.02.12,이진필,453,"“우리가 기술강국의 礎石!” -특허청, 기업(대·중소기업별, 업종별) 특허 다등록 연구자 발표-",569,발톱 선 ‘특허괴물’에 언제까지 당할 것인가,398
"(전략) 상황버섯으로 만든 기능성 된장의 제조법은 2006년 특허를 받았다. 기존 재래식 된장은 염도가 14~17%대로 고혈압이나 성인병에 약점이 있었지만 이 제품은 염도가 10%대로 보존재를 사용하지 않고 국산콩과 국산 천일염만 사용했다. 오 대표는 &quot;한국국제대학 연구에 따르면 암을 발병시킨 수컷 쥐에게 상황버섯 된장을 먹였더니 생존 기간이 길어졌다&quot;며 &quot;앞으로 한방약초 추출액을 이용한 기능성 된장, 청국장 등을 내놓을 계획&quot;이라고 말했다.(2010.2.4, 매일경제)http://news.mk.co.kr/outside/view.php?year=2010&amp;no=62694 ",2010.02.08,이진필,452,상황버섯으로 만든 된장,587,발톱 선 ‘특허괴물’에 언제까지 당할 것인가,398
"&lsquo;황우석줄기세포 국민운동본부&rsquo;(지원본부장 김영대)는 지난 18일 서울대 산학협력단이 황우석 박사팀의 복제 개 방법에 대한 항소를 전부 취하했다고 2일 밝혔다. 당초 서울대 산학협력단은 황우석 박사팀이 서울대 소유의 '스너피' 특허를 침해했다고 특허 침해소송을 제기했지만 지난 2009년 5월 29일 특허심판원에서 패소했었다. (후략) (2010.2.3, 대전일보)http://www.daejonilbo.com/news/newsitem.asp?pk_no=865208",2010.02.08,이진필,451,"서울대, 황우석 복제 개 기술 인정",357,발톱 선 ‘특허괴물’에 언제까지 당할 것인가,398
"시험&middot;검사용 전자장비 전문 생산업체인 경북 구미의 ㈜카스트엔지니어링(대표 박후원)이 국내 처음으로 적&middot;청색광 비율과 점등시간을 조절하는 발광다이오드(LED) 조명장치와 이를 활용한 식물공장을 개발해 관심을 모으고 있다.카스트엔지니어링은 3년간의 연구 끝에 최근 &lsquo;LED를 이용한 식물 촉성재배방법 및 그 장치&rsquo;에 대한 특허를 획득하고 상용화에 나섰다.(후략) (2010.2.5, 농민신문)http://www.nongmin.com/article/ar_detail.htm?ar_id=171032&amp;subMenu=articletotal",2010.02.08,이진필,450,LED 조명장치 활용 식물공장 개발 ㈜카스트엔지니어링,407,발톱 선 ‘특허괴물’에 언제까지 당할 것인가,398
"전남이 전국 친환경농산물 인증면적의 58%를 차지할 만큼 &lsquo;친환경농도&rsquo;로 자리잡은 배경에 전남도농업기술원 친환경연구소의 학술적 지원활동이 있었던 것으로 알려져 눈길을 끌고 있다. 2005년 이 연구소 출범 이후 석&middot;박사 연구원 12명이 개발한 친환경기술들은 국내 농업을 한 단계 업그레이드하는 데도 기여할 것으로 기대되고 있다.(후략) (2010.2.5, 문화일보)http://www.munhwa.com/news/view.html?no=20100205010711430610040",2010.02.08,이진필,449,백열등대신 무탄소 LED 사용… 한밤에도 청정잎들깨 무럭무럭,397,발톱 선 ‘특허괴물’에 언제까지 당할 것인가,398
"&ldquo;흙은 거짓말을 하지 않고 배나무는 준 만큼 돌려줍니다. 배나무와 끊임없이 얘기하며 내가 먹는다는 생각으로 키웁니다.&rdquo;경기 화성시 비봉면 구포리에서 현명농장을 운영하며 40년 넘게 배농사를 짓고 있는 이윤현씨(63). 농촌진흥청이 선정한 농업기술명인 5명 가운데 &lsquo;최고농업기술명인&rsquo;이라는 영예를 안은 이씨가 밝힌 최고의 배농사 비결은 의외로 단순했다. &lsquo;정성을 다해 농사를 짓는다&rsquo;는 것이골자다.(201.2.5, 농민신문)http://www.nongmin.com/article/ar_detail.htm?ar_id=171010&amp;subMenu=articletotal",2010.02.08,이진필,448,농업기술 명인열전 ⑶이윤현씨〈경기 화성시 비봉면〉,405,발톱 선 ‘특허괴물’에 언제까지 당할 것인가,398
"톰슨 로이터(Thomson Reuters)의 IP 솔루션 사업부가 오늘 2009 상위 특허권 소유자 목록을 발표했다. 작년 미국 내에서 가장 많은 특허를 획득한 상위 기업 25개의 순위를 정한 이 목록에 따르면, 25개 기업 중 64%가 미국이 아닌 다른 나라의 기업이며, 그 중 14개가 아시아 기업이라고 한다. 한국의 삼성전자는 전체 순위에서 IBM에 이어 2위를 차지했다. 삼성전자는 2009년 미국에서 4,049건의 특허를 획득했다. 그 외 일본 기업은 11개, 대만, 핀란드 및 독일 기업은 각각 1개로 나타났다. 현재 미국 내 상위 특허권 소유자 중 아시아 기업은 56%를 차지한다. 일본은 특허 활동 중 44%를 차지했다. 특히 캐논 및 파나소닉과 같은 일본 기업은 탑 5에 들었고, 그 외 도시바, 소니 및 히다찌와 같은 일본 기업도 순위권에 안착했다.(후략) (2010.2.2, 연합뉴스)http://news.naver.com/main/read.nhn?mode=LSD&amp;mid=sec&amp;sid1=104&amp;oid=001&amp;aid=0003101824",2010.02.08,이진필,447,"Thomson Reuters, 2009 특허 활동 분석",401,발톱 선 ‘특허괴물’에 언제까지 당할 것인가,398
"지난 2002년 8월 캘리포니아 주립대 샌타바버라 캠퍼스(UCSB) 공대 교수인 나카무라 슈지는 과거 20년 동안 연구원으로 몸 담았던 일본의 니치아화학을 상대로 소송을 걸었다. 자신이 니치아화학에 근무할 당시인 1993년 발명한 청색 발광다이오드(LED) 특허에 대한 정당한 대가를 지불하라는 것이었다.니치아에서 나카무라는 경영진의 연구 중단 지시를 무릅쓰고 각고의 노력 끝에 청색 LED 개발에 성공했다. 그가 1979년 입사할 당시 보잘 것 없는 중소기업에 불과했던 니치아는 1993년부터 나카무라의 기술을 제품화해 1990년 말에는 이미 연 매출액이 4억달러에 이르는 LED 분야에선 세계 최고의 회사로 성장했다. 그러나 나카무라가 발명의 대가로 니치아로부터 받은 보상금은 고작 2만엔에 불과했다. 교수로 스카우트되는 과정에서 미국 대학의 파격적인 대우를 받다보니 평소에 느꼈던 니치아의 부당한 처우를 그냥 두고 볼 수는 없었을 것이다.(후략) (2010.2.2, 파이낸셜뉴스)http://www.fnnews.com/view?ra=Sent0701m_View&amp;corp=fnnews&amp;arcid=0921890544&amp;cDateYear=2010&amp;cDateMonth=02&amp;cDateDay=02",2010.02.08,이진필,446,기업과 직무발명의 대가,446,발톱 선 ‘특허괴물’에 언제까지 당할 것인가,398
"저축만으로는 평생 큰 돈을 만져보기 힘든 직장인에게 &lsquo;재테크&rsquo;는 생소한 단어가 아니다. 다양한 재테크 방법이 있듯이, 특허를 활용하는 방법도 다양하다. 특허도 잘 활용하면 수익을 낼 수 있는, 그것도 아주 큰 수익을 낼 수 있는 무형자산이다.일례로 미국의 폴라로이드가 코닥을 상대로 특허침해 소송을 제기해, 1991년 당시 폴라로이드 매출액의 약 4.4배에 달하는 8억7300만달러라는 막대한 금액을 배상액으로 받은 적이 있다. 그러나, 특허권자가 특허를 잘 활용하지 못하면 있으나 마나한 무용지물이며, 특허유지 비용만 낭비할 뿐이다. 따라서 시간과 비용을 투자해 경쟁력이 있는 특허를 획득 보유하는 것만으로는 부족하며, 확보된 특허로부터 높은 수익을 창출하기 위해 특허 패키징 등 다양한 포트폴리오 전략을 꾀하는 것이 &lsquo;적극적 특허 활용방법&rsquo;이다.(후략) (2010.2.3, 전자신문)http://www.etnews.co.kr/news/detail.html?id=201002020128",2010.02.08,이진필,445,'특허테크'로 만드는 글로벌 기술경영,555,발톱 선 ‘특허괴물’에 언제까지 당할 것인가,398
"서린바이오사이언스(대표 황을문)는 바이오멤스 기술을 활용한 바이러스 진단시스템에 대해 특허를 출원했다고 3일 밝혔다.이 기술은 서린바이오가 지난해 특허를 취득한 바이오멤스 기반 크로마틴 면역침강법용 농축미세칩 기술에 시스템 기술을 접목한 것으로, 이를 통해 바이러스 진단의 정확도를 향상시킬 수 있다고 회사 측은 설명했다. 이 기술은 기존 중합효소연쇄반응(PCR)을 이용한 바이러스 진단방법에 농축기능을 추가, 정확도와 민감도를 높여준다.(후략) (2010.2.4, 디지털타임스)http://www.dt.co.kr/contents.html?article_no=2010020402011057650002",2009 시도별 막걸리 관련 주요 브랜드 현황.hwp,http://www.fact.or.kr/action.do?action=farmtech%24file&seq=444&file_seq=1,2010.02.08,이진필,444,바이오멤스 기술활용 바이러스 진단시스템 특허,551
"지난해 우리나라의 특허출원 건수는 국내 15만6885건, 국제출원 8026건으로서, 국제출원 기준으로 세계 4위의 특허출원을 하였다는 보도가 있었다. 이와 같이, 우리나라는 특허선진 5개국(IP5) 중 하나로, 세계 특허제도의 국제적 흐름을 주도하고 있다. 이는 기업활동을 위해 특허가 필수 조건임을 인식하여 연구개발에 많은 투자를 하고 그 결과인 발명에 대한 권리화를 추구해 온 결과라 할 것이다. 더군다나 점차 국내의 기업들을 상대로 한 특허침해 관련 분쟁이 다수 발생하고 있다. 또 최근에는 우리 기술에 대한 특허권에 기해 해외의 유수 기업들을 상대로 특허침해소송을 제기하거나 로열티를 받는 사례도 증가하면서 양질의 특허권의 중요성이 더욱 증대하고 있는 실정이다.(후략) (2010.2.4, 디지털타임스)http://www.dt.co.kr/contents.html?article_no=2010020402012269697001",2010.02.08,이진필,443,특허권 투자는 지재권 지키기다,563,바이오멤스 기술활용 바이러스 진단시스템 특허,551
"중국의 지난해 특허 등록 건수가 사상 최대를 기록했으나 새 특허 관련 규제로 특허 등록 상승세가 둔화될 수 있다고 월스트리트저널(WSJ)이 4일 보도했다. 중국 국가지식산권국(國家知識産權局, SIPO)은 지난해 특허 등록 건수가 58만건으로 전년 대비 41% 증가했다고 밝혔다. SIPO는 또 지적재산권 보호에 대한 대중의 관심을 환기시키고, 특허 신청의 수준과 질을 높이고자 노력하고 있다고 말했다. 그러나 IT(정보기술)에서 제약에 이르는 업종의 다국적 기업들은 중국 정부가 자국 내 고기술 산업을 지원하고자 노력함에 따라 보호무역주의적 정책들이 양산돼 외국 기업들이 중국 내 최첨단 기술 발전에 대한 투자 의욕을 저하시킬 수 있다고 지적했다.(후략) (2010.2.4, 연합뉴스)&nbsp;http://news.naver.com/main/read.nhn?mode=LSD&amp;mid=sec&amp;sid1=101&amp;oid=001&amp;aid=0003106421",2010.02.08,이진필,442,中 특허등록 사상최대…새 규제에 불만,539,바이오멤스 기술활용 바이러스 진단시스템 특허,551
"새로운 기술을 보호받기 위한 특허출원 과정에서 오히려 기술을 유출시키고 국내 특허만 출원하면서 정작 규모가 큰 해외시장에서는 보호받지 못하는 경우가 많아 이에 대한 대책마련이 시급한 것으로 지적됐다.('헐값 특허출원' 되레 기술만 샌다, 후략) (2010.2.1, 서울경제)http://economy.hankooki.com/lpage/economy/201002/e2010020117214969890.htm&quot;특허는 '아' 다르고 '어' 다르게 해석되는 게 현실입니다. '아'를 '어'로 써서 못 써먹는 경우가 적지 않습니다. 그 뉘앙스 차이를 기술적ㆍ법적으로 접근해 새는 구멍이 없는 특허를 만들어야 강해집니다. 창의자본(특허펀드)이 이런 일을 보다 충실히 수행할 수 있을 것으로 봅니다.&quot;유병호(45) 퀄컴 부사장(미국 특허 변호사, 한국 변리사)은 특허작성의 중요성을 거듭 강조했다.(특허도 '세공' 단계 필요, 후략) (2010.2.1, 서울경제)http://economy.hankooki.com/lpage/industry/201002/e2010020117565947430.htm한국은 지난해 국내 특허 15만6,885건, 해외 특허(PCTㆍ국제특허조약) 8,026건을 출원했다. PCT 출원 건수는 미국ㆍ일본ㆍ독일에 이어 네 번째로 많아 특허강국임을 자칭한다.그러나 로열티ㆍ라이선스 수입을 보면 상황은 180도 달라진다. 5만건이 넘는 PCT를 출원한 미국은 지난 2007년 575억달러의 로열티 흑자를 기록했다. PCT 출원이 3만건인 일본은 65억5,000만달러를 벌었지만 8,000건 넘게 출원한 한국은 31억5,000만달러 적자를 나타냈다.(덤핑 수임료, 구멍 뚫린 특허 양산, 후략)(2010.2.1, 서울경제)http://economy.hankooki.com/lpage/industry/201002/e2010020118015947430.htmIBM은 세계적인 특허기업으로 꼽힌다. 지난 17년 동안 미국에서 가장 많은 특허를 출원했다. 지난해도 4,914건을 출원해 2등을 차지한 삼성(3,611건)보다 1,300건이나 많았다.그러나 특허가치를 따지면 순위는 달라진다. IBM은 8등으로 밀리고 IBM의 절반을 약간 웃도는 마이크로소프트(2,906건)가 1등으로 올라선다. 특허 컨설팅업체인 오션토모는 MS의 특허가치가 IBM보다 3.3배나 높다고 평가했다. 건수를 감안하면 MS 특허 한 개가 IBM 특허 6개보다 가치 있는 셈이다.(전략 없는 출원, 줄줄 새는 가치(중), 후략) (2010.2.3 서울경제)http://economy.hankooki.com/lpage/economy/201002/e2010020317121869890.htm&quot;우리나라 발명들은 기본적으로 뛰어납니다. 빛을 발하지 못한 것은 적절한 전략과 스킬(활용기술)이 없기 때문입니다. 전략적으로 접근했다면 특허가치가 지금보다 몇 배는 커졌을 겁니다. 가령 새로운 수술과정이 있다면 미국은 수술방법 자체를 특허로 내지만 한국은 수술도구 하나만 특허로 냅니다. 특허권의 차이가 바다와 우물만큼 커집니다.&quot;(후략) (2010.2.3, 서울경제)http://economy.hankooki.com/lpage/economy/201002/e2010020317160469890.htm&quot;모든 혁신의 원천은 발명가입니다. 발명가가 '발명을 안 하면 손해'라고 생각할 만큼 보상이 필요합니다. 동시에 발명가 교육을 통해 잘 쓴 특허를 볼 눈을 키워줘야 합니다. 변리사 교육도 중요합니다. 똑똑한 변리사들을 뽑아놓고 제대로 쓸 기회가 없었는데 글로벌 특허교육을 시키고 적절한 수임료를 줘야 합니다. 그리고 특허에 변리사의 실명을 넣을 필요가 있습니다.&quot;(상 후략) (2010.2.4, 서울경제)http://economy.hankooki.com/lpage/economy/201002/e2010020417164869890.htm&quot;전세계 발명의 60%는 개인이나 중소기업ㆍ대학ㆍ연구소에서 나옵니다. 일부 발명은 수익성도 있습니다. 그러나 그들이 얻는 수익은 전체의 1%에도 못 미치지요. 전체 특허의 40%를 출원하는 대기업이 수익의 99%를 챙겨갑니다.&quot;(하 후략) (2010.2.4, 서울경제)http://economy.hankooki.com/lpage/economy/201002/e2010020417154269890.htm",2010.02.08,이진필,441,[허울뿐인 특허강국],355,바이오멤스 기술활용 바이러스 진단시스템 특허,551
"우리나라는 이공계 논문의 양은 급속하게 늘고 있는 반면 질은 되레 낮아지고 있는 것으로 나타났다.한국과학기술기획평가원(원장 이준승)은 2008년도 정부의 연구비를 받아 수행한 연구 성과를 분석한 결과를 4일 발표했다.정부로부터 연구비를 받아 발표한 SCI(과학기술색인) 논문은 1만6823편으로 우리나라 그해 전체 SCI 논문의 47%를 차지했다. 이는 전년 1만3892편에 비해 21%나 늘어난 것이다. 국가의 연구력을 견인하고 있는 동력이 정부의 지원에 있다는 방증이다.그러나 논문과 특허의 질은 여전히 선진국을 따라잡기에 힘이 달리는 모습이다.선진국 수준을 1.0으로 놓았을 때 한국의 논문 질은 2006년 0.943, 2007년 0.941, 2008년 0.935로 계속 떨어지고 있다.특허의 가치도 선진국에 비해 크게 뒤처지고 있다. 한국이 미국에서 받은 특허의 피인용도는 한국 0.54, 미국 1.21, 일본 0.85, 대만 0.88로 나타났다.(후략) (2010.2.5, 중앙일보)http://news.joins.com/article/aid/2010/02/05/3618418.html?cloc=olink|article|default",2010.02.08,이진필,440,이공계 논문 수 늘었지만 특허 가치는 선진국 절반,355,바이오멤스 기술활용 바이러스 진단시스템 특허,551
"전북 남원시는 지리산에서 채취하는 '남원 고로쇠 수액'이 지리적 표시 단체표장에 등록됐다고 4일 밝혔다.남원시는 지리산 고로쇠 수액을 다른 지역 제품과의 차별성을 부각시키고 품질의 우수성을 널리 알리려고 2008년부터 고로쇠 수액에 대한 연구용역을 실시해 최근 특허청으로부터 단체표장 등록을 받았다.(후략) (2010.2.4, 연합뉴스)http://news.naver.com/main/read.nhn?mode=LSD&amp;mid=sec&amp;sid1=102&amp;oid=001&amp;aid=0003106671경남 함양마천옻이 특허청의 지리적표시 단체표장 등록결정을 받았다.경남 진주상공회의소 진주지식재산센터(센터장 조동규)와 함양군은 특허청&middot;한국발명진흥회와 연계해 지난 2007년 지리적표시 단체표장 사업을 시작, 3년간 수차례의 절차를 거쳐서 보정작업을 한 결과 함양마천옻이 등록됐다고 5일 밝혔다.(후략) (2010.2.5, 뉴시스)http://news.naver.com/main/read.nhn?mode=LSD&amp;mid=sec&amp;sid1=001&amp;oid=003&amp;aid=0003077708",2010.02.08,이진필,439,"남원 고로쇠, 함양마천옻 특허청 지리적표시 단체표장 등록",447,바이오멤스 기술활용 바이러스 진단시스템 특허,551
"지난 2월1일 중국 베이징(北京)에서 열린 &lsquo;전국 국가지적재산권 국장회의&rsquo;에서 중국 국가지적재산권 탠리프(田力普) 국장은 &ldquo;2009년 중국에서 3가지 특허는 97만7,000건이 출원되어, 전년 대비 18% 증가했다. 이 중 발명특허는 31만 5,000건이 출원되어 9% 증가했으며 2009년에 출원된 발명특허의 73%를 차지했다&rdquo;고 밝혔다. 탠리프 국장의 소개에 따르면, 지난해 전년 대비 41.2%가 증가한 58만2,000건 특허가 심사 비준에 통과되었다. 이 중 발명 특허는 12만8,000건으로 전년 대비 37% 증가했다. 특허권을 부여받은 발명특허 가운데 지난해 최로로 자국 내의 발명특허가 차지하는 비중이 국외 발명특허보다 높았다.(후략)(2010.2.2, 한국과학기술정보연구원 정보분석 본부)&nbsp;http://mirian.kisti.re.kr/gtb_trend/class_gtb/class_gtb_v.jsp?sub_menu=2&amp;cn=GTB2010020054&amp;dbt=TREND&amp;service_code=03&amp;user_id=betl2001 ",2010.02.05,이진필,438,"중국, 지난해 특허 97만7,000건 출원",399,바이오멤스 기술활용 바이러스 진단시스템 특허,551
"특허청(청장 고정식)은 지난해 막걸리 관련 상표출원이 2008년의 672건 대비 32% 이상 늘어난 889건에 이르렀으며 이는 종전 최고인 2007년도의 807건보다도 10% 정도 증가된 역대 최고 수준이라고 밝혔다.&nbsp;그 동안 막걸리 관련 상표출원은 2001~2005년도 중에는 매년 300 ~ 500건 수준에 머물렀으나, 2006년도 막걸리 주점의 창업열기와 함께 791건을 기록한 이래, 2007년 807건, 2008년 672건으로 다소 주춤하다가 2009년도에는 다시 889건을 기록하며 전년대비 32% 이상 대폭 증가되었다.(2010.2.2, 특허청 홈페이지 언론보도)http://kipo.korea.kr/gonews/branch.do;GONEWSSID=CkwDLqvh0GTGdL64SMBvPT8QpQZQkdMLM1QclJTkfq0CRG6hH3Kn!-1262695609?act=detailView&amp;dataId=155432775&amp;sectionId=tmp_sec_4&amp;type=news&amp;flComment=1&amp;flReply=0",2010.02.04,이진필,437,"국민酒, 막걸리 브랜드가 쏟아진다",427,바이오멤스 기술활용 바이러스 진단시스템 특허,551
"최근&nbsp;세계각국에서는&nbsp;무분별한&nbsp;화석연료&nbsp;사용으로&nbsp;인한&nbsp;환경문제를&nbsp;해결하기&nbsp;위한&nbsp;다양한&nbsp;대처방안을&nbsp;강구하고&nbsp;있다.&nbsp;우리나라도&nbsp;이러한&nbsp;세계적인&nbsp;흐름에&nbsp;발맞추어&nbsp;글로벌&nbsp;리더로서의&nbsp;역할&nbsp;강화를&nbsp;위해&nbsp;&lsquo;저탄소&nbsp;녹색성장&rsquo;이라는&nbsp;새로운&nbsp;비젼을&nbsp;설정하고,&nbsp;녹색에너지&nbsp;개발&nbsp;및&nbsp;활용에&nbsp;대한&nbsp;중장기적인&nbsp;계획과&nbsp;정책을&nbsp;수립하여&nbsp;추진하고&nbsp;있다.&nbsp; &nbsp;지열,&nbsp;태양열,&nbsp;풍력&nbsp;등&nbsp;녹색에너지&nbsp;중에서도&nbsp;지열은&nbsp;고갈되지&nbsp;않는&nbsp;무한&nbsp;에너지로서&nbsp;지표면의&nbsp;깊이에&nbsp;따라&nbsp;항상&nbsp;일정한&nbsp;온도(10&nbsp;~&nbsp;150℃&nbsp;이상)를&nbsp;유지하는&nbsp;장점이&nbsp;있어&nbsp;가장&nbsp;매력적인&nbsp;청정에너지로&nbsp;각광받고&nbsp;있다.&nbsp;그러나,&nbsp;초기&nbsp;투자&nbsp;비용이&nbsp;과도하게&nbsp;소요되는&nbsp;문제로&nbsp;아직까지&nbsp;활발한&nbsp;투자가&nbsp;이루어지지&nbsp;못하고&nbsp;있는&nbsp;것이&nbsp;사실이다.&nbsp;하지만,&nbsp;정부차원의&nbsp;적극적인&nbsp;정책지원(그린홈&nbsp;100만호&nbsp;사업)과&nbsp;산학연의&nbsp;부단한&nbsp;연구개발을&nbsp;통해&nbsp;상용화의&nbsp;토대가&nbsp;마련되는&nbsp;중이다. &nbsp;지열은&nbsp;인간생활에&nbsp;밀접하게&nbsp;접목되어&nbsp;사용되어&nbsp;왔다.&nbsp;우리&nbsp;조상들은&nbsp;김장김치,&nbsp;액젓&nbsp;등을&nbsp;땅속이나&nbsp;동굴&nbsp;등&nbsp;일정한&nbsp;온도가&nbsp;유지되는&nbsp;장소에&nbsp;묻어&nbsp;장시간&nbsp;보관함으로써&nbsp;지열을&nbsp;적절히&nbsp;이용하였으며,&nbsp;이러한&nbsp;기술이&nbsp;김치냉장고&nbsp;등의&nbsp;개발에&nbsp;크나큰&nbsp;밑거름이&nbsp;된&nbsp;바&nbsp;있다.&nbsp; &nbsp;특허청(청장&nbsp;이수원)은&nbsp;&lsquo;88부터&nbsp;20년간&nbsp;지열&nbsp;관련&nbsp;특허출원조사를&nbsp;통해&nbsp;활용분야&nbsp;및&nbsp;기술개발&nbsp;현황을&nbsp;분석하였다.&nbsp;농업분야에서부터&nbsp;발전(發電)분야까지&nbsp;다양한&nbsp;분야에서&nbsp;기술개발이&nbsp;활발히&nbsp;이루어지고&nbsp;있는&nbsp;것으로&nbsp;조사되었으며,&nbsp;각&nbsp;국가별로&nbsp;지역적&nbsp;특성에&nbsp;맞는&nbsp;특허출원이&nbsp;많이&nbsp;이루어지고&nbsp;있는&nbsp;것으로&nbsp;분석되었다.&nbsp; &nbsp;기후변동성에&nbsp;따른&nbsp;하우스&nbsp;농업&nbsp;등이&nbsp;발달한&nbsp;한국(54건),&nbsp;일본(73건)에서&nbsp;농업분야&nbsp;출원이&nbsp;상대적으로&nbsp;높은&nbsp;것으로&nbsp;조사되었으며,&nbsp;일본의&nbsp;경우는&nbsp;눈이&nbsp;많은&nbsp;지역적&nbsp;특성을&nbsp;고려한&nbsp;융설(融雪)&nbsp;관련&nbsp;특허출원(83건)도&nbsp;매우&nbsp;높게&nbsp;나타났다.&nbsp;미국은&nbsp;화산지대에&nbsp;따른&nbsp;고지열대&nbsp;분포와&nbsp;첨단기술&nbsp;개발로&nbsp;인해&nbsp;지열발전&nbsp;특허출원(78건)이&nbsp;가장&nbsp;많은&nbsp;것으로&nbsp;조사되었다.&nbsp;(붙임&nbsp;[그림&nbsp;1]&nbsp;참조) &nbsp;&nbsp;한국(82,&nbsp;40%)과&nbsp;일본(92건,&nbsp;45%)의&nbsp;경우,&nbsp;바닥난방&nbsp;방식이라는&nbsp;독특한&nbsp;난방문화로&nbsp;인해&nbsp;지열을&nbsp;이용한&nbsp;냉난방기술&nbsp;특허&nbsp;출원이&nbsp;가장&nbsp;활발하게&nbsp;이루어지고&nbsp;있다.&nbsp;특히,&nbsp;한국은&nbsp;2001년&nbsp;이후&nbsp;출원이&nbsp;급격하게&nbsp;증가하여&nbsp;2006년에는&nbsp;약&nbsp;8배&nbsp;정도&nbsp;증가하였다.&nbsp;이는&nbsp;녹색에너지로서&nbsp;지열의&nbsp;유용성&nbsp;및&nbsp;상업성이&nbsp;제고되고&nbsp;있음을&nbsp;반증하는&nbsp;것이다.&nbsp;(붙임&nbsp;[그림&nbsp;2],&nbsp;[표&nbsp;1]&nbsp;참조) &nbsp; &nbsp;최근에는&nbsp;냉난방&nbsp;관련&nbsp;특허출원&nbsp;중&nbsp;지열을&nbsp;다른&nbsp;녹색에너지와&nbsp;복합적으로&nbsp;사용하는&nbsp;복합열원&nbsp;기술(67건,&nbsp;22%)&nbsp;및&nbsp;급탕과&nbsp;냉난방을&nbsp;함께&nbsp;할&nbsp;수&nbsp;있는&nbsp;토탈시스템&nbsp;기술(27,&nbsp;13%)에&nbsp;대한&nbsp;특허가&nbsp;비약적으로&nbsp;증가하는&nbsp;경향을&nbsp;보이고&nbsp;있는&nbsp;점이&nbsp;주목된다.&nbsp;(붙임&nbsp;[그림&nbsp;3]&nbsp;참조) &nbsp;지열은&nbsp;고갈되지&nbsp;않은&nbsp;무한&nbsp;녹색에너지로서&nbsp;그&nbsp;활용도가&nbsp;매우&nbsp;크다고&nbsp;할&nbsp;것이다.&nbsp;우리나라는&nbsp;우수한&nbsp;지열관련&nbsp;기술&nbsp;및&nbsp;특허를&nbsp;보유하고&nbsp;있어,&nbsp;지열에&nbsp;대한&nbsp;산학연의&nbsp;기술&nbsp;고도화와&nbsp;정부의&nbsp;적극적인&nbsp;정책지원이&nbsp;이루어진다면&nbsp;새로운&nbsp;고부가가치&nbsp;산업으로서&nbsp;자리매김할&nbsp;수&nbsp;있을&nbsp;것이다. (2010.11.9, 특허청 홈페이지 보도자료)http://www.kipo.go.kr/kpo/user.tdf?a=user.news.press1.BoardApp&amp;board_id=press&amp;cp=1&amp;pg=1&amp;npp=10&amp;catmenu=m03_01_02&amp;sdate=&amp;edate=&amp;searchKey=&amp;searchVal=&amp;c=1003&amp;seq=9785",2010.11.09,이진필,436,"특허로 살펴본 無限 녹색에너지, 地熱 ",464,바이오멤스 기술활용 바이러스 진단시스템 특허,551
"미 연방정부는 지난 금요일까지 지속되어온 정책을 뒤집으며 인간의 유전자를 포함해 유전자는 자연의 일부이므로 특허 대상이 될 수 없다고 발표했다. 생명공학 산업 및 의학에 거대한 충격을 끼칠 수 있는 새로운 입장이다. 이는 유방암 및 난소암과 관련된 두 유전자와 관련된 재판에서 미 법무부가 제출한 법적 조언 문서를 통해 선언되었다. 이 문서에서 법무부는 &quot;우리는 이 결론이 오랜 기간 계속된 특허 및 상표국의 관행이나 국립보건원 및 여타 정부기관이 독립적인 유전체 DNA에 대한 특허를 획득했던 활동들과 배치되는 점을 인지하고 있다&quot;고 밝혔다. (중략)유전자 특허 이슈는 오랫동안 논란이었으며 감정적인 이슈이기도 했다. 반대 측은 유전자는 발명된 것이 아닌 자연의 산물이므로 인류의 공통 자산이 되어야 한다고 보고 있다. 그들은 기초적인 유전 정보를 특허로 묶어놓을 경우 의료의 진보에 사실상 방해가 된다고 주장한다. 찬성 특은 몸으로부터 분리된 유전자는 화학물질이라서 몸에 있는 (상태의) 유전자와는 다르기 때문에 특허의 대상이 될 수 있다고 주장한다. 특허 및 상표국은 그간 찬성 측의 입장에서 다양한 기관에서 유래하는 수천 건의 유전자에 대한 특허를 인정했으며, 이 중 인간 유전자의 비율은 약 20%로 추정된다. 그러나 이번 문서에서 정부는 변경이나 조작이 이루어지지 않은 상태의 유전자를 그저 분리만 해서는 그 성분을 바꾼다고 볼 수 없다고 밝혔다. 문서를 인용하면, &quot;자연적인 인간 유전자의 화학적 구조는 자연의 산물이며, 그 구조가 본래의 자연적 호나경에서 '분리'되어도 그것은 목화씨에서 분리된 면섬유나 땅에서 추출된 석탄만큼이나 자연의 산물이다. (후략) (2010.11.05, 한국과학기술정보연구원(KISTI) 미리안 '글로벌동향브리핑')http://mirian.kisti.re.kr/global/global_v.jsp&nbsp; ",2010.11.05,이진필,435,"미국 정부, 유전자는 특허 대상이 될 수 없어",595,바이오멤스 기술활용 바이러스 진단시스템 특허,551
"-&nbsp;R&amp;D&nbsp;국제공조는&nbsp;선진국에&nbsp;비해&nbsp;미흡&nbsp;- 우리나라가&nbsp;특허생산성에&nbsp;있어서는&nbsp;세계&nbsp;최고&nbsp;수준인&nbsp;반면,&nbsp;R&amp;D&nbsp;분야&nbsp;&nbsp;&nbsp;국제협력에&nbsp;있어서는&nbsp;선진국에&nbsp;비해&nbsp;다소&nbsp;미흡한&nbsp;것으로&nbsp;나타났다.&nbsp; 세계지식재산기구(World&nbsp;Intellectual&nbsp;Property&nbsp;Organization)가&nbsp;최근&nbsp;발간한&nbsp;&ldquo;2010&nbsp;World&nbsp;Intellectual&nbsp;Property&nbsp;Indicator&rdquo;에&nbsp;따르면&nbsp;우리나라는&nbsp;&lsquo;08년&nbsp;기준으로&nbsp;GDP&nbsp;10억&nbsp;달러당&nbsp;특허출원건수는&nbsp;102.6건,&nbsp;R&amp;D&nbsp;비용&nbsp;100만&nbsp;달러당&nbsp;특허출원건수는&nbsp;3.3건으로서&nbsp;모두&nbsp;세계&nbsp;1위를&nbsp;차지하였다.&nbsp;특허출원&nbsp;절대규모는&nbsp;&rsquo;05년&nbsp;이후&nbsp;4년&nbsp;연속으로&nbsp;미국,&nbsp;일본,&nbsp;중국에&nbsp;이어&nbsp;세계&nbsp;4위를&nbsp;유지하고&nbsp;있는&nbsp;것으로&nbsp;나타났다. 반면,&nbsp;국제공동연구&nbsp;등&nbsp;국제&nbsp;R&amp;D&nbsp;협력활동은&nbsp;다소&nbsp;소극적인&nbsp;것으로&nbsp;나타나,&nbsp;국내&nbsp;PCT&nbsp;국제출원&nbsp;중&nbsp;외국&nbsp;연구자를&nbsp;포함하는&nbsp;출원&nbsp;비율은&nbsp;전체&nbsp;국제출원의&nbsp;5.4%에&nbsp;그쳐&nbsp;세계&nbsp;19위&nbsp;수준으로&nbsp;나타났다.&nbsp; 이는&nbsp;우리나라&nbsp;R&amp;D&nbsp;활동의&nbsp;특허생산성은&nbsp;높은&nbsp;수준이나,&nbsp;R&amp;D의&nbsp;국제화에&nbsp;있어서는&nbsp;개선의&nbsp;여지가&nbsp;있다는&nbsp;것을&nbsp;의미하며,&nbsp;최근&nbsp;연구환경의&nbsp;국제화&nbsp;추세&nbsp;및&nbsp;외부의&nbsp;우수한&nbsp;인력과&nbsp;기술을&nbsp;최대한&nbsp;활용하는&nbsp;개방형&nbsp;혁신(Open&nbsp;Innovation)&nbsp;추세를&nbsp;감안할&nbsp;때&nbsp;주목할&nbsp;만한&nbsp;통계로&nbsp;보인다. 한편,&nbsp;상표출원의&nbsp;경우&nbsp;우리나라는&nbsp;&rsquo;08년&nbsp;기준으로&nbsp;GDP&nbsp;10억&nbsp;달러당&nbsp;상표출원건수는&nbsp;86.7건으로&nbsp;세계&nbsp;2위,&nbsp;인구&nbsp;백만명당&nbsp;상표출원건수는&nbsp;2,211건으로&nbsp;세계&nbsp;1위를&nbsp;차지하고&nbsp;있으며,&nbsp;전체&nbsp;상표출원은&nbsp;137,461건을&nbsp;출원하여&nbsp;중국(669,088건),&nbsp;미국(294,070건)에&nbsp;이어&nbsp;3위를&nbsp;기록했다. 디자인&nbsp;출원&nbsp;역시&nbsp;56,750건으로&nbsp;중국(312,904건),&nbsp;유럽공동체상표청(78,050건)에&nbsp;이어&nbsp;3위를&nbsp;기록한&nbsp;것으로&nbsp;나타났다. 세계지식재산기구(WIPO)는&nbsp;이번&nbsp;보고서를&nbsp;통해&nbsp;전&nbsp;세계의&nbsp;특허,&nbsp;상표,&nbsp;디자인&nbsp;등&nbsp;지재권&nbsp;관련활동이&nbsp;글로벌&nbsp;경제위기로&nbsp;인해&nbsp;2008년&nbsp;그&nbsp;증가세가&nbsp;다소&nbsp;둔화되었으나,&nbsp;2009년&nbsp;이후에는&nbsp;경기회복과&nbsp;함께&nbsp;증가세를&nbsp;회복할&nbsp;것으로&nbsp;예측하였다. 이수원&nbsp;특허청장은&nbsp;&ldquo;지식재산분야&nbsp;역량이&nbsp;실질적인&nbsp;경제성장으로&nbsp;이어질&nbsp;수&nbsp;있도록,&nbsp;지식재산분야&nbsp;양적&nbsp;경쟁력을&nbsp;바탕으로&nbsp;핵심&middot;표준특허&nbsp;확보와&nbsp;기업의&nbsp;지재권&nbsp;경영을&nbsp;지원하는&nbsp;등&nbsp;우리&nbsp;지재권의&nbsp;질적&nbsp;수준도&nbsp;높여나갈&nbsp;수&nbsp;있도록&nbsp;지속&nbsp;노력할&nbsp;것&rdquo;이라고&nbsp;밝혔다. (2010.11.1, 특허청 홈페이지 보도자료)",2010.11.11,이진필,434,"한국, 특허생산성에 있어 세계 최고 수준",548,바이오멤스 기술활용 바이러스 진단시스템 특허,551
"한 독일 회사에서 일반 우유보다 100배나 더 많은 멜라토닌을 포함하는 '밤에 마시는 우유'에 대한 방법특허를 획득했다. 멜라토닌은 수면을 조절하는 데 도움이 되는 호르몬이다, 5년 넘게 지속한 연구 끝에 뮌헨의 Milchkristalle社에서는 이른바 수면 장애를 가진 사람들을 도울 수 있는 새로운 우유 분말 제품을 출시했다. 이 제품은 올해 4월 처음으로 독일에&nbsp;소개되었으며, 뒤이어&nbsp;9월에는 오스트리아에서&nbsp;출시되었다.&nbsp;&nbsp;Milchkristalle社의 CEO인 Tony Gnann은 DairyRepoter.com에 &quot;다른 나라에서도 수요가 있다. 예를 들어, 이스라엘, 인도, 미국 등지에서 요청을 받았다&quot; 라고 전했다. (중략)Milchkristalle社에 따르면, 멜라토닌은 가장 중요한 free radical intercept 중 하나이며, 수면장애와 시차증 치료에 항노화물질로서 그리고 혈압을 낮추기 위해 사용된다고 한다. 이 회사는 25세 이후에는 몸에서 생성되는 멜라토닌의 양이 상당히 감소하며, 그 결과 수면장애자와 노화효과가 증가한다고 밝혔다. (2010.10.28, 한국과학기술정보연구원(KISTI) 미리안 '글로벌동향브리핑')http://mirian.kisti.re.kr/global/global_v.jsp",2010.10.28,이진필,433,'밤에 마시는 우유' 관련 특허 등록,583,바이오멤스 기술활용 바이러스 진단시스템 특허,551
"-&nbsp;특허청,&nbsp;중소기업에&nbsp;강한&nbsp;지재권&nbsp;창출,&nbsp;보호&nbsp;등&nbsp;지식재산경영&nbsp;지원&nbsp;강화&nbsp;- &nbsp;&nbsp;대기업과&nbsp;중소기업&nbsp;간&nbsp;동반성장이&nbsp;사회적인&nbsp;이슈로&nbsp;논의되고&nbsp;있는&nbsp;가운데,&nbsp;특허청(청장&nbsp;이수원)이&nbsp;중소기업&nbsp;지식재산경영&nbsp;지원&nbsp;강화방안을&nbsp;발표하고&nbsp;&rsquo;12년까지&nbsp;특허스타기업&nbsp;400개를&nbsp;육성한다고&nbsp;밝혔다.&nbsp;&nbsp;&nbsp;특허스타기업은&nbsp;중소&middot;벤처기업으로서&nbsp;핵심특허기술을&nbsp;바탕으로&nbsp;특허기술의&nbsp;사업화&nbsp;및&nbsp;특허경영을&nbsp;통해&nbsp;지역경제를&nbsp;선도하는&nbsp;기업을&nbsp;말한다.&nbsp;지난&nbsp;3년간&nbsp;특허스타기업을&nbsp;선정&middot;지원한&nbsp;결과&nbsp;출원증가율&nbsp;13.6%,&nbsp;매출액&nbsp;증가율&nbsp;9.7%,&nbsp;고용&nbsp;증가율&nbsp;9.9%로&nbsp;일반&nbsp;중소기업과&nbsp;비교하여&nbsp;지식재산경영에&nbsp;있어&nbsp;우수한&nbsp;성과를&nbsp;나타내고&nbsp;있다. &nbsp;&nbsp;특허청은&nbsp;&rsquo;12년까지&nbsp;1,200억원을&nbsp;투입하여&nbsp;4,600여개&nbsp;중소기업에&nbsp;지식재산&nbsp;창출,&nbsp;보호,&nbsp;활용&nbsp;및&nbsp;인프라&nbsp;분야에&nbsp;대한&nbsp;지원을&nbsp;강화하고,&nbsp;이&nbsp;중&nbsp;우수한&nbsp;중소기업&nbsp;400개를&nbsp;특허스타기업으로&nbsp;선정&middot;지원할&nbsp;계획이다.&nbsp;특허스타기업으로&nbsp;선정되면&nbsp;3년간&nbsp;특허정보종합컨설팅을&nbsp;통해&nbsp;선행기술조사,&nbsp;출원비용지원,&nbsp;시작품제작&nbsp;등&nbsp;맞춤형&nbsp;프로그램을&nbsp;집중&nbsp;지원하여&nbsp;지역의&nbsp;대표적&nbsp;기업으로&nbsp;육성하게&nbsp;된다.&nbsp; &nbsp;&nbsp;특허청이&nbsp;이번에&nbsp;발표한&nbsp;중소기업&nbsp;지식재산경영&nbsp;지원정책의&nbsp;세부내용을&nbsp;살펴보면,&nbsp;우선&nbsp;우수&nbsp;지재권&nbsp;창출지원사업의&nbsp;역량을&nbsp;중소기업으로&nbsp;집중할&nbsp;계획이다.&nbsp;종전&nbsp;중견기업,&nbsp;중소기업&nbsp;구분없이&nbsp;지원하던&nbsp;첨단부품&middot;소재&nbsp;IP-R&amp;D&nbsp;연계지원사업과&nbsp;민간&nbsp;IP&nbsp;전략전문가&nbsp;파견사업을&nbsp;중소기업&nbsp;전용&nbsp;지원사업으로&nbsp;추진한다.&nbsp;또한,&nbsp;현재&nbsp;일부&nbsp;광역지방자치단체와&nbsp;공동으로&nbsp;추진하는&nbsp;브랜드&middot;디자인&nbsp;창출지원사업을&nbsp;내년부터는&nbsp;16개&nbsp;광역지자체로&nbsp;확대하여&nbsp;추진하게&nbsp;된다.&nbsp;중소기업&nbsp;제품의&nbsp;해외시장&nbsp;진출을&nbsp;지원하기&nbsp;위해서다. &nbsp;&nbsp;해외진출&nbsp;중소기업의&nbsp;지재권&nbsp;분쟁대응&nbsp;지원사업의&nbsp;경우에도&nbsp;기업규모에&nbsp;따라&nbsp;기업분담금&nbsp;비율이&nbsp;달라진다.&nbsp;기업규모와&nbsp;관계없이&nbsp;일률적으로&nbsp;20%를&nbsp;적용하던&nbsp;것을&nbsp;소기업은&nbsp;10%,&nbsp;중기업은&nbsp;30%,&nbsp;중견기업은&nbsp;50%로&nbsp;조정하였다.&nbsp;지난&nbsp;9월8일에&nbsp;발대식을&nbsp;가진&nbsp;&lsquo;상표권&nbsp;특별사법경찰대&rsquo;의&nbsp;위조상품&nbsp;단속업무도&nbsp;국내&nbsp;토종브랜드의&nbsp;상표권&nbsp;보호를&nbsp;강화하여&nbsp;국내&nbsp;정품시장&nbsp;확대&nbsp;및&nbsp;중소기업&nbsp;브랜드&nbsp;이미지&nbsp;제고에&nbsp;기여할&nbsp;것으로&nbsp;기대된다. &nbsp;&nbsp;그&nbsp;밖에&nbsp;영업비밀&nbsp;원본증명제도를&nbsp;10월부터&nbsp;시행하고,&nbsp;중소기업&nbsp;컨설팅&nbsp;전문업체와&nbsp;지역지식재산센터의&nbsp;컨설팅&nbsp;역량을&nbsp;높이기&nbsp;위해&nbsp;&lsquo;표준&nbsp;지식재산경영&nbsp;컨설팅&nbsp;모듈&rsquo;을&nbsp;마련하는&nbsp;등&nbsp;지식재산경영&nbsp;인프라&nbsp;강화를&nbsp;위한&nbsp;작업도&nbsp;함께&nbsp;추진된다. &nbsp;&nbsp;특허청&nbsp;우종균&nbsp;산업재산정책국장은&nbsp;&ldquo;이번&nbsp;지원방안을&nbsp;마련하면서&nbsp;중소기업이&nbsp;특허청&nbsp;지원사업의&nbsp;효과를&nbsp;충분히&nbsp;체감할&nbsp;수&nbsp;있도록&nbsp;현장의&nbsp;요구사항에&nbsp;귀&nbsp;기울였다.&nbsp;특허스타기업과&nbsp;같은&nbsp;우수&nbsp;중소기업이&nbsp;강한&nbsp;지재권을&nbsp;기반으로&nbsp;중견기업&middot;대기업으로&nbsp;성장할&nbsp;수&nbsp;있도록&nbsp;사후관리도&nbsp;강화해&nbsp;나갈&nbsp;예정이다.&nbsp;&rdquo;고&nbsp;밝혔다. &nbsp;&nbsp;특허청은&nbsp;이번&nbsp;중소기업&nbsp;지식재산경영&nbsp;지원사업&nbsp;개선방안을&nbsp;체계적으로&nbsp;추진하기&nbsp;위하여&nbsp;자체&nbsp;업무추진체계를&nbsp;정비하는&nbsp;한편,&nbsp;지방자치단체&nbsp;등과&nbsp;협력을&nbsp;강화할&nbsp;예정이다. (2010.10.17, 특허청 보도자료)http://www.kipo.go.kr/kpo/user.tdf?a=user.news.press1.BoardApp&amp;board_id=press&amp;cp=1&amp;pg=1&amp;npp=10&amp;catmenu=m03_01_02&amp;sdate=&amp;edate=&amp;searchKey=&amp;searchVal=&amp;c=1003&amp;seq=9727 ",2010.10.24,이진필,432,"’12년까지 특허스타기업 400개 육성한다. ",540,바이오멤스 기술활용 바이러스 진단시스템 특허,551
"본 연구는 2002년 일본 정부에 의해 채택된 지식재산권 전략이 지금까지 이룬 업적을 평가하고, 향후 정책적 방향성을 제시하기 위해 수행되었으며 분석은 상위 200개 특허 출원 기업들을 대상으로 한 설문을 통해 수행되었다. 요약하면 다음과 같다.1. 지식재산권 전략은 산업의 국제적 경쟁력 향상 및&nbsp;지식재산권의 창조, 보호 활용을 통해 경제에 새로운 활력을 불어넣는 것을 목표로 하는 정책임.2. 지식재산권 정책 실현은 일상적으로 수행하기 어렵고, 지식재산권에 대한 모든 구성원의 인지도 제고는 어려운 것으로 간주됨. 지식재산권의 소송의 예외적인 처리 위한 지식재산권 고등법원 설치, 추가적인 500여개의 일본특허사무소 검사관 통해 특허 검색속도 향상.3. 지식재산권 창출, 보호, 활용 및 산업으로의 적용 위한 구체적 정책 목표를 달성하기 위한 노력에 있어 일련의 정체 목격됨. 시스템 사용자로서 산업의&nbsp;관점 및 국제 시스템에서의 공조 관점에서 검토/인지가 필요한 이슈 상존.4. 지식재산권을 둘러싼 대내외적 환경 변화로 전통적인 전략에 대한 검토가 필요하고 전세계적인 환경에 대처하기 위한 국제적인 전망에서 채택된 새로운 지식재산권 정책 필요(&nbsp;후략) (2010.8.27, 한국과학기술정보연구원 정보분석본부)http://mirian.kisti.re.kr/global/global_v.jsp ",2010.09.01,이진필,431,지식재산권의 평가 및 미래 정책 방향(일본),361,바이오멤스 기술활용 바이러스 진단시스템 특허,551
"-&nbsp;건강,&nbsp;다이어트를&nbsp;지향하는&nbsp;명품주로&nbsp;재탄생&nbsp;- 간신히&nbsp;명맥을&nbsp;유지해&nbsp;오던&nbsp;막걸리가&nbsp;최근&nbsp;건강을&nbsp;추구하는&nbsp;웰빙&nbsp;바람을&nbsp;타고&nbsp;고급화에&nbsp;성공하여&nbsp;폭발적인&nbsp;인기를&nbsp;얻고&nbsp;있다.&nbsp; &nbsp;&nbsp;&nbsp;곡식을&nbsp;발효해서&nbsp;만든&nbsp;막걸리는&nbsp;맛이&nbsp;구수하고&nbsp;알코올&nbsp;함량이&nbsp;낮아&nbsp;대표적인&nbsp;서민주(庶民酒)의&nbsp;역할을&nbsp;담당해왔으나,&nbsp;공업적으로&nbsp;생산되기&nbsp;시작하면서&nbsp;저급한&nbsp;원료의&nbsp;사용으로&nbsp;맛과&nbsp;품질이&nbsp;떨어지고,&nbsp;영세한&nbsp;업체들에&nbsp;의한&nbsp;주먹구구식&nbsp;생산으로&nbsp;품질이&nbsp;일정치&nbsp;않고,&nbsp;본질적으로&nbsp;쉽게&nbsp;변질하여&nbsp;애주가들의&nbsp;외면을&nbsp;받아&nbsp;왔다.&nbsp; &nbsp;&nbsp;&nbsp;그러나&nbsp;막걸리의&nbsp;영양학적&nbsp;가치에&nbsp;새로이&nbsp;주목하여&nbsp;원료&nbsp;및&nbsp;제조공정을&nbsp;개선하고&nbsp;표준화하여&nbsp;음주&nbsp;후&nbsp;숙취를&nbsp;줄이고,&nbsp;유통기한을&nbsp;1달&nbsp;이상으로&nbsp;늘렸으며,&nbsp;종류를&nbsp;다양화함은&nbsp;물론&nbsp;고급화에&nbsp;성공하여&nbsp;대중적인&nbsp;주류로&nbsp;다시&nbsp;자리매김하게&nbsp;되었다. &nbsp;&nbsp;&nbsp;막걸리는&nbsp;몸에&nbsp;좋은&nbsp;성분이&nbsp;다른&nbsp;술과&nbsp;비교되지&nbsp;않을&nbsp;만큼&nbsp;풍부하여&nbsp;막걸리를&nbsp;마시는&nbsp;것은&nbsp;알코올&nbsp;성분만&nbsp;제외하면&nbsp;영양제를&nbsp;먹는&nbsp;것과&nbsp;다름없다고&nbsp;할&nbsp;수&nbsp;있을&nbsp;정도다.&nbsp;막걸리는&nbsp;물&nbsp;80%와&nbsp;알코올&nbsp;6-7%를&nbsp;제외한&nbsp;나머지&nbsp;13-14%가&nbsp;단백질,&nbsp;탄수화물,&nbsp;지방,&nbsp;식이섬유,&nbsp;유기산,&nbsp;비타민&nbsp;B와&nbsp;C,&nbsp;유산균,&nbsp;효모&nbsp;등으로&nbsp;이루어져&nbsp;있는데&nbsp;이는&nbsp;와인이&nbsp;물과&nbsp;알코올을&nbsp;제외한&nbsp;성분이&nbsp;1-5%에&nbsp;불과하고&nbsp;성분도&nbsp;거의&nbsp;당분인&nbsp;것과&nbsp;비교하면&nbsp;와인보다&nbsp;양적,&nbsp;질적으로&nbsp;훨씬&nbsp;우수함을&nbsp;알&nbsp;수&nbsp;있다. &nbsp;&nbsp;&nbsp;특히&nbsp;장&nbsp;건강에&nbsp;유익한&nbsp;유산균&nbsp;함량은&nbsp;생막걸리의&nbsp;경우&nbsp;㎖당&nbsp;1억&nbsp;마리로&nbsp;일반&nbsp;유산균&nbsp;음료의&nbsp;10배이고,&nbsp;장의&nbsp;해로운&nbsp;균을&nbsp;감소시키는&nbsp;비피더스균도&nbsp;풍부하며,&nbsp;다이어트에&nbsp;좋은&nbsp;식이섬유는&nbsp;같은&nbsp;양의&nbsp;식이음료에&nbsp;비해&nbsp;100-1,000배&nbsp;이상&nbsp;많이&nbsp;들어&nbsp;있고,&nbsp;신진대사를&nbsp;원활하게&nbsp;하고&nbsp;노폐물의&nbsp;체외&nbsp;배출을&nbsp;돕는&nbsp;유용한&nbsp;유기산을&nbsp;0.8%&nbsp;함유하고&nbsp;있어&nbsp;과하게만&nbsp;마시지&nbsp;않으면&nbsp;술을&nbsp;즐기면서도&nbsp;건강을&nbsp;지킬&nbsp;수&nbsp;있다. &nbsp;&nbsp;&nbsp;특허청(청장&nbsp;이수원)&nbsp;자료에&nbsp;의하면,&nbsp;막걸리에&nbsp;관한&nbsp;특허출원은&nbsp;2005년에는&nbsp;12건으로&nbsp;전체&nbsp;주류출원의&nbsp;13%에&nbsp;불과하였으나&nbsp;2008년&nbsp;20건으로&nbsp;점진적으로&nbsp;증가하다가&nbsp;2009년&nbsp;41건으로&nbsp;전년도보다&nbsp;100%&nbsp;이상&nbsp;대폭&nbsp;증가하였다(붙임&nbsp;1&nbsp;참조).&nbsp;이는&nbsp;2009년&nbsp;이후&nbsp;막걸리가&nbsp;건강주로&nbsp;다시&nbsp;각광받기&nbsp;시작한&nbsp;데&nbsp;따른&nbsp;연구개발의&nbsp;결과&nbsp;때문인&nbsp;것으로&nbsp;보인다. &nbsp;&nbsp;&nbsp;출원동향을&nbsp;카테고리별로&nbsp;살펴보면,&nbsp;재료를&nbsp;다양화한&nbsp;것에&nbsp;특징이&nbsp;있는&nbsp;출원이&nbsp;71건(65%)으로&nbsp;가장&nbsp;많고,&nbsp;다음으로&nbsp;제조공정에&nbsp;관한&nbsp;출원이&nbsp;28건(25%)이며,&nbsp;제조장치에&nbsp;관한&nbsp;출원이&nbsp;11건(10%)으로,&nbsp;주로&nbsp;막걸리의&nbsp;단점인&nbsp;유통기한을&nbsp;늘리고&nbsp;건강지향적이고&nbsp;품질을&nbsp;고급화하고자&nbsp;한&nbsp;발명이&nbsp;많다.&nbsp;특히,&nbsp;재료가&nbsp;다양해져&nbsp;인삼,&nbsp;산마,&nbsp;삼지구엽초,&nbsp;가시오가피와&nbsp;같은&nbsp;한약재를&nbsp;비롯하여&nbsp;과일류나&nbsp;야채류를&nbsp;첨가하거나,&nbsp;물을&nbsp;해양심층수로&nbsp;사용한&nbsp;막걸리&nbsp;등이&nbsp;출원되는데&nbsp;주로&nbsp;건강에&nbsp;초점이&nbsp;맞추어져&nbsp;있는&nbsp;것이&nbsp;특징이다. &nbsp;&nbsp;&nbsp;막걸리&nbsp;시장은&nbsp;2012년에는&nbsp;1조원대로&nbsp;커질&nbsp;것으로&nbsp;예상되는&nbsp;가운데&nbsp;수출도&nbsp;폭발적으로&nbsp;증가하고&nbsp;있어&nbsp;700여&nbsp;개에&nbsp;달하는&nbsp;영세업체가&nbsp;각축을&nbsp;벌이고&nbsp;있는데&nbsp;식품관련&nbsp;대기업도&nbsp;눈독을&nbsp;들이고&nbsp;있어&nbsp;시장을&nbsp;선점하기&nbsp;위한&nbsp;경쟁이&nbsp;더욱더&nbsp;치열해질&nbsp;것으로&nbsp;예상된다.&nbsp; &nbsp;&nbsp;&nbsp;그러나&nbsp;이러한&nbsp;경쟁이&nbsp;긍정적이고&nbsp;발전적으로만&nbsp;이루어진다면&nbsp;막걸리의&nbsp;단점인&nbsp;유통기한이&nbsp;더욱&nbsp;길어질&nbsp;것이고,&nbsp;품질이&nbsp;더욱&nbsp;고급화되고&nbsp;다양화될&nbsp;뿐만&nbsp;아니라&nbsp;이에&nbsp;따라&nbsp;수출시장도&nbsp;다변화될&nbsp;수&nbsp;있을&nbsp;것이다.&nbsp;나아가&nbsp;기업,&nbsp;연구기관을&nbsp;중심으로&nbsp;우리&nbsp;고유의&nbsp;술인&nbsp;막걸리가&nbsp;세계적인&nbsp;경쟁력을&nbsp;가지도록&nbsp;연구개발에&nbsp;집중투자하여&nbsp;특허를&nbsp;선점한다면&nbsp;와인이나&nbsp;맥주를&nbsp;능가하는&nbsp;술이&nbsp;될&nbsp;수도&nbsp;있으리라&nbsp;예상된다.&nbsp;(2010.7.16, 특허청 보도자료)http://www.kipo.go.kr/kpo/user.tdf?a=user.news.press1.BoardApp&amp;board_id=press&amp;cp=1&amp;pg=1&amp;npp=10&amp;catmenu=m03_01_02&amp;sdate=&amp;edate=&amp;searchKey=&amp;searchVal=&amp;c=1003&amp;seq=9534 ",2010.07.19,이진필,430,막걸리의 무한 변신,443,바이오멤스 기술활용 바이러스 진단시스템 특허,551
"&nbsp;국립수의과학검역원은 첨단 바이오칩 기술을 이용하여 실시간으로 대장균 1마리까지 검출할 수 있는 방법을 미국 및 국제특허(PCT) 출원하였다고 6월 17일 생명산업 DNA전(서울 양재동 aT센터)에서 밝혔다.&nbsp;○ 이번 특허는 &ldquo;대장균 1마리까지 실시간으로 검출할 수 있는 &nbsp;미세유속(微細流速) 바이오칩 장치 및 방법&rdquo;으로서, 검역원과 미국 아리조나 대학교의 국제공동연구에 의한 성과물이다.&lt;참고1&gt;&nbsp;○ 이 방법을 활용하면 앞으로 축사 내에 오염된 병원균을 현장에서 실시간으로 검출할 수 있게 되어 가축질병의 조기 검색에 매우 유용할 것으로 전망된다.&nbsp;이번 발명의 핵심인 미세유속 바이오칩 나노기술을 적용하면 일반적인 실험실 배양 없이도 대장균을 1마리까지 실시간으로 검출할 수 있다.&nbsp;○ 최근에 소(牛)설사증바이러스 및 인플루엔자 바이러스 검출에 이 기술을 적용한 결과, 기존의 유전자 증폭 진단법보다 10-100배 민감하게 검출할 수 있음을 확인하였다.&nbsp;○ 또한, 현재 진단키트들은 시료채취 후 일정한 처리를 한 후에만 사용이 가능했으나 이번에 개발된 방법을 적용하면 현장에서 시료전처리 없이도 바로 사용할 수 있게 된다.&nbsp;○ 이번 발명은 향후 구제역, 고병원성 조류독감 등 국가재난형 가축질병에 확대 응용될 것으로 기대된다.&nbsp;검역원은 앞으로 이 바이오칩 기술에 &lsquo;자동시료채취기&rsquo;와 &lsquo;자동결과분석기&rsquo;가 결합되면, 『차세대 무인(無人) 가축질병 검색시스템』 구축이 가능할 것으로 전망된다고 밝혔다.&lt;참고2&gt;&nbsp;○ 검역원 관계자는 &ldquo;이번 발명이 향후 첨단 바이오칩을 적용한 가축질병 진단장치 개발과 산업화를 통해 고부가가치 녹색 방역기술 발전의 계기가 될 것으로 기대된다&rdquo;고 말했다.(2010.6.16, 농림수산식품부 홈페이지 보도자료)http://mifaff.korea.kr/gonews/branch.do?act=detailView&amp;type=news&amp;section=b_sec_1&amp;dataId=155550451",2010.06.21,이진필,429,대장균 1마리까지 실시간으로 검출하는 첨단 바이오칩(Biochip) 기술 국제특허 출원,422,바이오멤스 기술활용 바이러스 진단시스템 특허,551
"나만의&nbsp;특허검색도우미,&nbsp;KIPRISplus&nbsp;오픈 특허청(청장&nbsp;이수원)은&nbsp;오는&nbsp;6월부터&nbsp;맞춤형&nbsp;특허&nbsp;정보를&nbsp;제공하는&nbsp;&nbsp;KIPRISplus의&nbsp;시범서비스를&nbsp;실시한다고&nbsp;31일&nbsp;밝혔다.&nbsp; 올해&nbsp;1월부터&nbsp;시범운영&nbsp;중인&nbsp;KIPRISplus는&nbsp;특허정보검색서비스(KIPRIS&nbsp;:&nbsp;Korean&nbsp;Intellectual&nbsp;Property&nbsp;Rights&nbsp;Information&nbsp;Service)를&nbsp;통해&nbsp;검색된&nbsp;정보&nbsp;중에서&nbsp;입맛에&nbsp;맞는&nbsp;것을&nbsp;골라&nbsp;쉽게&nbsp;자신의&nbsp;사이트에&nbsp;구현할&nbsp;수&nbsp;있는&nbsp;웹&nbsp;서비스로서,&nbsp;&nbsp;KIPRIS보다&nbsp;한&nbsp;단계&nbsp;앞선&nbsp;서비스이다.&nbsp;또한&nbsp;숙달된&nbsp;웹&nbsp;프로그래머는&nbsp;제공받은&nbsp;데이터를&nbsp;이용하여&nbsp;실시간&nbsp;분석&nbsp;및&nbsp;통계와&nbsp;같은&nbsp;고부가가치&nbsp;정보를&nbsp;직접&nbsp;만들어&nbsp;내는&nbsp;것도&nbsp;가능하다. 여기서,&nbsp;KIPRIS는&nbsp;2009년&nbsp;한&nbsp;해&nbsp;동안&nbsp;2,400여만의&nbsp;검색건수를&nbsp;자랑하는&nbsp;국내&nbsp;최대의&nbsp;무료&nbsp;특허검색사이트(http://www.kipris.or.kr)로서,&nbsp;국민들이&nbsp;자신의&nbsp;특허&nbsp;출원에&nbsp;앞서&nbsp;다른&nbsp;사람이&nbsp;이미&nbsp;출원한&nbsp;특허들을&nbsp;직접&nbsp;찾아보거나&nbsp;기업들이&nbsp;해외에&nbsp;진출하기&nbsp;전에&nbsp;관련&nbsp;기술들을&nbsp;검색할&nbsp;수&nbsp;있는&nbsp;서비스이다. KIPRISplus가&nbsp;제공하는&nbsp;콘텐츠는&nbsp;특허,&nbsp;실용신안,&nbsp;상표&nbsp;및&nbsp;디자인과&nbsp;관련된&nbsp;299가지의&nbsp;국내외&nbsp;지식재산권&nbsp;정보와&nbsp;14가지의&nbsp;행정&nbsp;진행정보&nbsp;등이다.&nbsp; 이에&nbsp;따라&nbsp;앞으로는&nbsp;연구소나&nbsp;기업들이&nbsp;방대한&nbsp;양의&nbsp;지적재산권&nbsp;데이터베이스를&nbsp;구축할&nbsp;필요&nbsp;없이&nbsp;몇&nbsp;줄의&nbsp;프로그램&nbsp;작성만으로&nbsp;특허정보에&nbsp;관한&nbsp;맞춤&nbsp;서비스를&nbsp;제공받을&nbsp;수&nbsp;있다.&nbsp;따라서&nbsp;그동안&nbsp;고가의&nbsp;장비를&nbsp;구입할&nbsp;여력이&nbsp;없어&nbsp;특허정보&nbsp;시스템&nbsp;구축을&nbsp;망설였던&nbsp;중소기업들에게는&nbsp;희소식이&nbsp;아닐&nbsp;수&nbsp;없다. 또한&nbsp;한국특허청은&nbsp;세계최초로&nbsp;모든&nbsp;특허정보를&nbsp;웹&nbsp;서비스로&nbsp;제공하는&nbsp;인터넷&nbsp;강국으로서의&nbsp;면모를&nbsp;보여주게&nbsp;되었다.&nbsp;세계지적재산권기구(WIPO&nbsp;:&nbsp;World&nbsp;Intellectual&nbsp;Property&nbsp;Organization)에서&nbsp;행정사항&nbsp;등의&nbsp;부가정보를&nbsp;이러한&nbsp;방식으로&nbsp;일부&nbsp;제공하고는&nbsp;있으나,&nbsp;특허정보&nbsp;자체를&nbsp;웹&nbsp;서비스하는&nbsp;곳은&nbsp;한국특허청이&nbsp;유일하다. 서비스를&nbsp;제공받기&nbsp;위해&nbsp;이용자가&nbsp;가장&nbsp;먼저&nbsp;해야&nbsp;할&nbsp;일은&nbsp;인증키를&nbsp;발급받는&nbsp;것이다.&nbsp;이것은&nbsp;KIPRISplus&nbsp;사이트(http://plus.kipris.or.kr)에&nbsp;가입만으로&nbsp;간단히&nbsp;해결할&nbsp;수&nbsp;있다.&nbsp;인증키를&nbsp;이용한&nbsp;자세한&nbsp;활용방법은&nbsp;홈페이지의&nbsp;&lsquo;개발자코너&rsquo;에서&nbsp;예시자료와&nbsp;함께&nbsp;볼&nbsp;수&nbsp;있다.&nbsp;또한&nbsp;특허청은&nbsp;사용자를&nbsp;위한&nbsp;실습&nbsp;위주의&nbsp;자세한&nbsp;교육&nbsp;프로그램도&nbsp;함께&nbsp;제공할&nbsp;예정이다. 특허청&nbsp;관계자는&nbsp;&ldquo;특허관련&nbsp;전문&nbsp;인력이&nbsp;부족한&nbsp;기업이나&nbsp;연구기관에&nbsp;특허정보&nbsp;웹&nbsp;서비스를&nbsp;제공함으로써&nbsp;기술적&middot;경제적&nbsp;부담을&nbsp;덜고&nbsp;손쉽게&nbsp;관련&nbsp;정보를&nbsp;확보하여&nbsp;지식재산권&nbsp;정보&nbsp;활용에&nbsp;크게&nbsp;기여할&nbsp;것으로&nbsp;기대하고&nbsp;있다&rdquo;고&nbsp;밝혔다. (2010.6.1, 특허청 홈페이지 보도자료)http://www.kipo.go.kr/kpo/user.tdf?a=user.news.press1.BoardApp&amp;board_id=press&amp;cp=1&amp;pg=1&amp;npp=10&amp;catmenu=m03_01_02&amp;sdate=&amp;edate=&amp;searchKey=&amp;searchVal=&amp;c=1003&amp;seq=9414",2010.06.01,이진필,428,내 마음대로 골라쓰는 특허정보 서비스,526,바이오멤스 기술활용 바이러스 진단시스템 특허,551
"-&nbsp;국내ㆍ외에서&nbsp;&lsquo;포천막걸리&rsquo;&nbsp;상표권&nbsp;보호의&nbsp;기틀을&nbsp;마련&nbsp;- &nbsp;&nbsp;경기도&nbsp;포천시의&nbsp;특산품인&nbsp;&lsquo;포천막걸리&rsquo;&nbsp;상표가&nbsp;2010년&nbsp;5월&nbsp;18일&nbsp;특허청에&nbsp;&lsquo;지리적표시&nbsp;단체표장&rsquo;으로&nbsp;출원되었다.&nbsp;특허청은&nbsp;&lsquo;포천막걸리&rsquo;&nbsp;상표가&nbsp;법적으로&nbsp;보호받아&nbsp;지역&nbsp;특화상품의&nbsp;대표&nbsp;브랜드로&nbsp;성장할&nbsp;수&nbsp;있도록&nbsp;조속히&nbsp;심사할&nbsp;방침이다.&nbsp;&lsquo;포천막걸리&rsquo;&nbsp;상표가&nbsp;등록되면&nbsp;국내ㆍ외에서&nbsp;상표권으로&nbsp;법적인&nbsp;보호를&nbsp;받는&nbsp;기틀이&nbsp;마련되는&nbsp;셈이다. &nbsp;&nbsp;&lsquo;포천막걸리&rsquo;&nbsp;지리적표시&nbsp;단체표장은&nbsp;포천지역내&nbsp;9개&nbsp;막걸리&nbsp;생산업체가&nbsp;포천막걸리사업협동조합을&nbsp;결성하고,&nbsp;포천막걸리의&nbsp;명성&nbsp;및&nbsp;품질특성과&nbsp;지리적&nbsp;연관성을&nbsp;확정하여&nbsp;출원하게&nbsp;된&nbsp;것이다. &nbsp;&nbsp; &nbsp;&nbsp;이는&nbsp;지난해&nbsp;11월&nbsp;일본의&nbsp;주류유통업체가&nbsp;&lsquo;포천막걸리&rsquo;를&nbsp;일본특허청에&nbsp;상표로&nbsp;등록하여&nbsp;국내에서&nbsp;상표보호에&nbsp;관한&nbsp;논란을&nbsp;불러&nbsp;일으켰는데서&nbsp;비롯되었다.&nbsp;이를&nbsp;계기로&nbsp;특허청은&nbsp;&lsquo;포천막걸리&rsquo;&nbsp;브랜드가&nbsp;상표로서&nbsp;법적&nbsp;보호받을&nbsp;수&nbsp;있는&nbsp;방안에&nbsp;대해&nbsp;포천시를&nbsp;지원해온&nbsp;바&nbsp;있다.&nbsp; &nbsp;&nbsp;한편,&nbsp;우리나라는&nbsp;막걸리에&nbsp;대한&nbsp;국민적인&nbsp;열기와&nbsp;막걸리&nbsp;관련&nbsp;상표출원&nbsp;증가세에&nbsp;비해&nbsp;&lsquo;포천막걸리&rsquo;와&nbsp;같은&nbsp;지역&nbsp;특화상품으로서의&nbsp;막걸리&nbsp;브랜드는&nbsp;미흡한&nbsp;실정이다.&nbsp;전국적으로&nbsp;약&nbsp;800개에&nbsp;달하는&nbsp;막걸리&nbsp;생산업체가&nbsp;대부분&nbsp;영세하고,&nbsp;그&nbsp;상표도&nbsp;개별&nbsp;막걸리&nbsp;생산업체가&nbsp;단독으로&nbsp;출원하고&nbsp;있으며,&nbsp;지리적표시&nbsp;단체표장에&nbsp;대한&nbsp;인식이&nbsp;부족한데&nbsp;기인한&nbsp;것으로&nbsp;보인다.&nbsp;&nbsp; &nbsp;&nbsp;이에&nbsp;따라&nbsp;특허청은&nbsp;각&nbsp;지방자치단체&nbsp;내의&nbsp;생산자단체&nbsp;등을&nbsp;통하여&nbsp;지역을&nbsp;대표하는&nbsp;막걸리&nbsp;브랜드가&nbsp;지리적표시&nbsp;단체표장으로&nbsp;출원&nbsp;2010.&nbsp;5월&nbsp;20일&nbsp;현재&nbsp;지리적표시&nbsp;단체표장은&nbsp;144건이&nbsp;출원되어,&nbsp;그&nbsp;중&nbsp;61건이&nbsp;등록되었고&nbsp;55건이&nbsp;심사&nbsp;중에&nbsp;있다. &nbsp;&nbsp;(출원취하&nbsp;및&nbsp;거절결정&nbsp;28건)될&nbsp;수&nbsp;있도록&nbsp;홍보를&nbsp;적극&nbsp;실시하고,&nbsp;출원일로부터&nbsp;4개월&nbsp;내에&nbsp;상표등록여부를&nbsp;알&nbsp;수&nbsp;있도록&nbsp;지난해부터&nbsp;우선심사제도를&nbsp;도입ㆍ운영하고&nbsp;있다.&nbsp; &nbsp;지리적표시&nbsp;단체표장&nbsp;심사를&nbsp;담당하는&nbsp;사무관은&nbsp;&ldquo;우리나라&nbsp;막걸리&nbsp;브랜드가&nbsp;프랑스의&nbsp;와인,&nbsp;스코틀랜드의&nbsp;위스키와&nbsp;같이&nbsp;세계적인&nbsp;주류브랜드로&nbsp;성장할&nbsp;수&nbsp;있도록&nbsp;하기&nbsp;위해서는,&nbsp;막걸리생산업체가&nbsp;지역특성을&nbsp;살려&nbsp;막걸리&nbsp;품질관리를&nbsp;엄격히&nbsp;하고,&nbsp;이와&nbsp;더불어&nbsp;국제조약&nbsp;상&nbsp;속지주의&nbsp;원칙에&nbsp;따라&nbsp;우리나라&nbsp;뿐만&nbsp;아니라&nbsp;수출하고자&nbsp;하는&nbsp;모든&nbsp;나라에&nbsp;상표권을&nbsp;선점하는&nbsp;등의&nbsp;조치가&nbsp;반드시&nbsp;필요하다&rdquo;고&nbsp;말했다.&nbsp;(2010.5.24, 특허청 보도자료)http://www.kipo.go.kr/kpo/user.tdf?a=user.news.press1.BoardApp&amp;board_id=press&amp;cp=1&amp;pg=1&amp;npp=10&amp;catmenu=m03_01_02&amp;sdate=&amp;edate=&amp;searchKey=&amp;searchVal=&amp;c=1003&amp;seq=9401",2010.05.27,이진필,427,"‘포천막걸리’, 국내 최초 막걸리분야 지리적표시 단체표장 출원",478,바이오멤스 기술활용 바이러스 진단시스템 특허,551
"-&nbsp;특허청,&nbsp;지역&nbsp;중소기업&nbsp;브랜드&middot;디자인&nbsp;가치제고&nbsp;사업&nbsp;개시&nbsp;- &nbsp;특허청(청장&nbsp;이수원)에서&nbsp;지역&nbsp;중소기업의&nbsp;브랜드&middot;디자인&nbsp;권리화&nbsp;및&nbsp;경영&nbsp;지원을&nbsp;위해&nbsp;지역&nbsp;밀착형&nbsp;브랜드&middot;디자인&nbsp;가치제고&nbsp;사업을&nbsp;시작한다.&nbsp; &nbsp;지역&nbsp;브랜드&nbsp;가치제고&nbsp;사업은&nbsp;브랜드경영관련&nbsp;교육,&nbsp;상담&nbsp;및&nbsp;출원비용지원,&nbsp;컨설팅,&nbsp;브랜드&nbsp;개발&nbsp;및&nbsp;권리화&nbsp;지원&nbsp;등&nbsp;브랜드경영&nbsp;전반에&nbsp;걸쳐&nbsp;다양한&nbsp;맞춤형&nbsp;지원서비스를&nbsp;제공하며, 지역&nbsp;디자인&nbsp;가치제고&nbsp;사업은&nbsp;디자인경영관련&nbsp;교육,&nbsp;컨퍼런스&nbsp;개최,&nbsp;출원비용지원,&nbsp;맞춤형&nbsp;디자인맵,&nbsp;디자인&nbsp;개발&nbsp;및&nbsp;권리화&nbsp;지원&nbsp;등&nbsp;디자인경영&nbsp;전반에&nbsp;걸쳐&nbsp;수준별&nbsp;진단과&nbsp;함께&nbsp;맞춤형&nbsp;지원서비스를&nbsp;제공하게&nbsp;된다.&nbsp; 이를&nbsp;위해&nbsp;서울,&nbsp;인천,&nbsp;부산,&nbsp;대구,&nbsp;광주,&nbsp;제주,&nbsp;대전,&nbsp;충북(청주),&nbsp;전북(전주),&nbsp;전남(목포),&nbsp;강원(원주)(이상&nbsp;11개소)에&nbsp;위치한&nbsp;광역&nbsp;지역지식재산센터에&nbsp;실무경력&nbsp;5년&nbsp;이상의&nbsp;브랜드(11명)&nbsp;및&nbsp;디자인(9명,&nbsp;서울&middot;제주&nbsp;제외)&nbsp;컨설턴트를&nbsp;채용했다. 채용된&nbsp;브랜드&middot;디자인&nbsp;컨설턴트들은&nbsp;지역&nbsp;중소기업&nbsp;현장을&nbsp;직접&nbsp;방문하여&nbsp;권리화&nbsp;상담과&nbsp;더불어&nbsp;브랜드&middot;디자인경영&nbsp;실태를&nbsp;진단하고,&nbsp;각&nbsp;기업에&nbsp;알맞은&nbsp;맞춤형&nbsp;정보를&nbsp;제공하는&nbsp;멘토&nbsp;역할을&nbsp;하게&nbsp;된다.&nbsp; 기존에&nbsp;지역지식재산센터는&nbsp;특허정보종합컨설팅&nbsp;사업을&nbsp;수행해&nbsp;왔는데&nbsp;올해&nbsp;브랜드&middot;디자인분야를&nbsp;추가함으로써,&nbsp;지역&nbsp;중소기업의&nbsp;지재권&nbsp;창출&nbsp;및&nbsp;활용에&nbsp;관한&nbsp;종합적인&nbsp;지원체계를&nbsp;구축했다. 지역지식재산센터의&nbsp;종합지원체계를&nbsp;통하여&nbsp;전문인력이&nbsp;부족하고&nbsp;재정여건이&nbsp;열악한&nbsp;지역&nbsp;중소기업에게&nbsp;대기업과의&nbsp;브랜드&middot;디자인&nbsp;개발능력&nbsp;격차를&nbsp;해소하고,&nbsp;권리화&nbsp;및&nbsp;보호,&nbsp;분쟁예방&nbsp;등&nbsp;중소기업의&nbsp;지재권&nbsp;경영&nbsp;역량이&nbsp;한층&nbsp;강화되는&nbsp;계기를&nbsp;마련할&nbsp;것이다. 특허청은&nbsp;&ldquo;앞으로도&nbsp;인식제고를&nbsp;위한&nbsp;브랜드&middot;디자인경영&nbsp;교육을&nbsp;확대하고&nbsp;점진적으로&nbsp;지역사회&nbsp;브랜드&middot;디자인&nbsp;창출&nbsp;및&nbsp;활용을&nbsp;위해&nbsp;다양한&nbsp;프로그램을&nbsp;확충할&nbsp;방침이다.&rdquo;라고&nbsp;밝혔다.&nbsp; 현재&nbsp;각&nbsp;지역지식재산센터별로&nbsp;사업이&nbsp;진행되고&nbsp;있으며&nbsp;일부사업을&nbsp;제외하고는&nbsp;연중&nbsp;상시&nbsp;신청이&nbsp;가능하다.&nbsp;브랜드&middot;디자인&nbsp;권리화&nbsp;및&nbsp;경영&nbsp;컨설팅을&nbsp;원하는&nbsp;중소기업은&nbsp;가까운&nbsp;지역지식재산센터에&nbsp;문의하면&nbsp;된다. (2010.5.20, 특허청 홈페이지 보도자료)http://www.kipo.go.kr/kpo/user.tdf?a=user.news.press1.BoardApp&amp;board_id=press&amp;cp=1&amp;pg=1&amp;npp=10&amp;catmenu=m0301_02&amp;sdate=&amp;edate=&amp;searchKey=&amp;searchVal=&amp;c=1003&amp;seq=9400 ",2010.05.24,이진필,426,"“특허, 브랜드, 디자인 모두 도와드립니다.”",557,바이오멤스 기술활용 바이러스 진단시스템 특허,551
"-&nbsp;미국&nbsp;무역대표부&nbsp;발표&nbsp;&lsquo;지재권&nbsp;감시대상국&rsquo;&nbsp;2년&nbsp;연속&nbsp;제외&nbsp;- &nbsp;&nbsp;특허청(청장&nbsp;이수원)은&nbsp;지난&nbsp;4월30일&nbsp;미국&nbsp;무역대표부(USTR)가&nbsp;자국의&nbsp;지재권&nbsp;보호를&nbsp;위해&nbsp;발표하는&nbsp;&lsquo;지식재산권&nbsp;감시대상국&rsquo;에서&nbsp;한국이&nbsp;지난해에&nbsp;이어&nbsp;올해도&nbsp;제외되었다고&nbsp;밝혔다.&nbsp;이에&nbsp;대해&nbsp;특허청은&nbsp;&nbsp;한국이&nbsp;2년&nbsp;연속&nbsp;지재권&nbsp;감시대상국에서&nbsp;제외된&nbsp;것은&nbsp;지식재산권&nbsp;보호를&nbsp;위한&nbsp;정부,&nbsp;&nbsp;시민단체,&nbsp;기업의&nbsp;노력이&nbsp;국제적으로&nbsp;인정받은&nbsp;것으로&nbsp;평가했다. &nbsp;&nbsp;※&nbsp;미국&nbsp;무역대표부(USTR)는&nbsp;매년&nbsp;&lsquo;스페셜301조&nbsp;보고서&rsquo;에&nbsp;지식재산권&nbsp;침해국가에&nbsp;대해&nbsp;&lsquo;우선감시대상국(PWL)&rsquo;과&nbsp;&lsquo;감시대상국(WL)&rsquo;을&nbsp;발표 &nbsp;&nbsp;※&nbsp;체코,&nbsp;헝가리,&nbsp;폴란드&nbsp;등&nbsp;3개국이&nbsp;지재권&nbsp;감시대상국에서&nbsp;새로&nbsp;제외 &nbsp;&nbsp;그간&nbsp;특허청은&nbsp;지식재산분야&nbsp;선진5개국(IP5)으로써의&nbsp;위상에&nbsp;맞게&nbsp;&lsquo;親지식재산산회로의&nbsp;이행&rsquo;을&nbsp;목표로&nbsp;지식재산권&nbsp;보호를&nbsp;국정과제로&nbsp;하고,&nbsp;기업&middot;시민단체&middot;정부가&nbsp;함께&nbsp;위조상품&nbsp;근절을&nbsp;위한&nbsp;사회적&nbsp;풍토의&nbsp;조성,&nbsp;효율적인&nbsp;지식재산권&nbsp;보호체계&nbsp;마련,&nbsp;민간기업주도의&nbsp;지식재산권&nbsp;보호&nbsp;기반&nbsp;마련을&nbsp;추진해&nbsp;왔다.&nbsp; &nbsp;&nbsp;특히&nbsp;지난해&nbsp;1월에는&nbsp;한국지식재산&nbsp;보호협회를&nbsp;설립하였고,&nbsp;&lsquo;소비자시민모임&rsquo;과&nbsp;공동으로&nbsp;지식재산권&nbsp;보호를&nbsp;위한&nbsp;시민운동을&nbsp;전개하였다.&nbsp;&nbsp;효율적인&nbsp;지식재산권&nbsp;보호를&nbsp;위해&nbsp;3개&nbsp;권역별&nbsp;지역사무소를&nbsp;개설하고,&nbsp;온라인상의&nbsp;위조상품&nbsp;유통을&nbsp;근절하기&nbsp;위한&nbsp;24시간&nbsp;모니터링&nbsp;시스템을&nbsp;구축하는&nbsp;등&nbsp;빠르게&nbsp;변화하는&nbsp;지식재산권&nbsp;침해환경에&nbsp;대비하여&nbsp;왔다. &nbsp;&nbsp;또한&nbsp;미국을&nbsp;비롯한&nbsp;유럽,&nbsp;일본&nbsp;등&nbsp;선진국과의&nbsp;지식재산권&nbsp;분야&nbsp;외교&nbsp;활동을&nbsp;통해&nbsp;지식재산&nbsp;선진국의&nbsp;이미지를&nbsp;국제사회에&nbsp;각인&nbsp;시킬&nbsp;수&nbsp;있었다. &nbsp;&nbsp;박진석&nbsp;특허청&nbsp;국제협력과장은&nbsp;&ldquo;2년&nbsp;연속&nbsp;미국&nbsp;&lsquo;스페셜301조&nbsp;보고서&nbsp;지식재산권&nbsp;감시국&rsquo;에서&nbsp;우리나라가&nbsp;제외된&nbsp;것은&nbsp;그간&nbsp;특허청을&nbsp;비롯한&nbsp;시민단체,&nbsp;기업들의&nbsp;노력이&nbsp;국제적으로&nbsp;인정받은&nbsp;결과&rdquo;라고&nbsp;평가하며,&nbsp;&ldquo;앞으로&nbsp;특허청은&nbsp;&lsquo;상표권&nbsp;특별사법경찰업무&nbsp;시행&rsquo;,&nbsp;&lsquo;지식재산기본법&rsquo;&nbsp;제정&nbsp;등을&nbsp;통해&nbsp;우리기업의&nbsp;지식재산권이&nbsp;효율적으로&nbsp;보호받을&nbsp;수&nbsp;있도록&nbsp;더욱&nbsp;노력할&nbsp;것&rdquo;이라고&nbsp;밝혔다. &nbsp;&nbsp;미&nbsp;무역대표부가&nbsp;발표하는&nbsp;&lsquo;스페셜&nbsp;301조&nbsp;보고서&rsquo;는&nbsp;1989년부터&nbsp;매년&nbsp;마다&nbsp;각국의&nbsp;지식재산권&nbsp;보호&nbsp;수준을&nbsp;조사해,&nbsp;지식재산권&nbsp;보호가&nbsp;취약한&nbsp;국가를&nbsp;상대로&nbsp;통상&nbsp;압력과&nbsp;무역협상을&nbsp;강하게&nbsp;진행하기&nbsp;위한&nbsp;자료로&nbsp;활용되고&nbsp;있다. (2010.5.3, 특허청 홈페이지 보도자료)http://www.kipo.go.kr/kpo/user.tdf?a=user.news.press1.BoardApp&amp;board_id=press&amp;cp=1&amp;pg=1&amp;npp=10&amp;catmenu=m03_01_02&amp;sdate=&amp;edate=&amp;searchKey=&amp;searchVal=&amp;c=1003&amp;seq=9360",2010.05.04,이진필,425,한국 특허청 지식재산권 보호노력 국제사회에서 인정받아,584,바이오멤스 기술활용 바이러스 진단시스템 특허,551
"특허청(청장&nbsp;이수원)은&nbsp;특허기술거래를&nbsp;효율적으로&nbsp;알선하기&nbsp;위해&nbsp;지난&nbsp;2월부터&nbsp;실시한&nbsp;수요기술조사가&nbsp;완료됨에&nbsp;따라,&nbsp;수요기술에&nbsp;적합한&nbsp;이전희망&nbsp;특허기술을&nbsp;찾기&nbsp;위해&nbsp;공급기술조사를&nbsp;실시한다고&nbsp;밝혔다.&nbsp; 이번에&nbsp;실시한&nbsp;수요기술조사에는&nbsp;18개&nbsp;기업이&nbsp;총&nbsp;292개의&nbsp;기술도입을&nbsp;희망하였으며,&nbsp;분야별는&nbsp;정보통신&nbsp;분야가&nbsp;103건(35%)으로&nbsp;가장&nbsp;많은&nbsp;비율을&nbsp;차지했고,&nbsp;다음으로&nbsp;섬유화학&nbsp;분야가&nbsp;91건(32%),&nbsp;전기전자&nbsp;65건(22%),&nbsp;기계소재&nbsp;33건(11%)으로&nbsp;그&nbsp;뒤를&nbsp;이었다. 공급기술조사는&nbsp;4월&nbsp;30일부터&nbsp;5월&nbsp;28일까지&nbsp;대학,&nbsp;공공연구기관,&nbsp;연구개발&nbsp;기업&nbsp;등을&nbsp;대상으로&nbsp;실시하며,&nbsp;신청된&nbsp;공급기술은&nbsp;수요기술과의&nbsp;적합성&nbsp;여부를&nbsp;판단해&nbsp;알선&middot;중개&nbsp;여부가&nbsp;결정된다. 특히,&nbsp;금년에는&nbsp;특허기술&nbsp;도입을&nbsp;희망하는&nbsp;수요기업과의&nbsp;인터뷰와&nbsp;컨설팅&nbsp;결과를&nbsp;토대로&nbsp;적정&nbsp;공급기술을&nbsp;매칭할&nbsp;계획으로&nbsp;과거에&nbsp;비해&nbsp;기술거래&nbsp;중개&nbsp;성공확률이&nbsp;높아&nbsp;질&nbsp;것으로&nbsp;기대하고&nbsp;있다.&nbsp; 특허기술&nbsp;보유자는&nbsp;기술수요자와&nbsp;상담을&nbsp;통해&nbsp;기술양도&middot;실시허여&nbsp;가능성을&nbsp;최종&nbsp;타진하게&nbsp;되며&nbsp;이때&nbsp;합리적인&nbsp;기술거래가&nbsp;성사될&nbsp;수&nbsp;있도록&nbsp;기술거래&nbsp;전문가인&nbsp;특허유통상담관으로부터&nbsp;중개협상&nbsp;및&nbsp;계약&nbsp;체결에&nbsp;관한&nbsp;사항을&nbsp;무료로&nbsp;지원받게&nbsp;된다. 특허청&nbsp;산업재산진흥과&nbsp;김기범&nbsp;과장은&nbsp;개방형&nbsp;기술혁신의&nbsp;중요성이&nbsp;부각되고&nbsp;있는&nbsp;기술개발&nbsp;환경변화에&nbsp;맞추어&nbsp;기업이&nbsp;필요로&nbsp;하는&nbsp;특허기술을&nbsp;적시에&nbsp;발굴&middot;도입할&nbsp;수&nbsp;있도록&nbsp;특허기술거래&nbsp;알선&middot;중개&nbsp;지원체계를&nbsp;더욱&nbsp;강화해&nbsp;나갈&nbsp;것이라고&nbsp;밝혔다. 관련&nbsp;신청서&nbsp;및&nbsp;지원내용은&nbsp;특허청&nbsp;홈페이지(www.kipo.go.kr)나&nbsp;한국발명진흥회(www.kipa.org),&nbsp;인터넷&nbsp;특허기술장터(www.ipmart.or.kr)를&nbsp;통해서&nbsp;확인&nbsp;가능하고,&nbsp;기타&nbsp;궁금한&nbsp;사항은&nbsp;한국발명진흥회&nbsp;특허평가거래팀(02-3459-2892,&nbsp;2884)에&nbsp;문의하면&nbsp;된다. (2010.5.3, 특허청 홈체이지 보도자료)http://www.kipo.go.kr/kpo/user.tdf?a=user.news.press1.BoardApp&amp;board_id=press&amp;cp=1&amp;pg=1&amp;npp=10&amp;catmenu=m03_01_02&amp;sdate=&amp;edate=&amp;searchKey=&amp;searchVal=&amp;c=1003&amp;seq=9359",2010.05.04,이진필,424,2010년 이전희망 우수특허기술 조사,623,바이오멤스 기술활용 바이러스 진단시스템 특허,551
"「2010대한민국세계여성발명대회」와「대한민국여성발명품박람회」&nbsp;5월6일~9일,&nbsp;서울&nbsp;코엑스에서&nbsp;개최&nbsp;&nbsp;&nbsp;특허청(청장&nbsp;고정식)은&nbsp;한국여성발명협회,&nbsp;세계지식재산권기구(WIPO)와&nbsp;함께&nbsp;전&nbsp;세계&nbsp;여성발명인&nbsp;및&nbsp;기업들의&nbsp;재밌고&nbsp;신기한&nbsp;발명품들을&nbsp;전시하는&nbsp;&nbsp;「2010대한민국세계여성발명대회(Korea&nbsp;International&nbsp;Women's&nbsp;Invention&nbsp;Exposition&nbsp;:&nbsp;KIWIE2010)」와&nbsp;「대한민국여성발명품박람회」를&nbsp;5월6일(목)부터&nbsp;9일(일)까지&nbsp;서울&nbsp;코엑스&nbsp;홀A(구&nbsp;태평양&nbsp;홀)에서&nbsp;개최한다. &nbsp;&nbsp;5월&nbsp;발명의&nbsp;달을&nbsp;맞아&nbsp;열리는&nbsp;이번&nbsp;행사는&nbsp;전&nbsp;세계&nbsp;30개국&nbsp;500여명&nbsp;이상의&nbsp;여성발명인들이&nbsp;참여하고,&nbsp;대회와&nbsp;함께&nbsp;세계여성발명포럼(5.7,&nbsp;코엑스&nbsp;컨퍼런스룸&nbsp;307호)과&nbsp;세계여성발명기업인워크숍(5.10~13,&nbsp;이화여대&nbsp;ECC극장)도&nbsp;열려,&nbsp;전시,&nbsp;경연,&nbsp;학술,&nbsp;교육프로그램이&nbsp;모두&nbsp;어우러진&nbsp;명실&nbsp;공히&nbsp;세계&nbsp;최대&nbsp;규모의&nbsp;여성&nbsp;발명&nbsp;축제가&nbsp;될&nbsp;것으로&nbsp;기대하고&nbsp;있다.&nbsp;&nbsp; &nbsp;&nbsp;발명대회는&nbsp;산업재산권(특허,&nbsp;실용신안,&nbsp;디자인)으로&nbsp;출원&nbsp;중이거나&nbsp;등록된&nbsp;권리를&nbsp;보유한&nbsp;여성,&nbsp;여대생&nbsp;및&nbsp;여성기업이&nbsp;출품한&nbsp;발명품을&nbsp;대상으로&nbsp;심사,&nbsp;시상하며&nbsp;박람회는&nbsp;여성발명인,&nbsp;여성이&nbsp;대표,&nbsp;또는&nbsp;임원으로&nbsp;재직&nbsp;중인&nbsp;기업의&nbsp;우수&nbsp;발명특허제품,&nbsp;아이디어&nbsp;상품이&nbsp;전시된다.&nbsp;&nbsp; &nbsp;&nbsp;행사장은&nbsp;△국내&middot;외&nbsp;우수한&nbsp;여성&nbsp;발명제품들을&nbsp;심사,&nbsp;시상하는&nbsp;발명대회&nbsp;출품관&nbsp;△여성기업인들의&nbsp;발명품이&nbsp;전시되는&nbsp;박람회관&nbsp;△국내외&nbsp;발명관련&nbsp;단체기관의&nbsp;홍보관&nbsp;△발명&nbsp;문화&nbsp;행사가&nbsp;개최되는&nbsp;이벤트관으로&nbsp;구성되어&nbsp;있다.&nbsp;&nbsp;&nbsp; &nbsp;&nbsp;행사&nbsp;둘째&nbsp;날인&nbsp;5월7일(금)에는&nbsp;국내외&nbsp;여성&nbsp;발명인들의&nbsp;미래&nbsp;비전을&nbsp;공유하는「대한민국세계여성발명포럼」이&nbsp;코엑스&nbsp;컨퍼런스룸&nbsp;307호에서&nbsp;&lsquo;여성의&nbsp;창의성과&nbsp;미래시장&rsquo;이란&nbsp;주제로&nbsp;개최된다.&nbsp; &nbsp;&nbsp;대회에&nbsp;이어&nbsp;5월10일(월)부터&nbsp;5월13일(목)까지&nbsp;이화여대&nbsp;ECC극장에서&nbsp;「세계여성발명&middot;기업인&nbsp;워크숍」도&nbsp;열린다.&nbsp;세계지식재산권기구의&nbsp;교육프로그램인「IP파노라마」와&nbsp;여성발명인,&nbsp;중소기업에&nbsp;필요한&nbsp;지식재산권&nbsp;및&nbsp;창의&nbsp;교육,&nbsp;여성발명&middot;기업인&nbsp;성공&nbsp;사례&nbsp;및&nbsp;산업시찰&nbsp;등이&nbsp;있을&nbsp;예정이다.&nbsp; &nbsp;&nbsp;또,&nbsp;행사&nbsp;전날인&nbsp;5월5일&nbsp;오후&nbsp;6시&nbsp;반,&nbsp;삼성동&nbsp;풀향기에서&nbsp;각국&nbsp;대표단이&nbsp;모여「세계여성발명기업인협회」의&nbsp;정기총회를&nbsp;개최한다.&nbsp;작년에&nbsp;발족한&nbsp;세계여성발명기업인협회의&nbsp;2009년&nbsp;활동에&nbsp;대한&nbsp;평가와&nbsp;앞으로의&nbsp;운영&nbsp;계획,&nbsp;협력&nbsp;방안&nbsp;등을&nbsp;논의한다.&nbsp; &nbsp;&nbsp;「대한민국세계여성발명대회」는&nbsp;세계&nbsp;여성발명인,&nbsp;기업인의&nbsp;정보&nbsp;교류&nbsp;및&nbsp;협력을&nbsp;강화하고,&nbsp;여성발명품의&nbsp;홍보,&nbsp;전시의&nbsp;기회를&nbsp;확대하기&nbsp;위해&nbsp;지난&nbsp;2008년부터&nbsp;개최하기&nbsp;시작한&nbsp;올해로&nbsp;3회째를&nbsp;맞고&nbsp;있다.&nbsp;지난해에는&nbsp;30개국에서&nbsp;약&nbsp;270점이&nbsp;참여,&nbsp;세계&nbsp;규모의&nbsp;유일한&nbsp;여성발명대회로&nbsp;평가받았다.&nbsp; &nbsp;&nbsp;전시회,&nbsp;포럼&nbsp;및&nbsp;워크숍의&nbsp;참석은&nbsp;모두&nbsp;무료이며,&nbsp;자세한&nbsp;정보는&nbsp;행사홈페이지(www.kiwie.or.kr)나&nbsp;한국여성발명협회(02-538-2710)에&nbsp;문의하면&nbsp;된다. (2010.4.29, 특허청 홈페이지 보도자료)http://www.kipo.go.kr/kpo/user.tdf?a=user.news.press1.BoardApp&amp;board_id=press&amp;cp=1&amp;pg=1&amp;npp=10&amp;catmenu=m03_01_02&amp;sdate=&amp;edate=&amp;searchKey=&amp;searchVal=&amp;c=1003&amp;seq=9347",2010.04.29,이진필,423,세계 최대의 여성 발명축제가 열린다!,570,바이오멤스 기술활용 바이러스 진단시스템 특허,551
"-&nbsp;특허청,&nbsp;신속심판&nbsp;및&nbsp;심리종결&nbsp;예정시기&nbsp;통지&nbsp;대상&nbsp;확대&nbsp;-&nbsp;&nbsp;사례1.&nbsp;특허권자&nbsp;A씨는&nbsp;특허심판원의&nbsp;무효심결에&nbsp;불복하여&nbsp;특허법원에&nbsp;심결취소소송을&nbsp;제기한&nbsp;후&nbsp;무효사유로&nbsp;지적된&nbsp;부분에&nbsp;대하여&nbsp;특허심판원에&nbsp;특허정정&nbsp;심판을&nbsp;청구하였다. &nbsp;특허심판원의&nbsp;정정허가&nbsp;여부가&nbsp;특허법원&nbsp;무효여부&nbsp;결정의&nbsp;선결문제가&nbsp;되고&nbsp;있어&nbsp;분쟁당사자들은&nbsp;하루빨리&nbsp;정정심판이&nbsp;결정되기를&nbsp;바라고&nbsp;있다. &nbsp;사례2.&nbsp;B기업은&nbsp;특허출원을&nbsp;열심히&nbsp;준비하였으나&nbsp;아쉽게도&nbsp;특허청&nbsp;심사관으로부터&nbsp;거절결정을&nbsp;받았다.&nbsp;거절결정에&nbsp;대하여&nbsp;불복하는&nbsp;심판을&nbsp;특허심판원에&nbsp;제기하고&nbsp;추가&nbsp;서류를&nbsp;제출하려고&nbsp;준비하던&nbsp;중&nbsp;심리종결예정&nbsp;시기통지가&nbsp;없이&nbsp;심판이&nbsp;5개월&nbsp;만에&nbsp;종결되어&nbsp;심판부에&nbsp;추가&nbsp;의견을&nbsp;제기할&nbsp;기회를&nbsp;놓쳤다. &nbsp;그러나&nbsp;특허청(청장&nbsp;고정식)이&nbsp;신속심판&nbsp;및&nbsp;심리종결&nbsp;예정시기&nbsp;통지&nbsp;대상을&nbsp;확대하기로&nbsp;함에&nbsp;따라&nbsp;위와&nbsp;같은&nbsp;사례는&nbsp;이제&nbsp;더&nbsp;이상&nbsp;찾아볼&nbsp;수&nbsp;없게&nbsp;되었다.&nbsp; &nbsp;4개월&nbsp;내에&nbsp;심결문을&nbsp;받아볼&nbsp;수&nbsp;있는&nbsp;&lsquo;신속심판&rsquo;은&nbsp;2009년&nbsp;1월부터&nbsp;실시되어&nbsp;심판당사자의&nbsp;많은&nbsp;관심을&nbsp;받아&nbsp;왔다. &nbsp;그러나&nbsp;신속심판은&nbsp;▲양&nbsp;당사자가&nbsp;원하여&nbsp;신속심판을&nbsp;신청한&nbsp;사건,&nbsp;▲법원이&nbsp;침해소송이&nbsp;진행&nbsp;중임을&nbsp;통보한&nbsp;권리범위확인사건,&nbsp;▲녹색기술과&nbsp;관련되어&nbsp;초고속심사를&nbsp;경유한&nbsp;거절결정불복심판사건으로만&nbsp;한정되어&nbsp;대상의&nbsp;확대가&nbsp;필요하다는&nbsp;문제제기도&nbsp;있었다. &nbsp;특허심판원은&nbsp;이러한&nbsp;문제를&nbsp;인식하고,&nbsp;심판결과가&nbsp;특허법원의&nbsp;판단에&nbsp;많은&nbsp;영향을&nbsp;미치는&nbsp;정정심판을&nbsp;신속심판&nbsp;대상으로&nbsp;추가하였다. &nbsp;앞으로&nbsp;특허무효에&nbsp;대한&nbsp;심결취소소송이&nbsp;특허법원에서&nbsp;변론종결되기&nbsp;전까지&nbsp;특허심판원에&nbsp;정정심판을&nbsp;청구하면서&nbsp;신속심판을&nbsp;신청하는&nbsp;경우,&nbsp;특허심판원은&nbsp;이를&nbsp;4개월&nbsp;내에&nbsp;신속하게&nbsp;처리할&nbsp;예정이다. &nbsp;한편,&nbsp;특허심판원은&nbsp;앞으로&nbsp;모든&nbsp;심판사건에&nbsp;대해&nbsp;언제&nbsp;심리가&nbsp;종결될&nbsp;것인가를&nbsp;당사자들에게&nbsp;미리&nbsp;알려줄&nbsp;예정이다. &nbsp;지금까지는&nbsp;심판이&nbsp;청구된&nbsp;지&nbsp;6개월&nbsp;미만&nbsp;사건들은&nbsp;별도로&nbsp;종결예정시기를&nbsp;통지하지&nbsp;않고&nbsp;사건을&nbsp;종결하였다.&nbsp;그러나&nbsp;심리종결&nbsp;예정시기통지가&nbsp;생략되는&nbsp;경우&nbsp;심판&nbsp;당사자들이&nbsp;자신의&nbsp;의견을&nbsp;심판부에&nbsp;충분히&nbsp;제출하지&nbsp;못한&nbsp;상태에서&nbsp;사건이&nbsp;종결될&nbsp;수&nbsp;있었다.&nbsp;특허심판원은&nbsp;이를&nbsp;해결하기&nbsp;위해&nbsp;앞으로는&nbsp;모든&nbsp;사건에&nbsp;대해&nbsp;심리종결&nbsp;예정시기를&nbsp;통지할&nbsp;예정이다. &nbsp;표재호&nbsp;특허심판원장은&nbsp;&ldquo;이번&nbsp;신속심판과&nbsp;심리종결&nbsp;예정시기&nbsp;통지&nbsp;대상&nbsp;확대는&nbsp;특허분쟁을&nbsp;보다&nbsp;빠르게&nbsp;종식시키고,&nbsp;심판관련인의&nbsp;편의를&nbsp;높임으로써&nbsp;장기적으로&nbsp;산업경쟁력을&nbsp;높이는&nbsp;역할을&nbsp;할&nbsp;것으로&nbsp;기대된다&rdquo;고&nbsp;밝혔다. (2010.4.5, 특허청 홈페이지 보도자료)http://www.kipo.go.kr/kpo/user.tdf?a=user.news.press1.BoardApp&amp;board_id=press&amp;cp=2&amp;pg=1&amp;npp=10&amp;catmenu=m03_01_02&amp;sdate=&amp;edate=&amp;searchKey=&amp;searchVal=&amp;c=1003&amp;seq=9298",2010.04.12,이진필,422,"특허심판, 더 빠르고 더 편리하게",615,바이오멤스 기술활용 바이러스 진단시스템 특허,551
" ",2010.04.12,이진필,421,정부 출연(연) R&D투자 생산성 끌어 올린다,391,바이오멤스 기술활용 바이러스 진단시스템 특허,551
"-&nbsp;2010년&nbsp;4월&nbsp;1일&nbsp;수수료&nbsp;마일리지시스템&nbsp;본격&nbsp;개통&nbsp;-&nbsp;&nbsp;&nbsp;&nbsp;특허청(청장&nbsp;고정식)은&nbsp;개인발명가와&nbsp;중소기업의&nbsp;특허수수료&nbsp;부담&nbsp;경감을&nbsp;위해&nbsp;적립된&nbsp;마일리지로&nbsp;특허수수료&nbsp;등을&nbsp;납부할&nbsp;수&nbsp;있도록&nbsp;4월&nbsp;1일부터&nbsp;수수료마일리지&nbsp;시스템을&nbsp;본격&nbsp;개통한다고&nbsp;밝혔다.&nbsp; &nbsp;&nbsp;&nbsp;수수료마일리지&nbsp;시스템이란&nbsp;특허청에&nbsp;납부한&nbsp;특허료의&nbsp;일정비율을&nbsp;포인트로&nbsp;환산하여&nbsp;현금처럼&nbsp;사용할&nbsp;수&nbsp;있도록&nbsp;하는&nbsp;시스템을&nbsp;말한다.&nbsp;그동안&nbsp;민간부문에서는&nbsp;항공사나&nbsp;신용카드사&nbsp;등에&nbsp;마일리지시스템이&nbsp;보편화되어&nbsp;있었으나,&nbsp;공공부문에&nbsp;마일리지를&nbsp;도입하여&nbsp;이를&nbsp;수수료&nbsp;등으로&nbsp;직접&nbsp;사용하는&nbsp;것은&nbsp;특허청이&nbsp;처음이다. &nbsp; &nbsp;&nbsp;&nbsp;금번&nbsp;수수료&nbsp;마일리지&nbsp;시스템&nbsp;개통으로&nbsp;개인은&nbsp;특허출원료,&nbsp;설정등록료&nbsp;등&nbsp;납부금액의&nbsp;1%를,&nbsp;중소기업,&nbsp;공공연구기관&nbsp;등은&nbsp;0.5%를&nbsp;마일리지로&nbsp;적립&middot;사용할&nbsp;수&nbsp;있으며,&nbsp;이&nbsp;밖에도&nbsp;특허행정에&nbsp;관한&nbsp;제도개선&nbsp;제안을&nbsp;한&nbsp;경우&nbsp;1인당&nbsp;1회&nbsp;10,000&nbsp;포인트를&nbsp;얻을&nbsp;수&nbsp;있다. &nbsp;&nbsp;&nbsp;개인,&nbsp;중소기업&nbsp;또는&nbsp;대리인&nbsp;등은&nbsp;온라인&nbsp;특허출원&nbsp;전용사이트인&nbsp;&lsquo;특허路(www.patent.go.kr)&rsquo;를&nbsp;이용하여&nbsp;자신이&nbsp;적립한&nbsp;마일리지를&nbsp;확인할&nbsp;수&nbsp;있으며,&nbsp;이를&nbsp;사용하고자&nbsp;할&nbsp;경우에도&nbsp;별도의&nbsp;절차&nbsp;없이&nbsp;특허로&nbsp;이용시&nbsp;마일리지&nbsp;사용의사만&nbsp;표시하면&nbsp;간편하게&nbsp;사용할&nbsp;수&nbsp;있다.&nbsp;아울러&nbsp;특허수수료&nbsp;이외에도&nbsp;해외&nbsp;출원비용지원,&nbsp;시작품&nbsp;제작지원,&nbsp;특허기술평가&nbsp;지원&nbsp;등&nbsp;특허청의&nbsp;특허지원사업에도&nbsp;마일리지를&nbsp;활용할&nbsp;수&nbsp;있다. &nbsp;&nbsp; &nbsp;&nbsp;&nbsp;특허청&nbsp;정보기획국&nbsp;관계자는&nbsp;&ldquo;수수료&nbsp;마일리지&nbsp;시스템&nbsp;개통으로&nbsp;개인&nbsp;및&nbsp;중소기업&nbsp;등의&nbsp;특허수수료&nbsp;부담이&nbsp;일정부분&nbsp;줄어들&nbsp;수&nbsp;있을&nbsp;것으로&nbsp;기대하고&nbsp;있으며,&nbsp;앞으로도&nbsp;지속적으로&nbsp;마일리지&nbsp;시스템을&nbsp;보완해&nbsp;나가는&nbsp;등&nbsp;고객&nbsp;맞춤형&nbsp;서비스를&nbsp;확대해&nbsp;나가겠다.&rdquo;고&nbsp;밝혔다. (2010.4.2, 특허청 보도자료)http://www.kipo.go.kr/kpo/user.tdf?a=user.news.press1.BoardApp&amp;board_id=press&amp;cp=1&amp;pg=1&amp;npp=10&amp;catmenu=m03_01_02&amp;sdate=&amp;edate=&amp;searchKey=&amp;searchVal=&amp;c=1003&amp;seq=9291 ",2010.04.05,이진필,420,"특허수수료, 이젠 마일리지로 해결한다 !",408,바이오멤스 기술활용 바이러스 진단시스템 특허,551
"특허청(청장&nbsp;고정식)은&nbsp;기술성이&nbsp;우수한&nbsp;국유특허&nbsp;활용을&nbsp;촉진하기&nbsp;위하여&nbsp;등록&nbsp;이후&nbsp;3년&nbsp;이상&nbsp;사용되지&nbsp;않고&nbsp;있는&nbsp;국유특허를&nbsp;누구나&nbsp;3년간&nbsp;무상으로&nbsp;사용할&nbsp;수&nbsp;있도록&nbsp;「국유특허&nbsp;무상실시제도」를&nbsp;개정하였다.&nbsp;&nbsp;지금까지는&nbsp;1년간만&nbsp;무상으로&nbsp;국유특허를&nbsp;이용하도록&nbsp;하였으나,&nbsp;국유특허&nbsp;사용자가&nbsp;기술을&nbsp;이전받아&nbsp;상품화&nbsp;하는데&nbsp;기간이&nbsp;많이&nbsp;소요되므로&nbsp;무상사용&nbsp;기간이&nbsp;부족하여&nbsp;실질적으로&nbsp;큰&nbsp;도움이&nbsp;되지&nbsp;못한다는&nbsp;애로사항이&nbsp;있었다.&nbsp; &nbsp;특허청에서는&nbsp;이러한&nbsp;애로사항을&nbsp;반영하여&nbsp;1년간&nbsp;사용하는&nbsp;무상실시&nbsp;기간을&nbsp;3년으로&nbsp;연장하였으며&nbsp;이로&nbsp;인해&nbsp;국유특허&nbsp;사용자는&nbsp;장기간&nbsp;동안&nbsp;초기&nbsp;비용부담&nbsp;없이&nbsp;안정적으로&nbsp;제품을&nbsp;생산하며&nbsp;시장형성에&nbsp;전념할&nbsp;수&nbsp;있게&nbsp;된다.&nbsp; &nbsp;국유특허를&nbsp;무상으로&nbsp;잘만&nbsp;이용하면&nbsp;발명기관으로부터&nbsp;기술지원을&nbsp;받을&nbsp;수&nbsp;있고,&nbsp;기술개발&nbsp;투자에&nbsp;따른&nbsp;위험을&nbsp;줄일&nbsp;수&nbsp;있으며&nbsp;높은&nbsp;소득도&nbsp;올릴&nbsp;수&nbsp;있으므로&nbsp;3년간&nbsp;무상으로&nbsp;사용할&nbsp;수&nbsp;있는&nbsp;국유특허를&nbsp;적극&nbsp;활용해&nbsp;볼&nbsp;필요가&nbsp;있다. &nbsp;&nbsp; &nbsp;실례로&nbsp;A사의&nbsp;경우&nbsp;한&nbsp;번에&nbsp;배수구를&nbsp;형성하고&nbsp;파종과&nbsp;동시에&nbsp;비료를&nbsp;시비&nbsp;및&nbsp;복토&nbsp;진압할&nbsp;수&nbsp;있도록&nbsp;농촌진흥청이&nbsp;개발한&nbsp;「건답직파기」란&nbsp;미활용&nbsp;국유특허를&nbsp;사용하여&nbsp;1년에&nbsp;2억원&nbsp;이상의&nbsp;매출을&nbsp;올린&nbsp;경우도&nbsp;있다. &nbsp;국유특허는&nbsp;국가공무원이&nbsp;직무과정에서&nbsp;발명한&nbsp;것에&nbsp;대해&nbsp;그&nbsp;소유권을&nbsp;국가가&nbsp;승계하여&nbsp;국가명의로&nbsp;출원한&nbsp;특허를&nbsp;말하며,&nbsp;현재&nbsp;국유특허로&nbsp;등록된&nbsp;권리는&nbsp;총&nbsp;2,085건에&nbsp;달한다. &nbsp;이를&nbsp;발명기관별로&nbsp;살펴보면&nbsp;농촌진흥청&nbsp;1,124건(54%),&nbsp;국립산림과학원&nbsp;173건(8%),&nbsp;국립수산과학원&nbsp;163건(8%),&nbsp;국립수의과학검역원&nbsp;98건(5%),&nbsp;기술표준원&nbsp;82건(4%)&nbsp;및&nbsp;기타&nbsp;445건으로&nbsp;나타나고&nbsp;있다. &nbsp;국유특허를&nbsp;사용하기&nbsp;위해서는&nbsp;누구든지&nbsp;특허청&nbsp;홈페이지에서&nbsp;직접&nbsp;신청서를&nbsp;작성하거나,&nbsp;특허청&nbsp;산업재산진흥과&nbsp;국유특허&nbsp;담당자에게&nbsp;우편으로&nbsp;접수할&nbsp;수&nbsp;있고,&nbsp;자세한&nbsp;국유특허&nbsp;목록과&nbsp;신청방법은&nbsp;인터넷&nbsp;기술장터(www.ipmart.or.kr)내의&nbsp;국유특허코너와&nbsp;특허청&nbsp;홈페이지내(www.kipo.go.kr)의&nbsp;특허로(국유특허사용신청)에서&nbsp;확인할&nbsp;수&nbsp;있으며.&nbsp;기타&nbsp;상담은&nbsp;특허청&nbsp;산업재산진흥과(042-481-5172)로&nbsp;문의할&nbsp;수&nbsp;있다. (2010.3.30, 특허청 홈페이지 보도자료)http://www.kipo.go.kr/kpo/user.tdf?a=user.news.press1.BoardApp&amp;board_id=press&amp;cp=1&amp;pg=1&amp;npp=10&amp;catmenu=m03_01_02&amp;sdate=&amp;edate=&amp;searchKey=&amp;searchVal=&amp;c=1003&amp;seq=9281",2010.04.01,이진필,419,국유특허! 잘만 사용하면 돈이 보인다. -‘돈’되는 알짜배기 국유특허 3년간 무상 이용 가능-,418,바이오멤스 기술활용 바이러스 진단시스템 특허,551
"-&nbsp;제1차&nbsp;총회&nbsp;개최하여&nbsp;협의회의&nbsp;조직&nbsp;및&nbsp;운영&nbsp;방향&nbsp;확정&nbsp;- -&nbsp;&lsquo;R&amp;D&nbsp;IP&nbsp;협의회&nbsp;사무국&rsquo;&nbsp;개소&nbsp;및&nbsp;현판식&nbsp;개최&nbsp;- 특허청(청장&nbsp;고정식)은&nbsp;25일&nbsp;대전시&nbsp;유성구&nbsp;소재&nbsp;한국연구재단에서&nbsp;&lsquo;R&amp;D&nbsp;IP&nbsp;협의회&nbsp;제1차&nbsp;총회&rsquo;를&nbsp;개최하고&nbsp;대학과&nbsp;출연(연)의&nbsp;R&amp;D&nbsp;성과&nbsp;확산과&nbsp;지식재산&nbsp;경쟁력&nbsp;향상을&nbsp;위한&nbsp;본격적인&nbsp;활동에&nbsp;들어간다고&nbsp;밝혔다. R&amp;D&nbsp;IP&nbsp;협의회는&nbsp;공공부문&nbsp;특허관리&nbsp;책임자들로&nbsp;구성된&nbsp;협의체로,&nbsp;현재&nbsp;전국&nbsp;71개&nbsp;대학ㆍ출연(연)이&nbsp;회원으로&nbsp;참여하고&nbsp;있다. 동&nbsp;협의회는&nbsp;공공부문&nbsp;TLO(기술이전&nbsp;전담조직)간&nbsp;연계활동을&nbsp;통해&nbsp;연구개발&nbsp;성과물의&nbsp;사업화&nbsp;촉진과&nbsp;R&amp;D&nbsp;성과&nbsp;제고를&nbsp;위한&nbsp;지식재산&nbsp;사업화&nbsp;협력&nbsp;네트워크를&nbsp;구축할&nbsp;계획이다. 25일&nbsp;열리는&nbsp;제1차&nbsp;총회에서는&nbsp;협의회&nbsp;운영을&nbsp;위한&nbsp;회칙&nbsp;제정,&nbsp;운영위원&nbsp;선임&nbsp;등&nbsp;구체적&nbsp;사항을&nbsp;정하고,&nbsp;&lsquo;R&amp;D&nbsp;성과의&nbsp;전략적&nbsp;창출&middot;보호&middot;활용&nbsp;방향&rsquo;에&nbsp;대한&nbsp;세미나를&nbsp;개최한다. &nbsp;또한,&nbsp;이날&nbsp;행사에서는『R&amp;D&nbsp;IP&nbsp;협의회&nbsp;사무국』개소를&nbsp;알리는&nbsp;현판식이&nbsp;있을&nbsp;예정이다.&nbsp;R&amp;D&nbsp;IP&nbsp;협의회&nbsp;사무국은&nbsp;한국연구재단&nbsp;본관&nbsp;4층에&nbsp;두고,&nbsp;특허청(R&amp;D&nbsp;특허센터)과&nbsp;교과부(한국연구재단)가&nbsp;공동으로&nbsp;운영하게&nbsp;된다. 김기범&nbsp;특허청&nbsp;산업재산진흥과장은&nbsp;&ldquo;국내&nbsp;대학이나&nbsp;출연(연)이&nbsp;특허를&nbsp;기반으로&nbsp;한&nbsp;수익창출의&nbsp;주체로&nbsp;탈바꿈할&nbsp;수&nbsp;있도록&nbsp;정부에서도&nbsp;R&amp;D&nbsp;IP&nbsp;협의회&nbsp;활동을&nbsp;적극&nbsp;지원할&nbsp;계획&rdquo;이라고&nbsp;밝혔다. 앞으로&nbsp;특허청과&nbsp;교과부는&nbsp;&#65378;R&amp;D&nbsp;IP&nbsp;협의회&#65379;와&nbsp;협력하여&nbsp;▲지재권&nbsp;중심의&nbsp;기술획득&nbsp;전략의&nbsp;확산&nbsp;▲산업적&nbsp;가치가&nbsp;큰&nbsp;연구성과&nbsp;창출을&nbsp;위한&nbsp;연구기획&nbsp;▲연구성과&nbsp;발굴&middot;매핑&nbsp;▲권리범위가&nbsp;강한&nbsp;특허&nbsp;설계&nbsp;▲유사기술&nbsp;패키징&nbsp;및&nbsp;권리화&nbsp;컨설팅&nbsp;▲창의자본&nbsp;연계사업&nbsp;추진&nbsp;등과&nbsp;관련된&nbsp;사업을&nbsp;공동으로&nbsp;발굴하고&nbsp;수행할&nbsp;예정이다. (2010.3.25, 특허청 홈페이지 보도자료)http://www.kipo.go.kr/kpo/user.tdf?a=user.news.press1.BoardApp&amp;board_id=press&amp;cp=1&amp;pg=1&amp;npp=10&amp;catmenu=m03_01_02&amp;sdate=&amp;edate=&amp;searchKey=&amp;searchVal=&amp;c=1003&amp;seq=9272 ",2010.03.25,이진필,418,71개 대학·출연(연)이 참여한『R&D IP 협의회』본격 가동,417,바이오멤스 기술활용 바이러스 진단시스템 특허,551
"LIG손보 '지재권소송보험' 최대 5억원 보상이제는 골치 아픈 '특허분쟁'도 보험으로 해결할 수 있게 됐다.LIG손해보험(회장 구자준)은 17일 특허청&middot;한국지식재산보호협회와 '지식재산권 소송보험 지원사업 업무 조인식'을 갖고, 국내 최초로 '지식재산권소송보험' 판매에 나섰다고 밝혔다. '지식재산권소송보험'은 중소기업이 지식재산권 분쟁에 처할 경우 이에 수반되는 법률비용을 보상해주는 보험이다.(후략) (2010.3.17, 경제투데이)http://www.eto.co.kr/?Code=20100317120230217&amp;ts=114344",2010.03.22,이진필,417,특허분쟁' 이젠 보험으로 해결,415,바이오멤스 기술활용 바이러스 진단시스템 특허,551
"-&nbsp;특허청,&nbsp;8개&nbsp;광역지자체&nbsp;대상&nbsp;&lsquo;찾아가는&nbsp;설명회&rsquo;&nbsp;개최&nbsp;-&nbsp;&nbsp;&nbsp;특허청이&nbsp;국내&nbsp;지역특산품의&nbsp;해외&nbsp;브랜드&nbsp;권리화&nbsp;확보&nbsp;지원에&nbsp;나섰다. &nbsp;&nbsp;특허청(청장&nbsp;고정식)은&nbsp;오는&nbsp;23일&nbsp;대구를&nbsp;시작으로&nbsp;5월까지&nbsp;전국&nbsp;8개&nbsp;광역권에서&nbsp;지역특산품&nbsp;생산자단체&nbsp;및&nbsp;지자체&nbsp;공무원&nbsp;등을&nbsp;대상으로&nbsp;지역특산품&nbsp;브랜드의&nbsp;해외권리&nbsp;확보방안&nbsp;주제의&nbsp;설명회를&nbsp;개최한다고&nbsp;18일&nbsp;밝혔다. &nbsp;&nbsp;현재&nbsp;지역특산품&nbsp;생산자&nbsp;단체나&nbsp;지자체&nbsp;등은&nbsp;지역특산품에&nbsp;대한&nbsp;브랜드&nbsp;관리에&nbsp;대한&nbsp;낮은&nbsp;인식으로&nbsp;해외&nbsp;출원은&nbsp;염두에&nbsp;두지&nbsp;못하고&nbsp;있다. &nbsp;국내에&nbsp;등록한&nbsp;117건의&nbsp;지리적&nbsp;표시&nbsp;중&nbsp;해외에&nbsp;상표를&nbsp;출원하여&nbsp;권리를&nbsp;확보한&nbsp;지역특산품&nbsp;브랜드는&nbsp;&lsquo;이천쌀&rsquo;과&nbsp;&lsquo;순창고추장&rsquo;&nbsp;2건에&nbsp;불과한&nbsp;실정이다. &nbsp;이&nbsp;때문에&nbsp;상표권&nbsp;분쟁&nbsp;발생&nbsp;소지가&nbsp;커지고&nbsp;있으며&nbsp;순창고추장의&nbsp;경우&nbsp;미국&nbsp;현지업체에게&nbsp;상표권을&nbsp;선점당하여&nbsp;20억원&nbsp;이상의&nbsp;소송비를&nbsp;지출한&nbsp;바&nbsp;있고,&nbsp;포천&nbsp;일동막걸리도&nbsp;상표권을&nbsp;둘러싼&nbsp;논란이&nbsp;빚었다. &nbsp;&nbsp;이번&nbsp;설명회에서&nbsp;특허청은&nbsp;해외&nbsp;권리화&nbsp;방안뿐만&nbsp;아니라&nbsp;해외에서&nbsp;법적&nbsp;분쟁에&nbsp;대응하는&nbsp;방법&nbsp;등을&nbsp;제시할&nbsp;예정이다.&nbsp; &nbsp;&nbsp;아울러&nbsp;▲&nbsp;국내&nbsp;등록된&nbsp;지리적&nbsp;표시&nbsp;단체표장의&nbsp;해외권리화&nbsp;출원비용지원&nbsp;▲&nbsp;국내에서&nbsp;권리화가&nbsp;필요한&nbsp;품목에&nbsp;대한&nbsp;브랜드&nbsp;개발&nbsp;및&nbsp;권리화&nbsp;지원&nbsp;▲&nbsp;브랜드&nbsp;홍보마케팅&nbsp;지원&nbsp;등&nbsp;지원사업에&nbsp;대해서도&nbsp;공유할&nbsp;예정이다. &nbsp;&nbsp;한편,&nbsp;특허청은&nbsp;지난&nbsp;2월에는&nbsp;한국식품연구원과&nbsp;해외&nbsp;출원전략&nbsp;등을&nbsp;주제로&nbsp;공동세미나를&nbsp;개최하고&nbsp;지자체&nbsp;간부급&nbsp;공무원&nbsp;대상&nbsp;교육과정에&nbsp;지재권&nbsp;교과목을&nbsp;편성하여&nbsp;추진하기로&nbsp;행자부와&nbsp;협의하는&nbsp;등&nbsp;지역&nbsp;특산품의&nbsp;브랜드관리&nbsp;지원에&nbsp;적극&nbsp;나서고&nbsp;있다. &nbsp;&nbsp;진명섭&nbsp;상표심사정책과장은&nbsp;&ldquo;지역특산품&nbsp;브랜드인&nbsp;지리적&nbsp;표시&nbsp;단체표장&nbsp;제도가&nbsp;더욱&nbsp;활성화될&nbsp;경우&nbsp;우리나라&nbsp;고유의&nbsp;특성과&nbsp;장점을&nbsp;갖춘&nbsp;한국적&nbsp;지역특산품의&nbsp;개발이&nbsp;촉진되고&nbsp;생산자의&nbsp;소득증대와&nbsp;지역경제의&nbsp;발전은&nbsp;물론&nbsp;새로운&nbsp;수출&nbsp;활로를&nbsp;개척하는&nbsp;효과도&nbsp;가져올&nbsp;것이다&rdquo;고&nbsp;말했다. (2010.3.22, 특허청 홈페이지 보도자료)http://www.kipo.go.kr/kpo/user.tdf?a=user.news.press1.BoardApp&amp;board_id=press&amp;cp=1&amp;pg=1&amp;npp=10&amp;catmenu=m03_01_02&amp;sdate=&amp;edate=&amp;searchKey=&amp;searchVal=&amp;c=1003&amp;seq=9266 ",2010.03.22,이진필,416,"지역특산품 브랜드, 해외권리화 적극 지원",457,바이오멤스 기술활용 바이러스 진단시스템 특허,551
"미래&nbsp;한국을&nbsp;이끌어갈&nbsp;창의적인&nbsp;발명인재를&nbsp;발굴&middot;육성하기&nbsp;위해&nbsp;특허청(청장&nbsp;고정식)이&nbsp;2010년도&nbsp;대한민국학생발명전시회를&nbsp;개최한다. 학생발명전시회는&nbsp;초&middot;중&middot;고&nbsp;학생들이&nbsp;생활속의&nbsp;발명아이디어를&nbsp;개선&nbsp;하고&nbsp;발전시켜&nbsp;구체적인&nbsp;발명품으로&nbsp;제작하여&nbsp;전시하는&nbsp;전국&nbsp;최대&nbsp;규모의&nbsp;발명대회이다. 올해&nbsp;23회를&nbsp;맞은&nbsp;동&nbsp;대회는&nbsp;참여하는&nbsp;학생들이&nbsp;자신만의&nbsp;독특한&nbsp;발명품을&nbsp;제작하는&nbsp;과정을&nbsp;통해&nbsp;미래&nbsp;사회가&nbsp;요구하는&nbsp;창의성,&nbsp;문제해결력&nbsp;등을&nbsp;기르고&nbsp;성취감을&nbsp;맛보게&nbsp;하는데&nbsp;목적이&nbsp;있다. 금년에는&nbsp;사전에&nbsp;학생과&nbsp;지도교사를&nbsp;위한&nbsp;대회&nbsp;가이드북을&nbsp;제공하여&nbsp;보다&nbsp;많은&nbsp;학생들이&nbsp;손쉽게&nbsp;대회에&nbsp;참여할&nbsp;수&nbsp;있도록&nbsp;하였다.&nbsp;아울러&nbsp;전시&nbsp;기간을&nbsp;기존&nbsp;5일에서&nbsp;10일로&nbsp;확대하고,&nbsp;발명교육&nbsp;체험관을&nbsp;운영하는&nbsp;등&nbsp;대회&nbsp;참여&nbsp;자체가&nbsp;발명&middot;창의성&nbsp;교육의&nbsp;장(場)이&nbsp;되도록&nbsp;하였다.&nbsp;특히,&nbsp;가정&nbsp;형편이&nbsp;어려운&nbsp;학생들의&nbsp;발명활동을&nbsp;촉진하기&nbsp;위하여&nbsp;기초생활수급자나&nbsp;차상위&nbsp;계층&nbsp;학생들에&nbsp;대한&nbsp;가산점(총점의&nbsp;10점)&nbsp;제도도&nbsp;도입하였다.&nbsp; 대회&nbsp;참여를&nbsp;원하는&nbsp;학생들은&nbsp;접수기간(3월15일&nbsp;-&nbsp;4월15일)&nbsp;안에&nbsp;발명아이디어를&nbsp;홈페이지(www.kipa.org)에&nbsp;접수하여야&nbsp;한다.&nbsp;서류심사&nbsp;및&nbsp;선행기술조사를&nbsp;통과한&nbsp;학생들에게&nbsp;전시회에&nbsp;출품한&nbsp;작품을&nbsp;제작할&nbsp;기회가&nbsp;주어지며,&nbsp;작품&nbsp;심사를&nbsp;통해&nbsp;수상&nbsp;작품을&nbsp;선정하게&nbsp;된다. 시상내역은&nbsp;▲대통령상(1명)&nbsp;▲국무총리상(1명)&nbsp;▲특별상(WIPO사무총장&nbsp;1명)&nbsp;▲금상(14명)&nbsp;▲은상(26명)&nbsp;▲동상(50명)&nbsp;▲장려상(100명)&nbsp;등이며,&nbsp;장려상&nbsp;이상을&nbsp;수상한&nbsp;학생에게는&nbsp;발명캠프도&nbsp;제공할&nbsp;예정이다. 대회와&nbsp;관련된&nbsp;자세한&nbsp;내용은&nbsp;홈페이지를(www.kipa.org)&nbsp;통하여&nbsp;알&nbsp;수&nbsp;있으며,&nbsp;대회를&nbsp;주관하는&nbsp;한국발명진흥회(02-3459-2752)로&nbsp;문의하면&nbsp;된다. (2010.3.16, 특허청 홈페이지 보도자료)http://www.kipo.go.kr/kpo/user.tdf?a=user.news.press1.BoardApp&amp;board_id=press&amp;cp=1&amp;pg=1&amp;npp=10&amp;catmenu=m03_01_02&amp;sdate=&amp;edate=&amp;searchKey=&amp;searchVal=&amp;c=1003&amp;seq=9261 ",2010.03.22,이진필,415,「2010년 대한민국학생발명전시회」 개최,544,바이오멤스 기술활용 바이러스 진단시스템 특허,551
"-&nbsp;특허청,&nbsp;「IP&nbsp;Wisemen&nbsp;Committee」발족&nbsp;-&nbsp; □&nbsp;우리&nbsp;기업의&nbsp;원천특허&nbsp;확보를&nbsp;지원하기&nbsp;위하여&nbsp;미래&nbsp;시장에&nbsp;대한&nbsp;통찰력을&nbsp;갖춘&nbsp;산업계&nbsp;前,&nbsp;現職&nbsp;CTO&nbsp;15명이&nbsp;발&nbsp;벗고&nbsp;나섰다. &nbsp;o&nbsp;특허청은&nbsp;이들로&nbsp;구성된「IP&nbsp;Wisemen&nbsp;Committee」를&nbsp;발족하여&nbsp;5~10년&nbsp;뒤&nbsp;미래&nbsp;시장을&nbsp;주도할&nbsp;미래&nbsp;핵심기술을&nbsp;발굴하여&nbsp;기업에&nbsp;제공할&nbsp;예정이다. &nbsp;o&nbsp;동&nbsp;위원회는&nbsp;3.9(화)&nbsp;1차&nbsp;포럼을&nbsp;개최하고,&nbsp;위원회&nbsp;세부&nbsp;운영방안&nbsp;등&nbsp;구체적인&nbsp;Action&nbsp;Plan을&nbsp;마련했다. □&nbsp;우리나라의&nbsp;R&amp;D&nbsp;투자액은&nbsp;'08년&nbsp;34조원으로&nbsp;GDP&nbsp;대비&nbsp;세계&nbsp;4위,&nbsp;특허출원&nbsp;세계&nbsp;4위&nbsp;등&nbsp;양적인&nbsp;면에서는&nbsp;큰&nbsp;성장을&nbsp;이루었으나,&nbsp;질적&nbsp;성장이&nbsp;가능한&nbsp;&lsquo;강한&nbsp;지재권&rsquo;&nbsp;창출&nbsp;및&nbsp;확보는&nbsp;미흡하였다. &nbsp;&nbsp;*&nbsp;기술무역&nbsp;적자폭&nbsp;지속적&nbsp;확대&nbsp;:&nbsp;('02)&nbsp;21억&nbsp;달러&nbsp;&rarr;&nbsp;('08)&nbsp;31억&nbsp;달러 &nbsp;o&nbsp;이는&nbsp;기업들이&nbsp;이미&nbsp;시장이&nbsp;형성되고,&nbsp;R&amp;D가&nbsp;활발하게&nbsp;이루어지는&nbsp;기술분야&nbsp;위주로&nbsp;R&amp;D&nbsp;투자를&nbsp;했기&nbsp;때문이다. &nbsp;o&nbsp;따라서,&nbsp;원천특허&nbsp;획득이&nbsp;가능한&nbsp;기술분야에&nbsp;기업의&nbsp;전략적&nbsp;투자를&nbsp;유도하기&nbsp;위하여&nbsp;금번에&nbsp;「IP&nbsp;Wisemen&nbsp;Committee」를&nbsp;발족하게&nbsp;되었다. □&nbsp;동&nbsp;위원회에는&nbsp;여종기&nbsp;前&nbsp;LG화학&nbsp;사장,&nbsp;임형규&nbsp;삼성전자&nbsp;사장,&nbsp;이민화&nbsp;前&nbsp;메디슨&nbsp;회장&nbsp;등&nbsp;前,&nbsp;現職&nbsp;CTO&nbsp;15명이&nbsp;위원으로&nbsp;참여하고&nbsp;있으며, &nbsp;o&nbsp;위원회&nbsp;지원조직으로,&nbsp;특허청&nbsp;심사관과&nbsp;&lsquo;R&amp;D&nbsp;특허센터&rsquo;의&nbsp;전담인력으로&nbsp;구성된&nbsp;「연구회」를&nbsp;두고,&nbsp;위원회에서&nbsp;도출된&nbsp;과제에&nbsp;대한&nbsp;보강자료를&nbsp;마련하는&nbsp;등&nbsp;위원회&nbsp;활동을&nbsp;지원할&nbsp;예정이다. □&nbsp;「IP&nbsp;Wisemen&nbsp;Committee」는&nbsp;「연구회」의&nbsp;분석&nbsp;결과&nbsp;및&nbsp;위원들의&nbsp;미래에&nbsp;대한&nbsp;혜안과&nbsp;통찰력을&nbsp;바탕으로&nbsp;향후&nbsp;미래&nbsp;시장을&nbsp;주도할&nbsp;미래&nbsp;핵심&nbsp;R&amp;D과제를&nbsp;반기별로&nbsp;도출하여,&nbsp;포럼을&nbsp;통해&nbsp;발표할&nbsp;예정이다. &nbsp;o&nbsp;또한&nbsp;,&nbsp;특허청&nbsp;IP-R&amp;D연계&nbsp;정책에&nbsp;대한&nbsp;중장기&nbsp;비전&nbsp;및&nbsp;실행전략&nbsp;수립&nbsp;지원&nbsp;등&nbsp;Advisory&nbsp;Committee로서의&nbsp;역할도&nbsp;수행할&nbsp;계획이다. □&nbsp;임형규&nbsp;IP&nbsp;Wisemen&nbsp;Committee위원장(삼성전자&nbsp;사장)은&nbsp;전날&nbsp;제1차&nbsp;포럼에서&nbsp;&ldquo;지속적으로&nbsp;유망기술을&nbsp;발굴해&nbsp;우리&nbsp;기업의&nbsp;원천특허&nbsp;확보를&nbsp;적극&nbsp;지원함으로써&nbsp;우리나라&nbsp;기술무역수지가&nbsp;흑자로&nbsp;돌아설&nbsp;수&nbsp;있도록&nbsp;노력하겠다&rdquo;라고&nbsp;밝혔으며, □&nbsp;고정식&nbsp;특허청장은&nbsp;&ldquo;IP&nbsp;Wisemen의&nbsp;경험과&nbsp;지식은&nbsp;우리&nbsp;기업들의&nbsp;경쟁력&nbsp;강화에&nbsp;기여하고,&nbsp;더&nbsp;나아가&nbsp;우리나라&nbsp;&lsquo;지식&nbsp;기부&rsquo;의&nbsp;새로운&nbsp;모델을&nbsp;정립할&nbsp;수&nbsp;있는&nbsp;기회가&nbsp;될&nbsp;것이다&rdquo;라고&nbsp;전했다. □&nbsp;특허청은&nbsp;위원회에서&nbsp;발굴된&nbsp;미래&nbsp;핵심&nbsp;R&amp;D&nbsp;과제를&nbsp;수행하려는&nbsp;기업에게는&nbsp;IP-R&amp;D&nbsp;연계사업을&nbsp;통해&nbsp;원천특허&nbsp;확보를&nbsp;위한&nbsp;구체적인&nbsp;실천전략을&nbsp;추가로&nbsp;마련하여,&nbsp;기업의&nbsp;원천특허&nbsp;확보를&nbsp;지속적으로&nbsp;지원해&nbsp;갈&nbsp;계획이다.(2010.3.10, 특허청 홈페이지 보도자료)http://www.kipo.go.kr/kpo/user.tdf?a=user.news.press1.BoardApp&amp;board_id=press&amp;cp=1&amp;pg=1&amp;npp=10&amp;catmenu=m03_01_02&amp;sdate=&amp;edate=&amp;searchKey=&amp;searchVal=&amp;c=1003&amp;seq=9256 ",2010.03.11,이진필,414,원천특허 확보 가능한 기술을 찾아 드립니다,572,바이오멤스 기술활용 바이러스 진단시스템 특허,551
"-&nbsp;IT&middot;BT&middot;NT&middot;융합&nbsp;분야&nbsp;국가R&amp;D사업단에&nbsp;특허전략전문가&nbsp;파견&nbsp;개시- □&nbsp;특허청(청장&nbsp;고정식)에서는&nbsp;오늘&nbsp;(3.10)&nbsp;한국과학기술회관에서&nbsp;서울대,&nbsp;연세대,&nbsp;원자력기술원&nbsp;등&nbsp;중대형&nbsp;국가R&amp;D사업단의&nbsp;단장&nbsp;및&nbsp;관계자,&nbsp;특허전략전문가,&nbsp;특허정보분석기관&nbsp;등&nbsp;100여명이&nbsp;한자리에&nbsp;모여&nbsp;국가R&amp;D특허전략전문가파견사업&nbsp;출범식을&nbsp;갖는다고&nbsp;밝혔다. &nbsp;ㅇ&nbsp;올해&nbsp;이&nbsp;사업의&nbsp;지원을&nbsp;받게&nbsp;되는&nbsp;국가R&amp;D사업단은&nbsp;연간&nbsp;연구비가&nbsp;10억원&nbsp;이상이고&nbsp;연구기간이&nbsp;3년이상인&nbsp;중대형&nbsp;국가R&amp;D사업단으로서,&nbsp;주로&nbsp;BT&middot;NT&nbsp;기술분야의&nbsp;총&nbsp;10개&nbsp;사업단이&nbsp;선정되었다. &nbsp;&nbsp;&nbsp;-&nbsp;선정된&nbsp;사업단에&nbsp;대해서는&nbsp;R&amp;D특허센터(소장&nbsp;박종효)의&nbsp;특허전략전문가가&nbsp;1년간&nbsp;파견되어&nbsp;IP중심의&nbsp;R&amp;D&nbsp;연계전략을&nbsp;통한&nbsp;특허포트폴리오&nbsp;구축을&nbsp;지원할&nbsp;예정이다. &nbsp;ㅇ&nbsp;출범식에서는「국가R&amp;D특허전략전문가파견사업」의&nbsp;&lsquo;09년&nbsp;우수사례&nbsp;및&nbsp;&rsquo;10년도&nbsp;사업단별&nbsp;IP-R&amp;D&nbsp;추진전략을&nbsp;공유할&nbsp;예정이다. &nbsp;ㅇ&nbsp;이날&nbsp;워크숍과&nbsp;관련하여&nbsp;김영민&nbsp;특허청&nbsp;산업재산정책&nbsp;국장은,&nbsp; &nbsp;&nbsp;&nbsp;-&nbsp;&ldquo;국가R&amp;D성과는&nbsp;체계적&middot;전략적인&nbsp;IP-R&amp;D&nbsp;전략의&nbsp;활용&nbsp;여부에&nbsp;의해&nbsp;크게&nbsp;좌우되므로,&nbsp;성과향상을&nbsp;위해서는&nbsp;지식재산을&nbsp;전략적으로&nbsp;분석,&nbsp;R&amp;D에&nbsp;접목함으로써&nbsp;강한&nbsp;특허를&nbsp;창출할&nbsp;수&nbsp;있도록&nbsp;하는&nbsp;것이&nbsp;중요하다&rdquo;고&nbsp;강조하고&nbsp;정부의&nbsp;강력한&nbsp;지원의지를&nbsp;거듭&nbsp;밝혔다. □&nbsp;특허청은&nbsp;이&nbsp;사업을&nbsp;통하여&nbsp;해당사업단의&nbsp;연구실의&nbsp;R&amp;D와&nbsp;특허현황을&nbsp;분석하여&nbsp;기출원특허를&nbsp;보강하고&nbsp;신규특허를&nbsp;창출하기&nbsp;위한&nbsp;IP-R&amp;D&nbsp;연계전략&nbsp;수립을&nbsp;지원할&nbsp;계획이며, &nbsp;ㅇ&nbsp;이후에는&nbsp;R&amp;D성과&nbsp;활용&nbsp;강화를&nbsp;위한&nbsp;기술이전&nbsp;전략까지&nbsp;연계함으로써&nbsp;창출된&nbsp;우수특허의&nbsp;경제적&nbsp;파급효과를&nbsp;높이는데&nbsp;기여하게&nbsp;된다. □&nbsp;&rsquo;09년에도&nbsp;9개&nbsp;국가R&amp;D사업단을&nbsp;지원하여,&nbsp;총&nbsp;293개의&nbsp;IP-R&amp;D&nbsp;&nbsp;연계전략을&nbsp;도출(사업단별&nbsp;평균&nbsp;30개)한&nbsp;바&nbsp;있으며,&nbsp; &nbsp;ㅇ&nbsp;해당사업단의&nbsp;특허생산성을&nbsp;높이는&nbsp;동시에&nbsp;기술이전&nbsp;등&nbsp;성과확산에&nbsp;크게&nbsp;기여하여&nbsp;국가R&amp;D사업단으로부터&nbsp;큰&nbsp;호응을&nbsp;받은&nbsp;바&nbsp;있다. &nbsp;&lt;주요사례&gt; &nbsp;ㅇ&nbsp;지난해&nbsp;한국수력원자력(사장&nbsp;김종신)에서&nbsp;수주한&nbsp;UAE&nbsp;원전의&nbsp;후속&nbsp;신형원전기술인&nbsp;APR+&nbsp;기술개발&nbsp;사업에&nbsp;특허전략전문가(장기석)를&nbsp;파견하여&nbsp;지재권&nbsp;중심의&nbsp;R&amp;D&nbsp;연계전략을&nbsp;수립한&nbsp;바&nbsp;있다. &nbsp;&nbsp;&nbsp;-&nbsp;이를&nbsp;통하여,&nbsp;&ldquo;APR+기술&rdquo;분야의&nbsp;핵심&middot;원천특허를&nbsp;포함한&nbsp;강한&nbsp;&nbsp;특허포트폴리오를&nbsp;구축할&nbsp;수&nbsp;있게&nbsp;되었다. &nbsp;&nbsp;&nbsp;-&nbsp;그&nbsp;결과&nbsp;향후&nbsp;이&nbsp;기술의&nbsp;해외진출시에는&nbsp;로얄티&nbsp;지출없이&nbsp;수출이&nbsp;가능할&nbsp;것으로&nbsp;기대된다.(신규특허출원&nbsp;12건&nbsp;등&nbsp;총&nbsp;30건의&nbsp;특허&nbsp;전략&nbsp;수립) &nbsp;ㅇ&nbsp;경상대의&nbsp;국가R&amp;D사업단(에너지저장&nbsp;및&nbsp;변환기술센터)에&nbsp;파견된&nbsp;특허전략전문가(오윤택)는&nbsp;&ldquo;반도체용&nbsp;실리콘&nbsp;웨이퍼&rdquo;&nbsp;관련&nbsp;기술에&nbsp;대한&nbsp;특허보강전략&nbsp;수립&nbsp;및&nbsp;PCT&nbsp;출원을&nbsp;통하여&nbsp;&ldquo;강한&nbsp;특허&rdquo;창출을&nbsp;주도하고,&nbsp;이를&nbsp;넥스콘테크놀러지(주)에&nbsp;성공적으로&nbsp;기술이전하였다. &nbsp;&nbsp;&nbsp;-&nbsp;특히,&nbsp;해당기업은&nbsp;기술이전&nbsp;받은&nbsp;특허를&nbsp;중심으로&nbsp;경상대와&nbsp;&ldquo;에너지기술산학공동연구소&rdquo;까지&nbsp;설립하는&nbsp;등,&nbsp;국가R&amp;D&nbsp;성과의&nbsp;산업계&nbsp;확산에&nbsp;있어&nbsp;특허전략전문가가&nbsp;결정적인&nbsp;역할을&nbsp;하고&nbsp;있다.(2010.3.10, 특허청 홈페이지 보도자료)http://www.kipo.go.kr/kpo/user.tdf?a=user.news.press1.BoardApp&amp;board_id=press&amp;cp=1&amp;pg=1&amp;npp=10&amp;catmenu=m03_01_02&amp;sdate=&amp;edate=&amp;searchKey=&amp;searchVal=&amp;c=1003&amp;seq=9254 ",2010.03.10,이진필,413,"“ 특허청, 중대형 국가R&D 특허전략 업그레이드 ! ”",539,바이오멤스 기술활용 바이러스 진단시스템 특허,551
"횡성 토종복분자가 인기를 얻고 있는 가운데 복분자를 이용해 식초를 만드는 비법이 특허청에 등록됐다.횡성군농업기술센터는 복분자를 원료로 제조하는 복분자 식초 제종방법을 특허청에 등록, 지적 재산권을 확보했다고 28일 밝혔다.(후략) (2010.3.1, 강원일보)http://www.kwnews.co.kr/view.asp?aid=210022800145&amp;s=501",2010.03.08,이진필,412,횡성 토종 복분자 식초 제조법 특허청 등록,592,바이오멤스 기술활용 바이러스 진단시스템 특허,551
"-&nbsp;특허청「One-Stop&nbsp;민원&nbsp;도우미&nbsp;제도」실시&nbsp;-&nbsp;&nbsp;&nbsp;특허청(청장&nbsp;고정식)은&nbsp;온라인&nbsp;민원접수&nbsp;창구인&nbsp;국민신문고를&nbsp;통해&nbsp;제기되는&nbsp;민원신청의&nbsp;불편함을&nbsp;획기적으로&nbsp;줄이기&nbsp;위해&nbsp;정부&nbsp;부처&nbsp;최초로&nbsp;「One-Stop&nbsp;민원&nbsp;도우미&nbsp;제도」를&nbsp;본격&nbsp;시행한다고&nbsp;8일&nbsp;밝혔다.&nbsp;&nbsp;&nbsp;&nbsp;이&nbsp;제도는&nbsp;민원인이&nbsp;국민신문고에&nbsp;특허청&nbsp;관련&nbsp;민원을&nbsp;제기할&nbsp;경우&nbsp;민원&nbsp;답변&nbsp;이전에&nbsp;특허청&nbsp;민원업무&nbsp;직원(엔젤도우미)의&nbsp;전화상담(엔젤콜)을&nbsp;받을&nbsp;수&nbsp;있으며,&nbsp;이때&nbsp;정확한&nbsp;민원내용&nbsp;설명과&nbsp;함께&nbsp;추가로&nbsp;질문을&nbsp;전달할&nbsp;수&nbsp;있다.&nbsp;그뿐&nbsp;아니라&nbsp;민원답변&nbsp;후&nbsp;불만이&nbsp;있거나&nbsp;추가&nbsp;문의사항이&nbsp;있다면&nbsp;해당&nbsp;업무&nbsp;담당자(행복도우미)가&nbsp;제공하는&nbsp;전화상담(해피콜)을&nbsp;통해&nbsp;미흡한&nbsp;부분에&nbsp;대해서도&nbsp;보충답변을&nbsp;들을&nbsp;수&nbsp;있도록&nbsp;하였다.&nbsp;&nbsp;&nbsp;앞으로,&nbsp;민원인들은&nbsp;이&nbsp;제도를&nbsp;통해&nbsp;국민신문고로&nbsp;신청하는&nbsp;매년&nbsp;1천여&nbsp;건&nbsp;이상의&nbsp;민원에&nbsp;대해&nbsp;사전&nbsp;전화상담은&nbsp;물론,&nbsp;답변사항에&nbsp;대해&nbsp;불만이&nbsp;있는&nbsp;경우에는&nbsp;추가적인&nbsp;답변을&nbsp;들을&nbsp;수&nbsp;있어&nbsp;불만이&nbsp;크게&nbsp;해소될&nbsp;것으로&nbsp;예측된다.(후략) (2010.3.8, 특허청 홈페이지 보도자료)http://www.kipo.go.kr/kpo/user.tdf?a=user.news.press1.BoardApp&amp;board_id=press&amp;cp=1&amp;pg=1&amp;npp=10&amp;catmenu=m03_01_02&amp;sdate=&amp;edate=&amp;searchKey=&amp;searchVal=&amp;c=1003&amp;seq=9252&nbsp; ",2010.03.08,이진필,411,"특허청, 한 번의 민원신청으로 모든 궁금증 해결!",343,바이오멤스 기술활용 바이러스 진단시스템 특허,551
"-&nbsp;특허청,&nbsp;「경기북부&nbsp;지식재산센터」설립,&nbsp;운영&nbsp;들어가&nbsp;-&nbsp;&nbsp;&nbsp;경기북부&nbsp;중소기업&nbsp;지식재산권&nbsp;창출&nbsp;및&nbsp;활용&nbsp;강화를&nbsp;위해&nbsp;경기북부상공회의소&nbsp;내에&nbsp;「경기북부&nbsp;지식재산센터」가&nbsp;설립과&nbsp;함께&nbsp;본격&nbsp;가동에&nbsp;들어간다.&nbsp;&nbsp;&nbsp;특허청은&nbsp;3월&nbsp;8일(월)&nbsp;오후&nbsp;2시&nbsp;경기북부상공회의소&nbsp;3층에서&nbsp;김성수&nbsp;국회의원,&nbsp;고정식&nbsp;특허청장,&nbsp;최홍철&nbsp;경기도&nbsp;행정2부지사,&nbsp;최종협&nbsp;한국발명진흥회&nbsp;상근부회장,&nbsp;김문원&nbsp;의정부시장,&nbsp;노시청&nbsp;경기북부상의회장,&nbsp;지역유관기관&nbsp;및&nbsp;기업체&nbsp;관계자&nbsp;100여명이&nbsp;참석한&nbsp;가운데「경기북부&nbsp;지식재산센터(이하&nbsp;&ldquo;센터&rdquo;)」개소식을&nbsp;갖는다.&nbsp;&nbsp;&nbsp;센터가&nbsp;개소됨에&nbsp;따라&nbsp;경기북부&nbsp;지역에&nbsp;특허정보종합컨설팅사업이&nbsp;본격&nbsp;시행되어&nbsp;지역&nbsp;중소기업의&nbsp;특허역량&nbsp;강화&nbsp;및&nbsp;기술혁신&nbsp;R&amp;D&nbsp;인프라&nbsp;확충과&nbsp;지역기업&nbsp;및&nbsp;개인발명가들의&nbsp;발명의식을&nbsp;높이는데&nbsp;기여할&nbsp;것으로&nbsp;기대된다.(후략) (2010.3.8, 특허청 홈페이지 보도자료)http://www.kipo.go.kr/kpo/user.tdf?a=user.news.press1.BoardApp&amp;board_id=press&amp;cp=1&amp;pg=1&amp;npp=10&amp;catmenu=m03_01_02&amp;sdate=&amp;edate=&amp;searchKey=&amp;searchVal=&amp;c=1003&amp;seq=9251 ",2010.03.08,이진필,410,경기북부 중소기업의 지식재산(IP) 경영지원을 위한 전담기구 출범,354,바이오멤스 기술활용 바이러스 진단시스템 특허,551
"-&nbsp;기상측정에&nbsp;부는&nbsp;특허바람&nbsp;-&nbsp;&nbsp;&nbsp;경인년&nbsp;새해&nbsp;서울의&nbsp;첫&nbsp;출근길은&nbsp;25.8cm라는&nbsp;관측&nbsp;사상&nbsp;최대의&nbsp;기록적&nbsp;폭설로&nbsp;마비되었다.&nbsp;미국&nbsp;또한&nbsp;유례없는&nbsp;폭설로&nbsp;인해&nbsp;워싱턴&nbsp;도심의&nbsp;교통이&nbsp;마비되는&nbsp;지경에&nbsp;이르렀다.&nbsp;올&nbsp;겨울&nbsp;전&nbsp;지구적으로&nbsp;몰아닥친&nbsp;강추위와&nbsp;폭설은&nbsp;그간&nbsp;종말론까지&nbsp;불러일으켰던&nbsp;&lsquo;지구&nbsp;온난화&rsquo;에&nbsp;대한&nbsp;우려를&nbsp;불식시키고,&nbsp;오히려&nbsp;지구&nbsp;전체가&nbsp;빙하로&nbsp;뒤덮이는&nbsp;영화&nbsp;&lsquo;투마로우&rsquo;의&nbsp;현실화를&nbsp;우려하는&nbsp;목소리가&nbsp;높아졌다.&nbsp;&nbsp;&nbsp;영화&nbsp;&lsquo;투마로우&rsquo;에서는&nbsp;새로운&nbsp;기후모델에&nbsp;최신&nbsp;기상측정&nbsp;데이터를&nbsp;넣어&nbsp;기후변화를&nbsp;정확히&nbsp;예측하는&nbsp;모습을&nbsp;보여준다.&nbsp;그러나&nbsp;영화와&nbsp;현실은&nbsp;같지&nbsp;않다.&nbsp;그간&nbsp;정설로&nbsp;인식되어&nbsp;온&nbsp;&lsquo;지구&nbsp;온난화&rsquo;&nbsp;이론에&nbsp;오류가&nbsp;있다는&nbsp;지적이&nbsp;나오고&nbsp;있고,&nbsp;많은&nbsp;과학자들이&nbsp;지구&nbsp;온난화&nbsp;예측에&nbsp;기초자료를&nbsp;제공해&nbsp;온&nbsp;각&nbsp;국&nbsp;기상관측소의&nbsp;측정에&nbsp;문제가&nbsp;있다고&nbsp;주장하고&nbsp;있다.&nbsp;이러한&nbsp;점을&nbsp;보더라도&nbsp;기후변화&nbsp;및&nbsp;기상이변을&nbsp;정확히&nbsp;예측하기&nbsp;위한&nbsp;기상&nbsp;측정&nbsp;기술은&nbsp;아직&nbsp;발전의&nbsp;여지가&nbsp;많이&nbsp;남아&nbsp;있음을&nbsp;보여준다.&nbsp;&nbsp;&nbsp;특허청(청장&nbsp;고정식)에&nbsp;따르면,&nbsp;기상측정과&nbsp;관련한&nbsp;특허&nbsp;출원은&nbsp;2005년&nbsp;9건에&nbsp;불과하였으나,&nbsp;2009년에는&nbsp;46건으로&nbsp;연평균&nbsp;50%의&nbsp;증가를&nbsp;보이고&nbsp;있다.&nbsp;(후략) (2010.3.5, 특허청 홈페이지 보도자료)http://www.kipo.go.kr/kpo/user.tdf?a=user.news.press1.BoardApp&amp;board_id=press&amp;cp=1&amp;pg=1&amp;npp=10&amp;catmenu=m03_01_02&amp;sdate=&amp;edate=&amp;searchKey=&amp;searchVal=&amp;c=1003&amp;seq=9249 ",2010.03.08,이진필,409,"지구촌 기상이변, 특허로 읽는다",370,바이오멤스 기술활용 바이러스 진단시스템 특허,551
"&ldquo;돈되는&nbsp;특허기술&nbsp;특허청이&nbsp;찾아드립니다.&rdquo; -&nbsp;2010년&nbsp;수요기술&nbsp;조사&nbsp;및&nbsp;수요기업&nbsp;맞춤형&nbsp;컨설팅&nbsp;지원&nbsp;실시&nbsp;- 최근&nbsp;외부로부터&nbsp;기술을&nbsp;도입하여&nbsp;기술개발의&nbsp;효율성을&nbsp;높이는&nbsp;Open&nbsp;Innovation의&nbsp;중요성이&nbsp;부각되면서&nbsp;자체적인&nbsp;기술개발만을&nbsp;고집하던&nbsp;기업들도&nbsp;사업에&nbsp;필요한&nbsp;기술을&nbsp;외부로부터&nbsp;조달하는&nbsp;사례가&nbsp;점차&nbsp;늘어나고&nbsp;있다.&nbsp;하지만&nbsp;기업&nbsp;스스로&nbsp;필요한&nbsp;기술을&nbsp;찾아내기란&nbsp;쉬운&nbsp;일이&nbsp;아니며&nbsp;운좋게&nbsp;적합한&nbsp;기술을&nbsp;찾아냈다&nbsp;하더라도&nbsp;기술도입&nbsp;협상이&nbsp;순탄치&nbsp;않아&nbsp;계약이&nbsp;체결되지&nbsp;못하는&nbsp;경우가&nbsp;비일비재하다.&nbsp; 특허청(청장&nbsp;고정식)은&nbsp;중소기업,&nbsp;예비창업자&nbsp;및&nbsp;기술투자자&nbsp;등이&nbsp;특허기술을&nbsp;찾고자&nbsp;할&nbsp;때&nbsp;이를&nbsp;지원해주는&nbsp;2010년&nbsp;수요기술&nbsp;조사를&nbsp;오는&nbsp;3월26일까지&nbsp;실시한다고&nbsp;밝혔다. 기술도입을&nbsp;희망하는&nbsp;기술수요자는&nbsp;정해진&nbsp;기간&nbsp;내에&nbsp;공고문에&nbsp;첨부된&nbsp;수요기술&nbsp;조사서를&nbsp;한국발명진흥회에&nbsp;제출하기만&nbsp;하면&nbsp;특허기술거래&nbsp;중개서비스를&nbsp;무상으로&nbsp;제공받을&nbsp;수&nbsp;있다. 한국발명진흥회는&nbsp;접수된&nbsp;수요기술&nbsp;조사서를&nbsp;토대로&nbsp;자체&nbsp;보유하고&nbsp;있는&nbsp;약&nbsp;5만건&nbsp;이상의&nbsp;특허기술정보를&nbsp;이용해&nbsp;최적의&nbsp;기술을&nbsp;발굴하여&nbsp;기술수요자에게&nbsp;제공하고&nbsp;있다. 또한,&nbsp;IP-Mart(http://www.ipmart.or.kr)를&nbsp;통해&nbsp;주요&nbsp;공공&middot;민간&nbsp;기술거래기관이&nbsp;보유한&nbsp;기술정보가&nbsp;상호&nbsp;공유되며,&nbsp;특허유통상담관이&nbsp;상주하여,&nbsp;기술거래&nbsp;협상&nbsp;및&nbsp;계약&nbsp;체결에&nbsp;관한&nbsp;일련의&nbsp;서비스를&nbsp;무료로&nbsp;제공한다. 특히&nbsp;금년에는&nbsp;기술수요자&nbsp;중&nbsp;중소기업을&nbsp;대상으로&nbsp;&lsquo;수요기업&nbsp;맞춤형&nbsp;컨설팅&rsquo;을&nbsp;더욱&nbsp;확대하여&nbsp;지원할&nbsp;계획이다.&nbsp;컨설팅&nbsp;사업&nbsp;대상자로&nbsp;선정된&nbsp;중소기업에&nbsp;대해서는&nbsp;수요기술&nbsp;진단&nbsp;및&nbsp;특허포토폴리오&nbsp;전략수립&nbsp;지원&nbsp;이외&nbsp;사업화&nbsp;자금&nbsp;조달방안&nbsp;등&nbsp;특허기술&nbsp;도입에서부터&nbsp;사업화를&nbsp;하기&nbsp;위한&nbsp;조언을&nbsp;전문가로부터&nbsp;받을&nbsp;수&nbsp;있게&nbsp;된다. 특허청&nbsp;산업재산진흥과&nbsp;김기범&nbsp;과장은&nbsp;&ldquo;특허청은&nbsp;급변하는&nbsp;기술개발&nbsp;환경변화에&nbsp;맞추어&nbsp;기업이&nbsp;필요로&nbsp;하는&nbsp;우수특허기술을&nbsp;적시에&nbsp;도입할&nbsp;수&nbsp;있도록&nbsp;수요자&nbsp;중심의&nbsp;기술거래&nbsp;지원을&nbsp;강화하겠다.&rdquo;라고&nbsp;밝혔다. 관련&nbsp;신청서&nbsp;및&nbsp;지원내용은&nbsp;특허청&nbsp;홈페이지(www.kipo.go.kr)나&nbsp;한국발명진흥회(www.kipa.org),&nbsp;인터넷&nbsp;특허기술장터(www.ipmart.or.kr)를&nbsp;통해서&nbsp;확인&nbsp;가능하고,&nbsp;기타&nbsp;궁금한&nbsp;사항은&nbsp;한국발명진흥회&nbsp;특허평가거래팀(02-3459-2892,&nbsp;2884)에&nbsp;문의하면&nbsp;된다.(2010.3.2, 특허청 홈페이지 보도자료)http://www.kipo.go.kr/kpo/user.tdf?a=user.news.press1.BoardApp&amp;board_id=press&amp;cp=1&amp;pg=1&amp;npp=10&amp;catmenu=m03_01_02&amp;sdate=&amp;edate=&amp;searchKey=&amp;searchVal=&amp;c=1003&amp;seq=9238 ",2010.03.03,이진필,408,“돈되는 특허기술 특허청이 찾아드립니다.”,403,바이오멤스 기술활용 바이러스 진단시스템 특허,551
"-&nbsp;2010&nbsp;캠퍼스&nbsp;특허전략&nbsp;유니버시아드&nbsp;출범,&nbsp;24일&nbsp;참가신청&nbsp;접수&nbsp; -&nbsp;LG전자,&nbsp;삼성전자,&nbsp;ETRI,&nbsp;KIST,&nbsp;기업은행&nbsp;등&nbsp;총&nbsp;43개&nbsp;기관&nbsp;참여 -&nbsp;취업&nbsp;인센티브&nbsp;제공(21개&nbsp;기업),&nbsp;수상자&nbsp;취업&nbsp;적극&nbsp;지원&nbsp;&nbsp;&nbsp;&ldquo;캠퍼스&nbsp;특허전략&nbsp;유니버시아드를&nbsp;통해&nbsp;습득한&nbsp;특허분석&nbsp;역량을&nbsp;강조한&nbsp;것이&nbsp;면접에서&nbsp;큰&nbsp;도움이&nbsp;된&nbsp;것&nbsp;같습니다&rdquo;며,&nbsp;금년&nbsp;1월&nbsp;S사에&nbsp;입사한&nbsp;김대연&nbsp;학생(영남대&nbsp;기계공학과&nbsp;&lsquo;10&nbsp;2월&nbsp;졸업)은&nbsp;자신만의&nbsp;입사&nbsp;노하우를&nbsp;밝혔다. &nbsp;&nbsp;최근&nbsp;취업이&nbsp;어려워지면서&nbsp;대학생들에게&nbsp;기업이&nbsp;요구하는&nbsp;특허실무&nbsp;역량을&nbsp;제공하는&nbsp;&lsquo;캠퍼스&nbsp;특허전략&nbsp;유니버시아드&rsquo;가&nbsp;대학&nbsp;사회에&nbsp;큰&nbsp;반향을&nbsp;일으키고&nbsp;있다.&nbsp; &nbsp;&nbsp;한국공학한림원(회장&nbsp;윤종용)과&nbsp;특허청(청장&nbsp;고정식)이&nbsp;공동주최하고,&nbsp;한국발명진흥회(회장&nbsp;허진규)이&nbsp;주관하는&nbsp;캠퍼스&nbsp;특허전략&nbsp;유니버시아드는&nbsp;기업이&nbsp;출제한&nbsp;기술분야의&nbsp;특허전략&nbsp;과제를&nbsp;대학(원)생이&nbsp;지도교수와&nbsp;함께&nbsp;해결하고,&nbsp;우수&nbsp;아이디어는&nbsp;기업이&nbsp;&nbsp;채택하고&nbsp;시상하는&nbsp;개방혁신의&nbsp;신(新)산학&nbsp;협력&nbsp;프로젝트이다.&nbsp;최근&nbsp;특허경영이&nbsp;중요시&nbsp;되면서&nbsp;지난해&nbsp;동&nbsp;대회&nbsp;수상자&nbsp;취업률도&nbsp;&lsquo;09년&nbsp;대학졸업자&nbsp;취업률인&nbsp;39.6%보다&nbsp;훨씬&nbsp;높은&nbsp;65.2%나&nbsp;되었다.&nbsp; &nbsp;&nbsp;2010년&nbsp;캠퍼스&nbsp;특허전략&nbsp;유니버시아드는&nbsp;2월&nbsp;24일부터&nbsp;참가&nbsp;신청서를&nbsp;받을&nbsp;예정이며&nbsp;참여기업은&nbsp;&lsquo;09년도의&nbsp;36개&nbsp;기업보다&nbsp;7개&nbsp;기업이&nbsp;늘어난&nbsp;43개&nbsp;기관이&nbsp;참여한다.&nbsp;대회&nbsp;첫&nbsp;해인&nbsp;&lsquo;08년부터&nbsp;참여해&nbsp;온&nbsp;LG전자,&nbsp;삼성전자,&nbsp;현대중공업&nbsp;등&nbsp;32개&nbsp;기업&nbsp;이외에&nbsp;삼성코닝정밀유리,&nbsp;LS&nbsp;산전&nbsp;등&nbsp;4개&nbsp;기업이&nbsp;추가로&nbsp;참여하며,&nbsp;특히&nbsp;KIST,&nbsp;기계연구원&nbsp;등&nbsp;6개&nbsp;정부출연연구기관과&nbsp;IBK기업은행이&nbsp;참여한다.&nbsp;그리고&nbsp;LG전자,&nbsp;현대제철,&nbsp;한화석유화학,&nbsp;IBK기업은행&nbsp;등&nbsp;21개&nbsp;기업은&nbsp;수상자들에게&nbsp;서류심사&nbsp;면제&nbsp;등&nbsp;기업&nbsp;실정에&nbsp;맞는&nbsp;취업&nbsp;인센티브를&nbsp;제공한다. &nbsp;&nbsp;지난해&nbsp;총&nbsp;5팀이&nbsp;특허청장상,&nbsp;기업&nbsp;CEO&nbsp;우수상&nbsp;등을&nbsp;수상해&nbsp;최다&nbsp;수상팀배출&nbsp;지도교수인&nbsp;경희대&nbsp;오환섭&nbsp;교수는&nbsp;&ldquo;이&nbsp;대회는&nbsp;과학기술과&nbsp;창의성,&nbsp;법이&nbsp;결합된&nbsp;종합&nbsp;프로젝트로서,&nbsp;대학생들의&nbsp;잠재력&nbsp;향상과&nbsp;지금까지의&nbsp;지식을&nbsp;통합하고&nbsp;미래&nbsp;기술을&nbsp;예측할&nbsp;수&nbsp;있는&nbsp;능력을&nbsp;배양하는데&nbsp;큰&nbsp;도움이&nbsp;될&nbsp;것으로&nbsp;판단되어,&nbsp;올해는&nbsp;보다&nbsp;많은&nbsp;학생들이&nbsp;대회에&nbsp;참여토록&nbsp;적극&nbsp;권유할&nbsp;계획&rdquo;이라고&nbsp;밝혔다. &nbsp;&nbsp;지난해&nbsp;대회&nbsp;심사위원장을&nbsp;맡은&nbsp;공학한림원&nbsp;여종기&nbsp;부회장(前&nbsp;LG화학&nbsp;사장)은&ldquo;학생들이&nbsp;제시한&nbsp;답안&nbsp;수준이&nbsp;매우&nbsp;높아짐에&nbsp;따라&nbsp;상금&nbsp;규모를&nbsp;지난해&nbsp;2억9,420만원에서&nbsp;4억3,700만원으로&nbsp;대폭&nbsp;늘였다&rdquo;고&nbsp;말했다. &nbsp;&nbsp;김영민&nbsp;특허청&nbsp;산업재산정책국장은&nbsp;&quot;수상자&nbsp;DB구축을&nbsp;통해&nbsp;수상학생을&nbsp;체계적으로&nbsp;관리하고&nbsp;기업&nbsp;인사부서를&nbsp;대상으로&nbsp;설명회를&nbsp;개최하는&nbsp;등&nbsp;수상자&nbsp;취업&nbsp;지원에&nbsp;적극&nbsp;나설&nbsp;계획&ldquo;이라고&nbsp;말했다.&nbsp; &nbsp;&nbsp;참가신청은&nbsp;캠퍼스&nbsp;특허전략&nbsp;유니버시아드&nbsp;홈페이지(www.patent-universiade.or.kr)&nbsp;를&nbsp;통해&nbsp;할&nbsp;수&nbsp;있으며,&nbsp;시상식은&nbsp;오는&nbsp;11월&nbsp;하순경에&nbsp;개최될&nbsp;예정이다.&nbsp;(문의:&nbsp;한국발명진흥회&nbsp;산업인력양성팀&nbsp;02-3459-2833/2835) (2010.2.24, 특허청 홈페이지 보도자료)http://www.kipo.go.kr/kpo/user.tdf?a=user.news.press1.BoardApp&amp;board_id=press&amp;cp=1&amp;pg=1&amp;npp=10&amp;catmenu=m03_01_02&amp;sdate=&amp;edate=&amp;searchKey=&amp;searchVal=&amp;c=1003&amp;seq=9235 ",2010.02.25,이진필,407,"‘특허전략 세우고, 취업 뚫어라’",395,바이오멤스 기술활용 바이러스 진단시스템 특허,551
"-&nbsp;최근&nbsp;심사쟁점&nbsp;사항&nbsp;및&nbsp;다양한&nbsp;사례를&nbsp;반영&nbsp;- □&nbsp;특허청(특허청장&nbsp;고정식)은&nbsp;생명공학분야의&nbsp;최근&nbsp;기술발전&nbsp;사항을&nbsp;구체적으로&nbsp;반영하고,&nbsp;심사의&nbsp;일관성&nbsp;유지를&nbsp;통한&nbsp;심사품질&nbsp;향상을&nbsp;위하여,&nbsp;금년&nbsp;1월&nbsp;생명공학분야&nbsp;특허심사기준을&nbsp;개정하고&nbsp;이를&nbsp;2월&nbsp;부터&nbsp;시행한다고&nbsp;밝혔다. &nbsp;&nbsp;o&nbsp;생명공학기술은&nbsp;21세기에&nbsp;가장&nbsp;눈부시게&nbsp;성장하고&nbsp;있는&nbsp;대표적인&nbsp;기술분야로서,&nbsp;2003년&nbsp;인간&nbsp;유전자&nbsp;지도&nbsp;작성사업(Human&nbsp;Genome&nbsp;Project)의&nbsp;완료로&nbsp;게노믹스,&nbsp;프로테오믹스,&nbsp;바이오인포메틱스&nbsp;등과&nbsp;같은&nbsp;새로운&nbsp;학문&nbsp;분야가&nbsp;만들어졌고,&nbsp;이와&nbsp;관련한&nbsp;대형&nbsp;데이터베이스들이&nbsp;구축되어&nbsp;신기술&nbsp;연구개발에&nbsp;활용되고&nbsp;있으며,&nbsp; &nbsp;&nbsp;&nbsp;&nbsp;&nbsp;최근&nbsp;들어&nbsp;선진&nbsp;각국은&nbsp;이처럼&nbsp;향상된&nbsp;생명공학기술의&nbsp;예측기법&nbsp;및&nbsp;탐색방법&nbsp;등을&nbsp;이용하여&nbsp;생명공학기술&nbsp;기반의&nbsp;의료나&nbsp;신약&nbsp;개발분야에&nbsp;집중적인&nbsp;투자를&nbsp;하고&nbsp;있다. &nbsp;&nbsp;o&nbsp;특히&nbsp;우리나라는&nbsp;국내&nbsp;특허출원&nbsp;건수,&nbsp;PCT&nbsp;국제조사&nbsp;시장점유율이&nbsp;모두&nbsp;세계&nbsp;4위로서,&nbsp;위와&nbsp;같은&nbsp;생명공학분야의&nbsp;급속한&nbsp;발전에&nbsp;힘입어&nbsp;관련&nbsp;기술의&nbsp;특허출원&nbsp;및&nbsp;PCT&nbsp;국제조사가&nbsp;큰&nbsp;폭으로&nbsp;증가할&nbsp;것으로&nbsp;예상되고&nbsp;있어,&nbsp;이를&nbsp;반영한&nbsp;특허심사기준의&nbsp;개정이&nbsp;필요하게&nbsp;되었다. □&nbsp;생명공학분야&nbsp;특허심사기준은&nbsp;1998년에&nbsp;제정되어&nbsp;2000,&nbsp;2003,&nbsp;2005,&nbsp;2006년&nbsp;네&nbsp;차례에&nbsp;걸쳐&nbsp;개정되었는데,&nbsp;이번에&nbsp;개정된&nbsp;심사기준에는&nbsp;칩기반&nbsp;생명공학기술(Chip-based&nbsp;biotechnology)&nbsp;관련&nbsp;특허출원&nbsp;등&nbsp;최신기술에&nbsp;대한&nbsp;사례와&nbsp;심사기준,&nbsp;그리고&nbsp;출원인&nbsp;등이&nbsp;심사기준을&nbsp;쉽게&nbsp;이해하고&nbsp;활용할&nbsp;수&nbsp;있도록&nbsp;구체적인&nbsp;사례를&nbsp;다수&nbsp;포함시켰다. □&nbsp;특허청은&nbsp;금번&nbsp;심사기준&nbsp;개정을&nbsp;위하여&nbsp;2년에&nbsp;걸쳐&nbsp;생명공학분야에서&nbsp;국내외적으로&nbsp;이슈가&nbsp;되고&nbsp;있는&nbsp;심사&nbsp;쟁점&nbsp;사항을&nbsp;도출하여&nbsp;심층&nbsp;연구사업을&nbsp;수행하였고,&nbsp;주요&nbsp;국가의&nbsp;심사&nbsp;운용&nbsp;실태를&nbsp;조사하여&nbsp;참고하였다.&nbsp;개정사항의&nbsp;주요&nbsp;내용은&nbsp;다음과&nbsp;같다. &nbsp;&nbsp;①&nbsp;기능으로&nbsp;한정한&nbsp;공지의&nbsp;유전자&nbsp;또는&nbsp;단백질에&nbsp;대한&nbsp;신규성&nbsp;판단&nbsp;:&nbsp;새로운&nbsp;용도를&nbsp;발명하였더라도&nbsp;최종적으로&nbsp;청구하는&nbsp;바가&nbsp;공지의&nbsp;유전자나&nbsp;단백질&nbsp;자체이면&nbsp;신규성이&nbsp;없음을&nbsp;명시하였고,&nbsp;새로운&nbsp;용도에&nbsp;대한&nbsp;명세서&nbsp;기재&nbsp;기준의&nbsp;일례를&nbsp;제시 &nbsp;&nbsp;②&nbsp;폴리뉴클레오티드&nbsp;단편이나&nbsp;안티센스의&nbsp;진보성&nbsp;판단&nbsp;:&nbsp;공지된&nbsp;유전자와&nbsp;관련한&nbsp;일반적인&nbsp;프라이머나&nbsp;프로브,&nbsp;안티센스&nbsp;등은&nbsp;매우&nbsp;현저한&nbsp;효과를&nbsp;입증하여야&nbsp;진보성을&nbsp;인정 &nbsp;&nbsp;③&nbsp;공지된&nbsp;다수의&nbsp;유전자나&nbsp;단백질을&nbsp;마커로&nbsp;청구하는&nbsp;경우의&nbsp;단일성&nbsp;판단&nbsp;:&nbsp;구체적&nbsp;예시의&nbsp;추가를&nbsp;통하여&nbsp;동일하거나&nbsp;상응하는&nbsp;기술적&nbsp;특징에&nbsp;대해&nbsp;구조적&nbsp;기여도를&nbsp;고려하여&nbsp;판단함을&nbsp;명확히&nbsp;제시 &nbsp;&nbsp;④&nbsp;공지의&nbsp;종이고&nbsp;유용성이&nbsp;알려진&nbsp;다른&nbsp;미생물과&nbsp;동일&nbsp;속에&nbsp;속하는&nbsp;경우의&nbsp;진보성&nbsp;판단&nbsp;:&nbsp;출원인이&nbsp;부여한&nbsp;명칭이나&nbsp;수탁번호로&nbsp;한정하여&nbsp;공지의&nbsp;미생물과의&nbsp;구별이&nbsp;모호한&nbsp;경우,&nbsp;명확한&nbsp;비교를&nbsp;통해&nbsp;신규성&nbsp;및&nbsp;진보성을&nbsp;판단하도록&nbsp;예시와&nbsp;설명을&nbsp;추가 □&nbsp;&nbsp;위&nbsp;심사기준개정과&nbsp;관련하여&nbsp;특허청&nbsp;관계자는&nbsp;최근의&nbsp;생명공학분야의&nbsp;특허&nbsp;이슈들을&nbsp;시의&nbsp;적절하게&nbsp;반영하였고&nbsp;구체적인&nbsp;사례를&nbsp;많이&nbsp;포함하였으므로,&nbsp;심사관의&nbsp;특허심사&nbsp;및&nbsp;국제조사의&nbsp;일관성&nbsp;유지와,&nbsp;출원인의&nbsp;심사결과에&nbsp;대한&nbsp;예측&nbsp;가능성을&nbsp;크게&nbsp;높일&nbsp;수&nbsp;있을&nbsp;것으로&nbsp;기대한다고&nbsp;밝혔다. &nbsp;&nbsp;o&nbsp;한편,&nbsp;이번&nbsp;개정된&nbsp;심사기준은&nbsp;책자&nbsp;배포뿐만&nbsp;아니라&nbsp;특허청&nbsp;홈페이지&nbsp;게재,&nbsp;정책홍보&nbsp;메일&nbsp;발송&nbsp;등을&nbsp;통하여&nbsp;관련&nbsp;업계에&nbsp;널리&nbsp;알릴&nbsp;계획이다.(2010.2.23, 특허청 홈페이지 보도자료)http://www.kipo.go.kr/kpo/user.tdf?a=user.news.press1.BoardApp&amp;board_id=press&amp;cp=1&amp;pg=1&amp;npp=10&amp;catmenu=m03_01_02&amp;sdate=&amp;edate=&amp;searchKey=&amp;searchVal=&amp;c=1003&amp;seq=9234 ",2010.02.25,이진필,406,생명공학분야 특허심사기준 개정,470,바이오멤스 기술활용 바이러스 진단시스템 특허,551
"어떤 증상에는 어떤 식물뿌리를 달여먹으면 좋다는 등 옛 어른들로부터 구전으로 전해오는 지식들을 학계에서는 전통지식이라 부릅니다.최근 각 나라의 전통지식들을 지적재산권에 편입시켜려는 국제적인 움직임이 일고 있어 우리나라도 대응책 마련에 나섰습니다.(후략) (2010.2.18, YTN)http://www.ytn.co.kr/_ln/0103_201002181203201685",2010.02.23,이진필,405,구전 생물지식'도 지적재산으로!,525,바이오멤스 기술활용 바이러스 진단시스템 특허,551
"이&nbsp;게시물은 특정 업체를 홍보하는 것이 아님을 밝힙니다.진바이오텍은 반추위 보호 대두 펩타이드 제조 방법과 용도 관련 특허를 취득했다고 밝혔다.(후략) (2010.2.18, 와우넷)http://www.wownet.co.kr/news/wownews/view_nhn.asp?bcode=N07010000&amp;artid=A201002180111",2010.02.23,이진필,404,"진바이오텍, 반추위 보호 펩타이드 특허 취득",535,바이오멤스 기술활용 바이러스 진단시스템 특허,551
"대한상공회의소에서는 회원기업들이 정부의 지식재산 지원사업에 효과적으로 참여할 수 있도록 표제설명회를 다음과 같이 개최합니다.- 일시 : 2010.2.9 (화) 14:00&sim;16:00- 장소 : 대한상공회의소 중회의실A(지하 2층)- 내용 : 우수특허사업화 패키지 지원사업 / 2010 특허기술 수요조사 / 비영어권 브랜드 지원사업 / 민간 지식재산(IP) 전략 전문가 파견사업- 참석대상 : 회원기업 임직원(중소&middot;중견기업)- 참가신청 : 2월 5일(금) 까지 팩스/이메일 접수(선착순 마감, 참가비/자료집 무료)* 자세한 내용은 대한상공회의소 홈페이지 '행사&middot;교육&gt;대한상의행사'에서 확인하시기 바랍니다.http://www.korcham.net/Event/Info/CEV01102R.asp?m_chamcd=A001&amp;m_dataid=20100126001&amp;m_page=1&amp;m_query=TITLE&amp;m_queryText=# ",2010.02.04,이진필,403,"대한상공회의소, 2010년 지식재산권 기업지원제도 설명회 참가 안내",529,바이오멤스 기술활용 바이러스 진단시스템 특허,551
"(전략) 농촌진흥청(이하 농진청)은 벼에서 스트레스 호르몬인 ABA신호를 전달하는 SnRK2 유전자를 찾아냈고 이 유전자가 작물의 가뭄저항성을 증진시켜 특허출원했다고 28일 밝혔다. (후략) (2010.1.28, 메디컬투데이)http://www.mdtoday.co.kr/mdtoday/index.html?no=115136",2010.02.01,이진필,402,"가뭄에도 거뜬…가뭄저항성 벼 유전자 '특허출원&#... ",574,바이오멤스 기술활용 바이러스 진단시스템 특허,551
"서면심리 위주로 진행됐던 특허심판이 구술심리 위주로 개편되고 심판관에게 특허등록을 결정할 수 있는 권한이 부여된다. (중략) 또 심판관이 출원인의 권리를 조기에 확정해주는 자판(自判)제도도 활성화 할 계획이다. (후략) (2010.1.29, 서울신문)http://www.seoul.co.kr/news/newsView.php?id=20100129023014",2010.02.01,이진필,401,특허심판 구술심리로 개편…심판관에 특허등록 권한도,331,바이오멤스 기술활용 바이러스 진단시스템 특허,551
"중국서 유전자변형 쌀 통해 혈액 단백질 알부민 추출, 화상&middot;간질환 치료 효과 입증국내선 베타카로틴 쌀 개발, 밥 2공기면 비타민A 권장량 섭취, 알코올중독 치료제 쌀도 개발 중'밥이 보약(補藥)'이란 말이 있다. 별다른 약을 먹지 않아도 식사만 꼬박꼬박 챙기면 건강하게 살 수 있다는 말이다. 최근 국내외에서 말 그대로 '피가 되고 약이 되는 쌀'이 잇따라 등장했다. 중국에서는 쌀에서 간경화 치료에 쓰이는 혈액 단백질을 얻었으며, 국내에서는 알코올 중독 치료물질과 비타민A를 쌀에서 얻는 데 성공했다.(중략)◇국내에서도 치료제 쌀 잇따라 개발국내에서도 쌀에서 치료물질을 얻는 연구가 활발하다. 국립농업과학원 하선화 박사는 밥 두 공기만 먹으면 하루 비타민A 권장량을 충족시키는 이른바 '황금쌀'을 개발했다. 하 박사는 벼 유전자에 당근의 주황색을 내는 베타카로틴 합성 유전자를 삽입했다. 덕분에 쌀이 주황색에 가까운 황금색을 냈다. 베타카로틴은 나중에 비타민A가 된다. 이 연구결과는 지난해 10월 국제학술지 '식물생명공학 저널' 표지논문으로 실렸다.서석철 농업과학원 생물안전성과장은 &quot;혈관 내에 피가 응고된 것을 치료하는 혈전용해단백질 생산 벼나 급성장염을 일으키는 로타바이러스 백신이 되는 벼도 개발 중&quot;이라고 밝혔다.의료용 혈전용해단백질은 전 세계에서 8400억원의 시장을 형성하고 있다. 서 과장은 &quot;혈전용해단백질 생산 벼는 수확량 6t을 기준으로 보면 기존 식용 벼보다 부가가치가 60배나 될 것&quot;이라고 말했다. 로타바이러스 백신용 벼는 현재 안정성 시험 중이라고 서 과장은 밝혔다.◇유전자변형 대신 전통 육종법도 이용하지만 다른 생명체의 유전자를 주입한 유전자변형 쌀은 상용화가 쉽지 않다. 재배 도중 주변 식물에 원치 않은 유전자를 전달하거나 인체에서 예상치 못한 부작용을 일으킬 우려가 있기 때문이다. 우한대 연구진은 &quot;벼는 스스로 꽃가루받이를 하기 때문에 꽃가루받이 곤충으로 인한 유전자 전파 우려가 적다&quot;고 했지만, 안전성 논란은 여전하다.국립식량과학원 한상익 박사는 유전자변형 대신 전통 육종법으로 치료제 생산 쌀을 개발했다. 한 박사와 김성곤 부산대 의학전문대학원 교수는 올 2월 쌀눈이 유독 큰 벼를 육종해 알코올 중독 치료 효과를 내는 '가바(GABA, 감마 아미노 부틸산)'가 일반 쌀보다 2배나 많이 나오는 '흑찰거대배아쌀'을 개발했다고 발표했다.연구진은 알코올에 중독된 생쥐에게 이 쌀을 먹도록 한 뒤 열흘이 지나자 알코올 섭취량이 평균 65% 줄었다고 밝혔다. 이는 기존 알코올 중독 치료제와 비슷한 효과다. 한 박사는 &quot;유전자변형법은 상용화가 어려워 전통 육종법을 이용했다&quot;며 &quot;이르면 이달 말 부산대 의대에서 인체 대상 임상시험에 들어갈 예정&quot;이라고 말했다.(2011.11.07, 조선비즈)http://biz.chosun.com/site/data/html_dir/2011/11/07/2011110702420.html",2011.11.08,박병도,400,유전자 변형·육종개량… 피가 되고 약이 되는 쌀,527,바이오멤스 기술활용 바이러스 진단시스템 특허,551
"유럽의 연구원들이 쥐(rats)를 대상으로 실험을 실시한 결과, 딸기의 섭취를 통하여 알코올로 인한 위점막(stomach mucous memberane)의 손상을 감소시킬 수 있다는 사실을 확인하였다. 이러한 연구결과는 학술지 Plos One을 통하여 보고되었으며, 위궤양(stomach ulcers) 치료 개선 및 예방에 크게 도움이 될 것으로 기대된다.이탈리아의 연구진과 세르비아 및 스페인 연구원들은 알코올에 의해 손상된 포유동믈의 위에서 딸기가 발휘하는 보호작용을 확인하였다. 이들 연구원들은 실험용 쥐들에게 에탄올(ethanol)을 공급하였는데, 에탄올 공급에 앞서 딸기 추출물을 공급한 쥐의 경우 위점막의 손상이 덜한 사실을 입증하였다. 즉, 쥐에게 알코올이 공급되기 전&nbsp;10일 동안 매일 체중 킬로그램당 40닐리그램의 딸기 추출물을 먹인 결과 이들 쥐에게서는&nbsp;궤양화(ulcerations)가 덜 발견된&nbsp;것이다.University of Barcelona의 연구원인&nbsp;Sara Tulipani는 이와 같은 딸기의 유익한 작용은 단순히 딸기에 함유되어 있는 anthcyans과 같은 페놀성 화합물(phenolic compounds)의 높은 함량 및 이들의 항산화&nbsp;활성(antioxidant capacity)에 기인하는 것뿐만이 아니라 딸기가 항산화적 방어 작용과 체내 효소를 활성화시킨다는 사실에도 근거한다고 설명하였다.(후략)(2011.10.31. 한국과학기술정보연구원 KISTI 미리안 글로벌동향브리핑)http://mirian.kisti.re.kr/global/global_v.jsp",2011.10.31,박병도,399,"딸기, 알코올로부터 위점막을 보호",454,바이오멤스 기술활용 바이러스 진단시스템 특허,551
"10월 12일, 농림수산식품부는 2011 대한민국 우수쌀가공제품 TOP 10을 선정？발표하였다.○ 이번에 선정된 제품은 떡류 부문의 즉석쌀떡국(백제물산)과 컵볶이 매콤한 맛(영우냉동식품), 면류 부문의 해두루 쌀국수(대선제분)와 쌀쫄면(칠갑농산), 전분？당류 부문의 쌀조청(경일식품), 곡물 가공류의&nbsp; 즉석누룽지 곰탕(세준F&amp;B), 9가지 곡물그래놀라(리빙라이프), 주류부문에는 화요41(화요)이다.올해로 4회째를 맞는『우수 쌀 가공제품 TOP 10』은 쌀 함량이 30% 이상인 시판 제품을 대상으로 심사위원 평가, 소비자 평가 및 현장평가를 통해 식감, 포장디자인, 수요확대 가능성, 제품개선 노력, 소비자 인지도 제고 여부 등을 종합평가하여 상위 10개 제품을 선정하였다.○『우수 쌀 가공식품 TOP 10』 선정은 1인당 쌀 소비가 갈수록 줄어들고 있는 상황에서 쌀 가공제품의 대중화를 선도할 우수한 제품을 소비자에게 널리 알려 쌀 소비를 확대시킴으로써 우리 쌀 산업기반을 튼튼히 하는데 그 목적이 있다.○ 올해 선정된 제품들은 쌀 함량이 평균 81.9%로 지난해 76.2%에 비해 5.7%p 증가하여 업체들의 쌀 가공제품 개선노력이 눈에 띠게 컸으며, 밀가루 등의 원료 대체효과가 향상된 것으로 나타났다.이번에 선정된『우수 쌀 가공제품 TOP 10』에 대해서는 농림수산식품부장관 상이 수여되고, 대형마트 및 온라인 쇼핑몰을 통한 마케팅 등 다각적인 소비홍보 지원을 통해 판매 활성화를 도모해 나갈 계획이다.○ 참고로 작년의 경우『우수 쌀 가공식품 TOP 10』에 선정된 제품이 전 해에 비해 매출액이 27%나 신장된 것으로 나타났다.http://www.mifaff.go.kr/gonews/content_view.jsp?newsid=155441693&amp;section_id=b_sec_1",2011 대한민국 우수쌀가공제품 TOP 10 선정.hwp,http://www.fact.or.kr/action.do?action=farmtech%24file&seq=398&file_seq=1,2011.10.17,박병도,398,2011 대한민국 우수쌀가공제품 TOP 10 선정,549
"농림수산식품부 공고 제2011 - 425호&nbsp;2011년도 하반기 생명산업기술개발사업, 첨단생산기술개발사업, 수출전략기술개발사업 시행계획 공고&nbsp;농식품산업의 체질개선 및 농정현안 해결을 위한 생명산업기술개발사업, 첨단생산기술개발사업, 수출전략기술개발사업의 2011년도 하반기 신규&nbsp; 지정공모과제와 자유응모과제 시행계획을 다음과 같이 공고합니다.&nbsp;2011년 10월 6일농림수산식품부장관 &nbsp;http://www.mifaff.go.kr/list.jsp?id=27988&amp;pageNo=2&amp;NOW_YEAR=2011&amp;group_id=3&amp;menu_id=123&amp;link_menu_id=&amp;division=B&amp;board_kind=C&amp;board_skin_id=C2&amp;parent_code=58&amp;link_url=&amp;depth=2&amp;code=left&amp;link_target_yn=&amp;menu_introduction=&amp;menu_name=공지ㆍ공고&amp;popup_yn=N&amp;reference=1&amp;tab_yn=N",2011년도 하반기 생명산업기술사업 등 공고.hwp,http://www.fact.or.kr/action.do?action=farmtech%24file&seq=397&file_seq=1,2011.10.17,박병도,397,"2011년도 하반기 생명산업기술개발사업, 첨단생산기술개발사업, 수출전략기술개발사업 시행계획",435
"농림수신식품부 공고 제2011-436호2011년도 하반기 고부가가치 식품기술개발사업 시행계획 공고고부가가치 식품산업 육성을 위한 기술개발 연구과제를 지원하기 위하여 고부가가치 식품기술개발사업의 2011년도 하반기 신규 지정 공모과제와 자유응모과제 시행계획을 붙임과 같이 공고합니다.2011년 10월 10일 농림수산식품부장관&nbsp;http://www.mifaff.go.kr/list.jsp?id=27995&amp;pageNo=1&amp;NOW_YEAR=2011&amp;group_id=3&amp;menu_id=123&amp;link_menu_id=&amp;division=B&amp;board_kind=C&amp;board_skin_id=C2&amp;parent_code=58&amp;link_url=&amp;depth=2&amp;code=left&amp;link_target_yn=&amp;menu_introduction=&amp;menu_name=공지ㆍ공고&amp;popup_yn=N&amp;reference=1&amp;tab_yn=N",2011년도 하반기 식품기술개발사업 시행계획.hwp,http://www.fact.or.kr/action.do?action=farmtech%24file&seq=396&file_seq=1,2011.10.17,박병도,396,2011년도 하반기 고부가가치 식품기술개발사업 시행계획 공고,543
"농림수산식품부 공고 2011-443호2012년도 신지식농업인 선발계획 공고&nbsp;&nbsp;농림수산식품부에서는 새로운 지식과 기술을 바탕으로 높은 부가가치를 창출하고 습득한 지식과 기술을 공유하고 있는 신지식농업인을 선정하여 농업경쟁력 강화에 기여하고자 아래와 같이 신지식농업인 선발 계획을 공고합니다.&nbsp;&nbsp;&nbsp;&nbsp;&nbsp;&nbsp;&nbsp;&nbsp;&nbsp;&nbsp;&nbsp;&nbsp;&nbsp;&nbsp;&nbsp;&nbsp;&nbsp;&nbsp;&nbsp;&nbsp;&nbsp;&nbsp;&nbsp;&nbsp;&nbsp;&nbsp;&nbsp;&nbsp;&nbsp;&nbsp;&nbsp;&nbsp;&nbsp;&nbsp;&nbsp;&nbsp;&nbsp;&nbsp;&nbsp;&nbsp;&nbsp;&nbsp;&nbsp;&nbsp;&nbsp;&nbsp;&nbsp;&nbsp;2011. 10. 17.&nbsp;&nbsp;&nbsp;&nbsp;&nbsp;&nbsp;&nbsp;&nbsp;&nbsp;&nbsp;&nbsp;&nbsp;&nbsp;&nbsp;&nbsp;&nbsp;&nbsp;&nbsp;&nbsp;&nbsp;&nbsp;&nbsp;&nbsp;&nbsp;&nbsp;&nbsp;&nbsp;&nbsp;&nbsp;&nbsp;&nbsp;&nbsp;&nbsp;&nbsp;&nbsp;&nbsp;&nbsp;&nbsp;&nbsp;&nbsp;&nbsp;&nbsp;&nbsp;&nbsp;농림수산식품부 장관□ 신청대상 : 나이？성별？학력에 관계없이 농산물 생산？유통？가공？저장 등 농업에 종사하는 농업인 또는 농업법인□ 선발기준 : 창의성, 실천성, 가치창출성, 자질 등 종합평가□ 선발절차&nbsp;？ 신청 접수 및 후보자 추천&nbsp;&nbsp;&nbsp;- 농업인은 해당 시？군에 신청서(서식1)를 작성하여 신청&nbsp;&nbsp;&nbsp;- 신청서를 접수한 시？군에서는 후보자별로 추천서(서식2), 현지실태조사서(서식3-1,2)를 작성하여 시？도를 통해 농림수산식품부에 추천&nbsp;&nbsp;&nbsp;&nbsp;&nbsp;&nbsp;&nbsp;&nbsp;* 신청서, 추천서, 현지실태조사서 : 붙임 참조&nbsp;？ 후보자에 대한 조사내용 확인 및 전문가 평가&nbsp;？ 신지식농업인 운영위원회 심의 및 최종 선발□ 접수기간 : 2011. 10. 18 &sim; 2011. 11. 18(1개월)&nbsp;* 시？도에서는 취합하여 농림수산식품부에 2011.11.18일까지 제출□ 안내 및 문의 : 농림수산식품부 경영인력과 (02-500-1736)",2012년도 신지식농업인선발계획 공고.hwp,http://www.fact.or.kr/action.do?action=farmtech%24file&seq=395&file_seq=1,2011.10.17,박병도,395,"2012년도 신지식농업인 선발계획 공고 ",630
"&nbsp;농림수산식품기술기획평가원에서 2011년 한식세계화사업의 일환으로 추진하는 「한식 우수성-기능성 연구」 및 「한식 현지화 지원사업」2차 사업을 다음과 같이 공모하고 있사오니 관련 연구자 여러분의 적극적인 참여를 부탁드립니다.&nbsp;&lt;공고 및 접수&gt;1. 한식 우수성&middot;기능성 연구&nbsp;- 공고기간(40일간) : 2011. 9. 7(수) ～ 10. 12(수)&nbsp;- 접수기간(8일간) : 2011. 10. 5(수) ～ 10. 12(수) 18:00까지&nbsp;- 접수방법 : 인터넷접수(www.ipet.re.kr)&nbsp;- 접수기관 : 농림수산식품기술기획평가원 제도기획실2. 한식 현지화 지원사업&nbsp;- 공고기간(40일간) : 2011. 9. 1(목) ～ 10. 10(월)&nbsp;- 접수기간(10일간) : 2011. 10. 4(화) ～ 10. 10(월) 18:00까지&nbsp;- 접수방법 : 인터넷접수(www.ipet.re.kr)&nbsp;- 접수기관 : 농림수산식품기술기획평가원 제도기획실&nbsp;&nbsp;* 기타 자세한 사항은 붙임 공고문 및 신청안내를 참고하시기 바랍니다.(2011.09.09. 농림수산식품부 공지&middot;공고)&nbsp;",2011 한식 우수성기능성 연구 2차사업.pdf,http://www.fact.or.kr/action.do?action=farmtech%24file&seq=394&file_seq=1,2011.09.19,박병도,394,2011년 한식세계화사업 2차 사업 공고,657
"&nbsp;농림수산식품기술기획평가원에서 2011년 한식세계화사업의 일환으로 추진하는 「한식 우수성-기능성 연구」 및 「한식 현지화 지원사업」2차 사업을 다음과 같이 공모하고 있사오니 관련 연구자 여러분의 적극적인 참여를 부탁드립니다.&nbsp;&lt;공고 및 접수&gt;1. 한식 우수성&middot;기능성 연구&nbsp;- 공고기간(40일간) : 2011. 9. 7(수) ～ 10. 12(수)&nbsp;- 접수기간(8일간) : 2011. 10. 5(수) ～ 10. 12(수) 18:00까지&nbsp;- 접수방법 : 인터넷접수(www.ipet.re.kr)&nbsp;- 접수기관 : 농림수산식품기술기획평가원 제도기획실2. 한식 현지화 지원사업&nbsp;- 공고기간(40일간) : 2011. 9. 1(목) ～ 10. 10(월)&nbsp;- 접수기간(10일간) : 2011. 10. 4(화) ～ 10. 10(월) 18:00까지&nbsp;- 접수방법 : 인터넷접수(www.ipet.re.kr)&nbsp;- 접수기관 : 농림수산식품기술기획평가원 제도기획실&nbsp;&nbsp;* 기타 자세한 사항은 붙임 공고문 및 신청안내를 참고하시기 바랍니다.(2011.09.09. 농림수산식품부 공지&middot;공고)&nbsp;",2011 한식 현지화 지원사업.pdf,http://www.fact.or.kr/action.do?action=farmtech%24file&seq=394&file_seq=2,2011.09.19,박병도,394,2011년 한식세계화사업 2차 사업 공고,657
"(목 적) 저탄소 녹색성장과 기후변화에 대응하고 신재생에너지 확충 등에 기여하기 위해 가축분뇨&nbsp;에너지화&nbsp;사업 추진&nbsp;&nbsp;&nbsp; ○ 환경오염 방지, 화석에너지 대체, 온실가스 감축, 화학비료 대체, 농촌생활환경 개선, 청정에너지 농업 등의&nbsp;효과 거양(대상지역) 에너지 생산？이용 및 퇴액비화 계획이 수립된 지역&nbsp;(지원대상 : 사업주체) 민간기업 또는 농축협, 농업법인○ 민간기업과 농업법인이 공동 추진 가능(반드시 주 사업주체를 정할 것), 공법을 보유한 민간기업도 사업주체가 될 수 있음&nbsp;(주관기관) 시？도 또는 시장？군수(대상자 선정) 심사평가단 평가 결과에 따라 농식품부가 확정(사업기간) 1년(&lsquo;11년)(단가 및 조건) 70억원 이내(국고30%, 지방비30%, 융자20%, 자담20%)&nbsp;&nbsp;&nbsp;&nbsp; - 융자조건 : 3년거치 7년 균분상환(농업법인 3%, 기타 민간업체 4%)(처리 규모) 1일 70톤 이상 처리(가축분뇨 및 농축산부산물 등)&nbsp;&nbsp;&nbsp; ※ 1일 처리물량 중 반드시 가축분뇨를 70% 이상 사용할 것(월간 또는 년간 총 원료사용량 중 70% 이상 가축분뇨를 사용해야 함)(지원내용) 에너지화 및 퇴？액비화에 필요한 시설？장비, 조경,&nbsp; 교육 학습장 및 홍보실 등&nbsp;◇ 가축분뇨, 농축부산물 등을 활용하여 자원순환형 에너지화 계획을 명확히 수립한조직(민간기업포함)을 선정&nbsp;◇&nbsp; 사업지역 및 사업주체와 적용할 공법을 동시에 평가하고 선정&nbsp;&nbsp;&nbsp; ※ 사업주체는 해당 지역여건 등을 고려, 적합한 공법을 정하여 신청- 문의전화 : 방역관리과&nbsp;이덕진주무관(02-500-2056)(2011.09.08. 농림수산식품부 공지&middot;공고)http://www.mifaff.go.kr/list.jsp?id=27939&amp;pageNo=1&amp;NOW_YEAR=2011&amp;group_id=3&amp;menu_id=123&amp;link_menu_id=123&amp;division=B&amp;board_kind=C&amp;board_skin_id=C2&amp;parent_code=58&amp;link_url=&amp;depth=2&amp;code=top&amp;link_target_yn=&amp;menu_introduction=&amp;menu_name=&amp;popup_yn=&amp;reference=&amp;tab_yn=N",2011 가축분뇨 에너지화 사업 추진계획(통보).hwp,http://www.fact.or.kr/action.do?action=farmtech%24file&seq=393&file_seq=1,2011.09.19,박병도,393,2011년 가축분뇨 에너지화 사업자 선정 계획,650
"- 종자산업을 농업의 반도체산업으로 육성하여 글로벌 종자강국을 실현하기 위해 미래투자 시작하다 - &nbsp;&nbsp;□ 농림수산식품부, 농촌진흥청, 산림청이 공동으로 기획한「Golden seed 프로젝트」가 예비타당성조사에서 타당성을 인정받았다.&nbsp;「Golden seed 프로젝트」는 지난 3월에 기획재정부 주관의 &lsquo;재정사업평가 자문회의&rsquo;에서 조사대상사업으로 선정되어 예비타당성 조사를 받아왔다.(4월~8월)&nbsp;조사결과 글로벌 수출 종자시장 진출에 대한 경제적 타당성(B/C 0.95*)을 인정받았으며 기술적 타당성과 정책적인 일관성 및 사업 추진의지에 대하여 높게 평가받았다. &nbsp;&nbsp; * 시장접근법을 통한 비용 편익 분석□「Golden seed 프로젝트」는 &lsquo;금값보다 비싼종자(Golden seed)'를 개발하여 2020년 종자수출 2억불을 달성하는 목적을 가지고 있는 사업으로 &lsquo;12년 품종보호제도(UPOV, 참고1) 전면 시행, 종자산업의 급속한 성장*, 국내 종자산업 육성 및 다국적 종자기업 대응 등의 관점에서 추진 필요성을 크게 인정받았다.&nbsp;&nbsp; * 세계 종자시장은 약 695억 달러('08년) 규모, 교역량도 급성장함에 따라 반도체와 같은 수출전략산업으로 육성 가능&nbsp;본 사업을 통하여 글로벌 시장 수출전략 10개 품목*과 주요 수입종자 9개 품목*에 대한 종자개발을 추진하게 될 것이며 &nbsp;&nbsp; * 수출 10개 품목 : 벼, 감자, 옥수수, 고추, 배추, 수박, 무, 바리, 넙치, 전복, 수입대체 9개 품목 : 돼지, 닭, 양배추, 토마토, 양파, 감귤, 백합, 김, 버섯&nbsp;&nbsp; 수입대체 품목들도 사업 추진 5년 후에는 세계시장을 겨냥하여 수출한다는 목표를 세우고 있다.&nbsp;&nbsp;□ 정부는「Golden seed 프로젝트」사업 추진으로 세계적인 종자브랜드 개발로 국가 경쟁력 제고, 바이오 경제 시대의 신산업 창출의 원동력 제공 등, 농어업 경쟁력 강화를 기대하고 있다.&nbsp; 이는 &lsquo;97년 외환위기(IMF) 이후 다국적 기업의 국내 종자기업 인수합병에 따라 위축되어 있는 국내 종자 산업을 활성화 하여 농업의 반도체산업으로 육성하고자 하며,&nbsp; 품종보호제도(UPOV) 시행으로 발생하는 종자 로열티 및 수입대체효과 약 7,970억원(향후 10년간 발생 추정치)의 부담을 해소하고자 하는 정부의 의지가 반영된 것이라고 볼 수 있다.&nbsp;&nbsp;□ 예비타당성조사 결과, 정부지원 예산의 총규모는 10년간(&lsquo;12~&rsquo;21) 3,985억원이며 &lsquo;12년 요구액은 총388억원으로,&nbsp;&nbsp; 현재 농림수산식품부와 기획재정부가 '12년 예산을 협의 중에 있으며 주관부처인 농식품부는 &lsquo;12년 상반기 사업단 출범을 위해 운영본부 설치 등 올해 하반기부터 사업 추진 준비를 시작할 계획이다.&nbsp;&lt;참고 1&gt; 국제식물신품종연맹(UPOV) 개요&nbsp;현 황&nbsp; 영문명 : International Union for the Protection of New Varieties of Plants&nbsp;&nbsp; 설립목적&middot;기능&nbsp; - 식물 신품종을 보호하여 우수품종 개발&middot;유통 촉진으로 농업 발전 기여&nbsp; - 품종보호제도의 국가간 조율, 회원국 기술지원, 품종보호 신기술개발 등&nbsp; 설립시기 : &lsquo;61년 신품종 보호에 관한 국제조약 채택 &rarr; &rsquo;68년 발효&nbsp; 회원국 : 68개국(&lsquo;10), 우리나라는 50번째로 UPOV 가입(&lsquo;02.1.7)&nbsp;UPOV 협약 주요 내용&nbsp; 품종보호 요건 : 구별성, 균일성, 안정성, 신규성, 고유한 품종명칭&nbsp; 보호대상작물 지정 &nbsp; - 가입시 최소 15종(Species) 또는 속(Genus) 이상(가입 10년 이내 : 모든 종 또는 속)&nbsp; 권리 범위&nbsp; - 신규성 인정기간(출원전의 상업적유통에 대한 법적허용기간) : 국내 1년, 국외 4년(수목과 덩굴식물 6년)&nbsp; - 농민의 자가채종 허용 : 농민 자신의 재배면적을 초과하지 않는 범위 안에서 각국 판단에 따라 결정&nbsp;※ 육종가 권리의 예외 : 비영업 목적, 실험 목적, 다른 품종육성하기 위한 행위 등&nbsp; 임시보호 : 출원 후 심사진행 중인 품종에 대한 '조건부 보호' 제도 도입&nbsp; 품종보호기간 : 최소 20년(과수 묘목 등은 25년)&nbsp; 품종보호제도 관련 우리나라 활동상황(&lsquo;10)&nbsp;&nbsp; UPOV 의장으로 선출(국립종자원 최근진 연구관, &lsquo;09.10), 3년 임기(&rsquo;10～&lsquo;12)&nbsp; UPOV총회, 기술위원회, 아시아태평양종자회의(APSA) 등 국제회의, 품종보호협력 정례회의(한&middot;일, 한&middot;중) 대응 등",농림수산식품부 Golden seed 프로젝트 경제적타당성인정받아 12년부터 사업추진.hwp,http://www.fact.or.kr/action.do?action=farmtech%24file&seq=392&file_seq=1,2011.09.08,박병도,392,농림수산식품부「Golden seed 프로젝트」경제적 타당성 인정받아 '12년부터 사업추진,659
"농식품부는 개도국을 지원하는 공적개발원조(ODA : Official Development Assistance) 사업으로 2010년부터 2년간 사하라 이남 아프리카에 위치한 모잠비크에서 영농기술 역량강화를 통한 농업 생산성 향상을 위해 영농기술 교육 시스템 구축사업을 실시하고 있다고 밝혔다.모잠비크는 국토가 넓고(한국의 8배), 수자원이 풍부하며 전체 인구의 80% 이상이 농업에 종사하고 있는 등 농업에 유리한 조건을 갖추고 있음에도 농업기술이 부족하여 아프리카 국가 중에서도 농업 생산성이 매우 낮아 최빈국(&lsquo;10년 1인당 GDP 410불)에 해당한다. 따라서 작물재배 등 농업기술의 전수 및 보급 등 영농기술 교육 시스템 구축이 절실히 필요한 상황이다.&nbsp;이를 개선하기 위해 농식품부는 모잠비크 마푸토 주 마라케니 군을 사업 대상지로 선정하고, 현지 농업 전문가 등 관계자와 주민들에게 농업기술을 전수하기 위한 영농기술교육훈련센터의 설립, 전시포 운영, 농업 전문가 초청 등을 포함하는 영농기술 교육시스템 구축사업을 실시하고 있다.사업을 착수한 지난 해 말부터 모잠비크 농업부와 지속적인 협의를 통해 현지 여건에 적합한 영농기술 교육훈련센터의&nbsp; 설계에 착수하여 설계 작업을 완료하고, 당국의 건축 승인, 입찰 등 건축을 위한 단계를 진행 중에 있다.한편, 모잠비크에서 주식으로 옥수수가 많이 소비되고 쌀의 소비량도 급증하고 있는 것을 감안하여 벼？옥수수 전시포(2ha)를 조성하여 현지 농촌지도사와 주민들에게 영농기술을 전수할 뿐만 아니라 모잠비크에서의 이모작 가능성을 제시하기 위해 노력하고 있다.이외에도 지난 해 12월에는 우리 농업의 우수성을 소개하고, 모잠비크 농업개발 정책의 비전 등을 제시하기 위해 모잠비크 농업부 기술보급과장 등 5명을 초청하여 농촌진흥청, 농업기술센터 등 농업기관에서 연수를 실시하였다.또한 모잠비크에 조성된 전시포와 향후 건축&middot;운영될 영농기술교육훈련센터의 자립적인 운영과 지속적인 발전을 위하여 &lsquo;11.8.9일부터 한 달간 모잠비크 농업부 실무진과 농촌지도사 3명을 초청하여 영농기술, 농기계 운영？정비 등에 대한 집중적인 훈련을 제공하고 있다.금번 초청연수에 참가한 모잠비크 농업기술 관계자들은 &ldquo;한국에서 좋은 프로그램에 배우고 익힌 다양한 영농기술과 정보를 활용하여 모잠비크의 농업 생산성과 농가소득이 향상되어 빠른 시일 내에 식량부족 및 빈곤에서 벗어날 수 있기를 바라며, 이를 위해 최선을 다할 것이다&rdquo;라고 밝혔다.(2011.08.25. 농림수산식품부 홈페이지 보도자료)http://www.mifaff.go.kr/gonews/content_view.jsp?newsid=155441435&amp;section_id=b_sec_1",모잠비크에 한국 선진 영농기술 전수.hwp,http://www.fact.or.kr/action.do?action=farmtech%24file&seq=391&file_seq=1,2011.08.29,박병도,391,모잠비크에 한국 선진 영농기술 전수,432
"농림수산식품부는 지속적으로 증가하고 있는 귀농？귀촌 수요에 적극적으로 대응하고자 국내 최초로 전문 코디네이터를 양성 한다고 밝혔다.귀농？귀촌 코디네이터는 귀농 정책, 법률, 상담기법 등 체계적인 교육과정을 수료한 전문 인력으로 지역 및 품목 결정, 정보수집, 네트워크 형성 등 귀농 준비부터 실행까지 현장에서 종합 안내자 역할을 수행하게 된다.&nbsp;&nbsp;올해는 1차적으로 지자체 담당공무원 및 농협담당자 30명을 귀농？귀촌 코디네이터로 양성할 예정이다.『귀농？귀촌 코디네이터 양성교육』은 8월 29일부터 4박5일 동안 경기 과천 소재 &lsquo;로고스센터&rsquo;에서 진행된다.교육은 귀농&middot;귀촌시, 애로사항을 해결하기 위한 상담, 정보안내 등 실무 내용으로 구성될 예정이다.또한, 현장 이해를 돕기 위해 귀농？귀촌인 및 귀농희망자 대상으로 간담회를 실시하여 현장의 애로사항 및 필요 정보, 사례 등을 공유하기도 한다. 농림수산식품부 경영인력과 김종구 과장은 &ldquo;귀농？귀촌 코디네이터 양성으로 귀농&middot;귀촌을 희망하는 도시민에게 실질적인 도움이 될 것으로 기대한다&rdquo;고 밝혔다.농림수산식품부는 이번 시범사업의 성과를 평가하여 내년부터는 귀농정책자, 현장전문가 등 교육대상자를 확대해 나갈 계획이다.(2011.08.26. 농림수산식품부 홈페이지 보도자료)http://www.mifaff.go.kr/gonews/content_view.jsp?newsid=155441439&amp;section_id=b_sec_1",여러분의 귀농 귀촌 현장에서 도와드립니다.hwp,http://www.fact.or.kr/action.do?action=farmtech%24file&seq=390&file_seq=1,2011.08.29,박병도,390,귀농 귀촌 코디네이터 여러분의 귀농 귀촌 현장에서 도와드립니다.,451
"농림수산식품부 공고 제2011-369호2011년도 생명산업기술개발사업(CRO 육성) 시행계획 공고국가연구개발사업의 관리 등에 관한 규정 제6조 제1항에 의거 농식품분야 민간 R&amp;D 기반구축 및 투자활성화 촉진을 위하여 &quot;2011년도 생명산업기술개발사업(CRO 육성 시행계획&quot;을 다음과 같이 공고합니다.2011년 8월 19일농림수산식품부장관(2011.08.19. 농림수산식품부 홈페이지 공지&middot;공고)http://www.mifaff.go.kr/list.jsp?id=27920&amp;pageNo=1&amp;NOW_YEAR=2011&amp;group_id=3&amp;menu_id=123&amp;link_menu_id=123&amp;division=B&amp;board_kind=C&amp;board_skin_id=C2&amp;parent_code=58&amp;link_url=&amp;depth=2&amp;code=top&amp;link_target_yn=&amp;menu_introduction=&amp;menu_name=&amp;popup_yn=&amp;reference=&amp;tab_yn=N",2011년 생명산업기술개발사업(CRO 육성) 시행계획 공고.hwp,http://www.fact.or.kr/action.do?action=farmtech%24file&seq=389&file_seq=1,2011.08.29,박병도,389,2011년도 생명산업기술개발사업(CRO 육성) 시행계획 공고,427
"농림수산식품부 공고 제2011-369호2011년도 생명산업기술개발사업(CRO 육성) 시행계획 공고국가연구개발사업의 관리 등에 관한 규정 제6조 제1항에 의거 농식품분야 민간 R&amp;D 기반구축 및 투자활성화 촉진을 위하여 &quot;2011년도 생명산업기술개발사업(CRO 육성 시행계획&quot;을 다음과 같이 공고합니다.2011년 8월 19일농림수산식품부장관(2011.08.19. 농림수산식품부 홈페이지 공지&middot;공고)http://www.mifaff.go.kr/list.jsp?id=27920&amp;pageNo=1&amp;NOW_YEAR=2011&amp;group_id=3&amp;menu_id=123&amp;link_menu_id=123&amp;division=B&amp;board_kind=C&amp;board_skin_id=C2&amp;parent_code=58&amp;link_url=&amp;depth=2&amp;code=top&amp;link_target_yn=&amp;menu_introduction=&amp;menu_name=&amp;popup_yn=&amp;reference=&amp;tab_yn=N",2011년 CRO 신청요강.hwp,http://www.fact.or.kr/action.do?action=farmtech%24file&seq=389&file_seq=2,2011.08.29,박병도,389,2011년도 생명산업기술개발사업(CRO 육성) 시행계획 공고,427
"미 농무부(U.S. Department of Agriculture,&nbsp;USDA) 연구원들과&nbsp;일리노이대학(University of Illinois at Urbana-Champaign) 연구원들의 공동 연구 결과 앞으로 지면의 상승된 오존(groun-level ozone) 농도로 말미암아 대두(soybean) 작물의 수율이 평균 23%까지 감소될 수 있다는 사실이 밝혀졌다.(중략)이번 연구 결과 밝혀진 사실은 오존 농도가 82 ppb(parts per billion)인 대기에서 대두가 재배되는 경우 10 종류의 대두 모두의 경우 평균 23%의&nbsp;수율 감소가 발생된다는 것이었다. 이러한 결과는 앞으로 육종 등의 방법을 통해 오존에 대하여 내성을 지닌 품종의 개발이 필요하다는 사실을 지적해 주고 있다.수십 년 동안 대기 중의 오존 농도는 계속하여 증가하고 있기 대문에 처음에 연구원들은 보다 최근에 개발된 품종일수록 오존에 대한 내성이 더욱 좋을 것이라고 생각했었다. 그러나 1980년대 이래로 출시된 대두 품종들로부터 오존 내성이 두드러지게 향상되는 사실은 관찰되지 않았다. 이 연구는 농무부의 기후 변화에 대한 우선적 대응책 개발 관련 연구비 지원으로 진행이 되었으며 Plant, Cell and Environment지에&nbsp;그 연구가 보고되었다.(2011.08.29. 한국과학기술정보연구원 KISTI 미리안 글로벌동향브리핑)http://mirian.kisti.re.kr/global/global_v.jsp&nbsp;",2011.08.29,박병도,388,2050년을 내다보는 작물 수율 시험,450,2011년도 생명산업기술개발사업(CRO 육성) 시행계획 공고,427
"한 소형 종묘회사가 국내 최대 규모의 토종 종묘회사 수박 품종보호권을 침해했다 억대의 배상금을 물게 됐습니다.수원지법 민사합의7부는 수박종자 품종보호권을 침해당했다며 종묘회사 N 사가 K 종묘사 운영자들을 상대로 낸 손해배상 청구소송에서 &quot;7억 원을 배상하라&quot;며 원고 일부 승소 판결했습니다.(후략) (2011.08.25. 매일경제 갈태웅 기자)http://mbn.mk.co.kr/pages/news/newsView.php?news_seq_no=1098845",2011.08.26,박병도,387,"법원 ""수박 품종보호권 침해 7억 배상""",466,2011년도 생명산업기술개발사업(CRO 육성) 시행계획 공고,427
"격동기인 1980년 대부터 농민운동을 고집해오던 50대 부부가 '유기농 전도사'로 변신해 연간 수십억 원의 매출을 올려 화제다.주인공은 전남 무안 현경면에서 20여년 째 농민운동가로 활동해온 김용주(58)&middot;이정옥(57)씨 부부.김씨 부부가 유기농을 몸소 실천하기 시작한 것은 지난 1985년 무렵. 이후 지금껏 한결같이 고구마 재배포장에 새로운 황토를 넣고 유기질퇴비를 사용해 토양을 관리해오고 있다. 천적을 이용한 병해충 방제도 필수코스다.퇴비도 멸치액젓에서 추출한 부산물에 쌀겨, 깻묵, 숯 등 천연 자재를 활용해 생산하는 등 유기농법만을 고집했다.그 결과, 지난 2002년 국립농산물품질관리원으로부터 유기농산물 인증을 획득했고, 이듬해에는 '행복한 고구마'를 상표로 브랜드화에도 성공했다.2008년에는 농림수산식품부에서 공모한 '지역 농업 클러스터 사업'에 선정됐으며, 지난해에는 전국 클러스터사업단 중 최우수 사업단으로 선정되는 등 옛 무안황토 고구마의 명성을 되찾는데 일등공신 역할을 톡톡히 하고 있다.전남도도 이들의 독특한 농법을 인정, 올해 전국 최초로 도입한 '유기농 명인(名人)'으로 김씨 부부를 선정했다.(후략) (2011.08.22, 뉴시스)http://www.newsis.com/ar_detail/view.html?pID=10800&amp;cID=10809&amp;ar_id=NISX20110822_0009036791",2011.08.22,박병도,386,농민운동가 출신 20억대 '유기농 전도사',547,2011년도 생명산업기술개발사업(CRO 육성) 시행계획 공고,427
"정부에서는 &lsquo;09.10월「2020 종자산업 육성대책」을 마련하여&nbsp; 종자산업을 고부가가치 미래산업으로 육성하고 2020년도까지 종자 수출액을 현재 25백만달러에서 2억달러를 달성하기 위한 중장기적 종자산업육성 정책을 추진하고 있다.농림수산식품부는 종자산업 육성을 제도적으로 뒷받침을 하고자, 현행 종자산업법을 종자산업 육성 및 종자유통관리 위주로 하는 종자산업법 전부개정(안)과 식물신품종 육성자 권리보호 규정을 분리한「식물신품종보호법」제정(안)을 8.10일부터 8.29일까지 입법예고한다고 밝혔다.현행 종자산업법은 식물신품종 육성자 권리보호, 종자산업 육성 및 지원, 종자유통제도 등 성격이 다른 규정들이 혼재되어 법률의 체계 및 내용이 복잡하고 일반인들이 이해하기 어렵다는 지적을 받아왔다. 종자산업법 전부 개정안의 주요 내용을 살펴보면,&nbsp;종자기업의 경쟁력을 높이기 위해 &ldquo;종자산업진흥센터&rdquo;를 설립 하거나 지정하는 근거를 마련하고, 종자관련 산업계, 연구계가 일정한 지역에 모인 종자기술연구단지의 조성을 지원함으로써 종자업체의 초기 투자부담을 완화하며, 종자산업의 핵심인 품종육성 등 연구개발의 효율성을 제고하고자 하였다.또한, 정부에 생산&middot;공급하는 종자로 인한 피해발생 시, 피해비용을 지원하는 근거를 마련하였고, 통종자의 관리 강화를 위해 무등록 종자업자가 생산한 종자, 생산ㆍ판매 미신고 종자, 품질 미표시 종자 등에 대해 진열&middot;보관을 금지하고, 유통조사권한을 농림수산식품부장관 뿐만&nbsp; 아니라 시&middot;도지사에게도 부여하였다&nbsp;최근 늘어나는 종자분쟁을 신속히 해결하기 위해 요청하는 모든 종자에 대해 시험&middot;분석을 하고 종자분쟁관련 전문가로 구성된「종자분쟁조정위원회」를 설치하는 법적근거를 마련하였다식물신품종보호법 제정안의 주요 내용을 살펴보면, 종자산업법 중 절차법인 식물신품종 육성자의 권리보호관련 조항을 분리하여 식물신품종보호법을 제정하면서, 국제식물신품종보호연맹의 국제협약에 의거 2012년부터 보호대상이 모든 식물로 확대됨에 따라 관련 규정을 정비하고, 품종보호권 침해죄에 대한 벌칙을 &ldquo;5년이하의 징역 또는 3천만원 이하의 벌금&rdquo;에서 &ldquo;7년이하의 징역 또는 1억원이하의 벌금&rdquo;으로 상향조정함으로써 품종보호권 침해에 대한 경각심을 고취하여 품종육성자의 권리를 강화하고자 하였다.농림수산식품부 관계자는 입법예고 과정에서 수렴된 의견을 반영하여 법제처 심사, 국무회의 등의 절차를 거쳐 금년 중에 국회에 제출할 계획이라면서, 이번 개정내용은 농림수산식품부 홈페이지(http://www.mifaff.go.kr) 『정보광장-법령정보-입법/행정예고』란에 게재되었다고 말했다http://fair.korea.kr/newsWeb/pages/special/fair/index.do(2011.08.10. 농림수산식품부 홈페이지 보도자료)http://www.mifaff.go.kr/gonews/content_view.jsp?newsid=155441371&amp;section_id=b_sec_1",종자산업법 개정 및 식물신품종보호법 제정안 입법예고.hwp,http://www.fact.or.kr/action.do?action=farmtech%24file&seq=385&file_seq=1,2011.08.11,박병도,385,종자산업법 개정 및 식물신품종보호법 제정안 입법예고,590
"농림수산식품부 공고 제2011 - 349호2011년도 생명산업기술개발사업(현장우수기술발굴 과제) 시행계획 공고&nbsp;&nbsp;&nbsp;&nbsp;&nbsp;&nbsp; 민간(특정지역)에서 전래되는 현장 우수기술의 과학적 검증을 통하여 농업 현장문제의 조기해결과 산업화를 추진하기 위한&nbsp;2011년 생명산업기술개발사업(현장우수기술발굴 과제) 시행계획을 다음과 같이 공고합니다.&nbsp;2011년 8월 9일농림수산식품부장관 &nbsp;1. 추진목적&nbsp;○ 민간(특정지역)에서 전래되는 Know-How를 바탕으로 과학적으로 검증하여 현장의 우수기술 발굴&nbsp; - 품질？기능성 및 안전성 검증 등을 통해 상품화 및 산업화에 기여2. 공고 개요&nbsp; ○ &rsquo;11년 총지원규모 : 10억&nbsp; ○ 과제형태 : 일반과제(자유응모형)&nbsp; ○ 지원대상 : 대학, 정부출연연구기관, 기업체, 지자체(소관 연구기관 포함)&nbsp; ○ 정부출연금 및 자체부담금 비율(기업체 참여시)&nbsp;&nbsp; - 대기업 : 정부출연 50%, 자체부담 50%(자체부담금 중 현금 15% 이상)&nbsp;&nbsp; - 중소기업 : 정부출연 75%, 자체부담 24%(자체부담금 중 현금 15% 이상)&nbsp; ○ 공고기간 : &rsquo;11. 8. 9.(화) ~ 9. 8.(목), 31일간&nbsp; ○ 접수기간 : &rsquo;11. 8. 29.(월) ~ 9. 8.(목) 18:00 까지3. 공고 내용&nbsp; ○ 지원분야 : 현장우수기술 발굴&nbsp; ○ 지원규모 : 과제 계획서 및 연구내용에 따라 과제당 연간 3억원 이내&nbsp; ○ 연구기간 : 과제당 3년 이내&nbsp;&nbsp;&nbsp; * 상세 지원내용은 붙임「생명산업기술개발사업(현장우수기술발굴) 제안요구서」참조&nbsp;&nbsp;&nbsp; * 예산상황, 평가결과 등에 따라 연구비？연구기간이 조정될 수 있음&nbsp;&nbsp;&nbsp; * 본 사업은 생명산업기술개발사업의 내역사업으로 운영되므로 식품, 수산 분야는 지원 분야에서 제외함4. 신청요령 및 평가사항&nbsp; ○ 접수방법 : 농기평 연구관리시스템(www.ipet.re.kr)에 접속하여 안내에 따라 접수절차를 진행(우편？인편으로 접수 불가)&nbsp; ○ 신청서류 : 연구개발계획서(신청용) 1부&nbsp;&nbsp;&nbsp;&nbsp;&nbsp; * 연구개발계획서의 직인 부분은 스캔하여 연구개발계획서에 첨부하여 한글문서 파일로 통합&nbsp; ○ 선정 평가 절차, 기준 및 신청자격 등은 &ldquo;농림수산식품연구개발사업 운영규정&rdquo;(훈령-264호, &lsquo;11. 8.)에 의함5. 문의처 및 기타사항&nbsp; ○ 연구개발계획서 작성시 신청요강 참조(별첨)&nbsp; ○ 주관연구책임자 및 연구기관의 자격유무, 신청서류의 미비, 위반사항 제재 및 신청한 연구개발계획서의 내용이 제안요구서의 요건에 충족하지 않을 경우 선정평가 대상에서 제외될 수 있음&nbsp; ○ 접수된 자료는 일체 반환하지 않음&nbsp; ○ 문의처 : 농림수산식품기술기획평가원 사업관리실(031-420-6762~7)(2011.8.09. 농림수산식품부 홈페이지 공지&middot;공고)http://www.mifaff.go.kr/list.jsp?id=27895&amp;pageNo=1&amp;NOW_YEAR=2011&amp;group_id=3&amp;menu_id=123&amp;link_menu_id=123&amp;division=B&amp;board_kind=C&amp;board_skin_id= C2&amp;parent_code=58&amp;link_url=&amp;depth=2&amp;code=top&amp;link_target_yn=&amp;menu_introduction=&amp;menu_name=&amp;popup_yn=&amp;reference=&amp;tab_yn=N",2011년 현장우수기술발굴사업 시행계획 공고.hwp,http://www.fact.or.kr/action.do?action=farmtech%24file&seq=384&file_seq=1,2011.08.11,박병도,384,2011년도 생명산업기술개발사업(현장우수기술발굴 과제) 시행계획 공고,594
"감귤류 식물들은 Huanglongbing으로도 알려진 감귤 그린병에 대하여 매우 취약하다. 이 질병은 2005년 플로리다주에서 발견되었으며 감귤류 재배지에 계속해서 빠르게 확산되고 있다. 이 질병에 감염되면 감귤 열매가 여물기도 전에 땅에 떨어지거나, 열매가 달려 있다고 하더라도 익지 않는다.현재 이 병에 감염된 나무를 검출해 내는데 중합효소 연쇄 반응(PCR, Polymerase chain reaction)이라는 DNA 시험법을 사용하고 있으나, 이 방법은 시간과 비용이 많이 소모되는 단점이 있다.&nbsp;미국 농업연구청(ARS,&nbsp;Agricultural Research Service)&nbsp;아열대식물 병리연구실과 품질 안전성 평가 연구실 소속 연구들은 &quot;전반사 푸리에 변환 적외선 흡수 분광학(FTIR-ATR, Fourier transform infrared-attenuated total reflection spectroscopy)&quot; 기술을 활용하여&nbsp;이 병에 감염된 식물체를 95%의 정확도로 신속하게 동정할 수 있는 기술을 개발하였다.FTIR-ATR에서는 시료 내에 존재하는 화학물질과 반응들을 동정하는데 광선을 이용하며, 식물체에 질병이 가시화되기 전에 감지할 수 있고, PCR보다 비용이 적게들고 분석이 신속하게 진행되는 장점이 있다.&nbsp;질병의 존재 여부를 시험하기 위해 감귤나무잎을 따낸 후 마이크로파 오븐을 이용해 건조시키고 이를 분쇄한 뒤 적은 양의 분말을 ATR 플레이트 상단에 올려 놓으면 병에 감염된 잎과 그렇지 않은 건강한 잎을 명백하게 구별할 수 있다.(후략) (2011.08.10. 한국과학기술정보연구원 KISTI 미리안 글로벌동향브리핑의 내용을 게시자가 편집함)http://mirian.kisti.re.kr/global/global_v.jsp",2011.08.11,박병도,383,감귤 그린병에 대한 새로운 신속 검출법의 개발,617,2011년도 생명산업기술개발사업(현장우수기술발굴 과제) 시행계획 공고,594
"영국 워릭대학교 자연과학대학의 워릭농작물센터가 전 세계 양파 품종 96종의 질병 저항성에 관한 독특한 정보의 모음집을 개발하였다. 이는 양파에 영향을 미치는 골치 아픈 질병을 방지하고자 하는 상업용 재배자들과 종자 생산업자에게는 종요한 자원이 될 것이다. 또한, 이번 작업은 비료 소비량을 줄이고 가뭄 내성을 향상시키는 등 커다란 이익을 가져다 줄 수 있다.환경식품농촌부(Defra)에서 지원받은 이번 연구에서 양파에 관한 작업은 같은 대학의 생명과학대학 연구원인 Andrew Taylor박사가 주도하였다. 그는 유럽, 호주, 뉴질랜드, 아프리카, 인도, 미국, 일본산 양파 96종의 핵심 형질을 시험하고 기록했다. 이 자료는 재배자가 양파 구근 부패를 유발하는 Fusarium oxysporum에 저항할 수 있으며, 이로운 곰팡이인 수지상 균근균(Arbuscular Mycorrhizal Fungi)에 잘 반응하는 양파 품종을 개발하는데 결정적인 정보를 제공한다. 이러한 곰팡이와의 상호작용이 향상되면 비료의 양을 상당히 줄인 양파의 영양소 흡수를 도울 수 있다. 이러한 곰팡이는 질병 저항성 향상과 가뭄 내성 증가와 같은 기타 이로운 효과도 가져온다.이번 연구는 개개의 상업적 재배자와 종자 생산업체에 도움이 될 뿐만 아니라, 특히 온도 증가가 문제가 되는 상황에서 전 세계 식량 안전성에 상당한 기여를 할 것이다. 구근 부패는 더운 조건에서 더욱 활발하고 급격하게 발전하기 때문에 온도 증가를 다룰 때 Fusarium oxysporum에 대한 저항성 증진이 더욱 중요해진다.(후략) (2011.8.10. 과학기술정보연구원&nbsp;KISTI 미리안 글로벌동향브리핑 중&nbsp;게시자&nbsp;일부 편집)http://mirian.kisti.re.kr/global/global_v.jsp&nbsp;",2011.08.10,박병도,382,전 세계 양파의 질병 저항성 관련 정보 모음 개발,598,2011년도 생명산업기술개발사업(현장우수기술발굴 과제) 시행계획 공고,594
"농림수산식품부는 2011년도 종축장 종합평가결과 우수 종축장(종돈장 9개소, 종계장 2개소)에 대한 현판 전달식이 &lsquo;11.8.3일 제1축산회관 회의실에서 개최된다고 밝혔다.&nbsp;이번 종축장 종합평가는 지난 4월 종축장 평가계획 공고후 평가에 참여한 종돈장 17개소, 종계장 4개소를 대상으로 서류심사 및 현지실사를 거쳐 선정되었다.&nbsp;&nbsp;&nbsp; * 우수종돈장 : 농협 불갑농장(전남 영광), 신평종돈(경북 김천), 가야육종(경남 고성), 활천농장(경남 하동), 서원종돈(충북 보은), 형제농장(경북 의성), 조산농장(전남 함평), 우성팜(경북 우성), 원산종돈(경남 거창)&nbsp;&nbsp;&nbsp; * 우수종계장 : 마니커 문경지점(경북 문경), 재성(경기 평택)평가결과 우수 종축장에 대해서는 운영자금(49억원)을 지원할 계획이며 시설개선을 희망하는 경우 축사시설현대화사업에서 우선적으로 지원할 계획이다.종축장 종합평가는 양돈？양계농가에게 능력이 우수한 종축을 선택할 수 있도록 정보를 제공하고, 종축장간 경쟁을 통한 전문화 및 청정화를 유도하기 위해 &lsquo;09년부터 실시되고 있으며.&nbsp;종합평가는 국립축산과학원을 중심으로 농가, 학계, 관련기관 등으로 평가위원회를 구성(각 10인 이내)하고 동 위원회에서 사육규모, 분양실적, 위생？방역관리 수준, 검정실적 등을 종합적으로 고려하여 평가기준을 마련하여 시행하고 있다.그동안 우수 종축장 인증은 법적 뒷받침 없이 추진되었으나 지난해 축산법을 개정하여 우수 종축장 인증을 제도화 하였다.농식품부는 종축장 종합평가를 실시한 결과 종축장 간 경쟁을 유도하고 전문화 및 청정화를 위한 업계 노력이 빠르게 진행되고 있다고 판단하고, 지속적으로 추진한다고 밝혔다.또한, 종축장 종합평가와 병행하여 가축전염병예방법에 의한 종축장별 위생수준 공개도 추진할 계획이라고 밝혔다.(2011.08.03. 농림수산식품부 홈페이지 보도자료)http://www.mifaff.go.kr/gonews/content_view.jsp?newsid=155441329&amp;section_id=b_sec_1",2011 종축장 종합평가 결과.hwp,http://www.fact.or.kr/action.do?action=farmtech%24file&seq=381&file_seq=1,2011.08.09,박병도,381,종축장 종합평가 결과 우수종축장 현판전달식,391
"미국 미네소타대학교 식품공업 천연자원과학대학 식품과학 및 영양학 교수인 Dan O'Sullivan 등 연구진은 살모넬라, 대장균, 디스테리아균 등 해로운 세균을 죽이기 위해 식품에 첨가 가능한 무해 세균이 생산하는 펩타이드인 천연 발생 란티바이오틱(lantibiotic)을 발견하고 이에 대한 특허를 획득했다.(중략)이 란티바이오틱은 육류, 가공 치즈, 달걀 및 유제품, 통조림 식품, 해산물, 샐러드드레싱, 발효 음료 및 많은 기타 식품에서 해로운 세균의 증식을 방지하기 위해 사용될 수 있다. 식품 안전성이라는 이점 외에도 란티바이오틱은 소화가 쉽고, 독성이 없으며, 알레르기를 유발하지 않으며, 위해 세균들이 저항성을 발전시키기 어렵다는 이점이 있다. 오설리반은 세균 게놈을 연구하다 린타바이오틱을 우연히 발견했으며 같은 대학의 대학원생인 이주훈과 협력하여 연구를 계속했다. 같은 학교 기술상업화사무국에서는 현재 이 기술의 실시권자를 찾고 있다.(후략)(2011.08.09. 한국과학기술정보연구원 KISTI 미리안 글로벌동향브리핑 게시자 편집)http://mirian.kisti.re.kr/global/global_v.jsp",2011.08.09,박병도,380,음식 유래 세균을 제거하는 천연 식품 보존제 발견,565,종축장 종합평가 결과 우수종축장 현판전달식,391
"국립 한국농수산대학(총장 배종하, 이하 한농대)은 8일(월) 베트남 현지에서 진행한 복토직파기술(벼농사) 현지시험을 지역관계자들의 호평 속에 성공리에 마무리했다고 밝혔다.복토직파기술이란 못자리와 모내기를 따로 하는 기존의 벼농사 방식과 달리 발아된 볍씨와 밑거름&#8228;규산질 비료를 나란히 뿌리면서 동시에 처리하는 기술로 국내를 비롯해 방글라데시, 미얀마, 카메룬, 쿠바 등 세계 23개국에 보급되고 있다.지난해 10월 한&#8228;베트남 정상회의 기간 중 복토직파기술을 현지에서 시연해 베트남 농업관계자들의 이목을 끈바 있으며, 이를 계기로 한농대와 베트남농림대학교는 MOU를 체결했다.올해 본격적으로 베트남농업과학원(VAAS)의 작물연구소 주관으로 건기(3~6월)와 우기(7~10월), 2차례 진행한 재배시험에서 기존의 손 모내기 농법에 비해 작업량과 파종량, 생산비가 크게 절감하는 효과를 얻었다.(2010.11.9, 농림수산식품부 홈페이지 보도자료)http://www.mifaff.go.kr/gonews/content_view.jsp?newsid=155440002&amp;section_id=b_sec_1 ",한농대 복토직파기술 베트남 전파.hwp,http://www.fact.or.kr/action.do?action=farmtech%24file&seq=379&file_seq=1,2010.11.10,이진필,379,"“한농대, 복토직파기술 베트남 전파”",433
"미국에너지부의 연구에 의하면 평범한 길가의 잡풀이 바이오연료의 새로운 자원으로 사용되는데 필요한 조건을 가진 것으로 조사되었다. 미국농림부의 농업연구청(Agricultural Research Service: ARS) 내부 과학자들은 길가에 자라는 pennycress가 바이오디젤 생산에 사용될 수 있는 기름을 가진 씨앗을 상당량 생산하고 있다는 것을 발견하였다.야생 pennycress는 canola(서양유채), camelina(양구슬냉이) 및 겨자와 함께 Brassicaceae 계열에 속하며 기름이 풍부한 씨앗을 많이 생산한다. ARS의 미국농림부의 바이오에너지를 위한 새로운 자원을 개발하고자 하는 노력을 지원하고 있다. ARS의 화학자인 Bryan Moser, Gerhard Knothe 및 Terry Isbell과 식물생리학자인 Steven Vaughn는 pennycress의 잠재성을 조사하기 위해 팀을 형성하였다.야생 pennycress에서 기름을 얻은 과학자들은 기름을 산으로 처리하고 야생 pennycress와 메탄올을 반응시켜 바이오디젤과 글리세롤을 얻었다. 약간의 보충적인 정제과정을 거쳐 최종 산물인 바이오디젤 연료를 제조하였으며, 이 바이오디젤을 미국 시험 및 재료학회가 제정한 기준에 맞는지 시험하였다. 시험결과에 의하면 약간의 작업에 의해 이전에 문제가 되었던 pennycress가 상업용 제품으로 사용할 수 있다는 것이 판명되었다. (후략) (2010.11.10, 한국과학기술정보연구원(KISTI) 미리안 '글로벌동향브리핑')http://mirian.kisti.re.kr/global/global_v.jsp ",2010.11.10,이진필,378,잡풀에서 새로운 바이오연료 공급원으로 변신한 pennycress(말냉이),420,"“한농대, 복토직파기술 베트남 전파”",433
"중국에서 연간 30만톤의 밀짚(straw) 발효 정제공업 산업화 생산리인이 2010년 9월 20일에 중국 길림성 송원래화 화학유한회사에서 정식으로 가동되었으며 테스트 생산에도 성공했다.이번 생산 라인은 중국과학원 공정연구소 생물화학공정 국가지정실험실인 Chen Hong hang 연구팀에서 연구개발한 것이며 이 연구소에서 시작한 국가 973 항목인 &quot;밀짚자원을 높은 가치의 생태자원으로 만드는 핵심공정과 기초연구&quot;의 확장 연구에 속한다.송원래화화학유한회사는 농업폐기물의 종합적 이용 및 연구개발의 초점을 맞추고 있는 민간기업이다. 이 회사는 2007년부터 중국과학원공정연구소와 함께 기술합작을 하여 &quot;짚의 hemicellulose의 butanol 발효와 종합이용기술&quot; 시범공정을 시작하였다. 그 중 &quot;600톤/년의 밀짚 butanol의 중간테스트 장치&quot;는 2009년 10월에 이미 중국과학원에서 조직한 전문가 검증 과정을 통과했고 이런 기술과 전체 장비세트는 국제 최고수준에 이른다고 평가하였다.(후략) (2010.11.05, 한국과학기술정보연구원(KISTI), 미리안 '글로벌동향브리핑')http://mirian.kisti.re.kr/global/global_v.jsp ",2010.11.05,이진필,377,"중국, 30만톤/년 밀짚 재활용 정제 산업화 생산 성공",424,"“한농대, 복토직파기술 베트남 전파”",433
"아이오와 주립대학교의 Jacob Petrich가 주도한 연구 프로젝트에&nbsp; 따르면, 광우병과 유사한 신경성 장애인 scrapie에 감염된 양은 눈에 파란 여기광원(excitation light)을 비췄을 때 강렬한, 거의 하얀 빛을 낸다고 한다. 이번 발견은 소의 광우병과 사람의 크로이펠트--야콥병 같은 진행성이자 치명적인 신경성 질병인 전염성&nbsp;해면상 뇌증(tranmissional spongiform encephalopathies. TSE: 뇌에 스펀지 형태의 변형을 일으키는 전염성 질병)에 대한 빠르고 비침습적인 검진을 위한 기술과 기법이 개발될 수 있음을 시사한다. 실제도 Petrich는 검진 장치를 개발 중이다. 이번 발견은 올해 초 Analytical Chemistry에 게재되었다. 이 프로젝트는 국방부로부터 연구비를 지원받았다. (중략)연구진은 73마리의 양에서 140개의 안구를 수집했다. 이 중 35마리는 스크래피에 감염되었고, 38마리는 감염되지 않았다. 연구진은 모든 양을 대상으로 눈의 다양한 부분에서 형광성을 측정했다. Petrich는 &quot;핵심은 스크래피 양성 망막은 강렬한 형광색을 나타냈다는 점이다. 스크래피 음성 망막은 그렇지 않았다.&quot; (후략) (2010.10.29, 한국과학기술정보연구원(KISTI) 미리나 '글로벌동향브리핑')http://mirian.kisti.re.kr/global/global_v.jsp",2010.11.01,이진필,376,가축의 신경성 질별 검진을 위한 눈 검사 개발,457,"“한농대, 복토직파기술 베트남 전파”",433
"과학자들은 전 세계 인구의 3분의 1이 주식으로 삼고 있는 곡식이지만, 잘 알려지지 않은 종류에 해당하는 흑미가 알레르기, 천식 및 기타 질병과 관련된 염증을 완화시키는 데 도움을 줄 수 있다는 증거를 내놓았다. 이번 연구는 ACS의 Journal of Agricultural and Food Chemistry에 게재되었다.Mendel Friedman과 동료들은 이전에 수행했던 연구에서 흑미겨를 섭취할 때 몇 가지 건강상 이점들이 발견되었다는 사실을 언급했다. 겨는 곡물의 겉껍질로서, 우리에게 익숙한 백미로 만들이 위해 현미 가공과정에서 제거되는 부분이다. 이들 실험은 모두 세포배양조건에서 이루어졌는데, 염증을 발생시키는 히스타민의 분비를 흑미겨가 억제할 수 있다는 힌트를 제공한 실험들이었다.연구진은 새로운 연구에서는 실험실 쥐의 피부 염증에 미치는 흑미겨 추출물의 영향을 살펴보았다. 연구진이 흑미겨 추출물을 쥐에게 주입하자 대조군에 비해 피부 염증이 약 32% 감소되었으며, 염증을 촉진시키는 것으로 알려진 특정 물질들의 생성도 감소되었다. 그러나, 연구진은 현미겨 추출물은 이러한 효과를 나타내지 않았다고 말했다. 연구진이 10% 흑미겨를 포함한 사료를 쥐에게 먹였을 경우에는 흔한 피부 자극의 하나인 알레르기 접촉 피부염과 관련된 부기를 감소시켰다.이번 발견은 항염증 및 항알리르기 식품 성분으로서의 흑미겨의 잠재적인 가치를 보여주며, 또한 만성 염증과 관련된 질병의 치료 및 예방에 효과적인 약재로서의 가능성도 지니고 있음을 보여주었다고 논문에서 밝히고 있다.(2010.10.29, 한국과학기술정보연구원(KISTI) 미리안 '글로벌동향브리핑')http://mirian.kisti.re.kr/global/global_v.jsp",2010.11.01,이진필,375,"흑미겨, 질병 관련 염증 치료에 도움",566,"“한농대, 복토직파기술 베트남 전파”",433
"농림수산식품부는 경기도 남양주시 등 21개 시&middot;군에서 2010년 11월 5일자로 「영농여건불리농지」 2만ha(194천필지)를 지정하고, 이를 고시했다고 밝혔다. &nbsp;&nbsp;&nbsp; * 21개 시&middot;군 : 부산 기장, 경기 이천&middot;용인&middot;가평&middot;남양주, 강원 횡성&middot;영월&middot;양양, 충북 옥천&middot;영동&middot;증평&middot;괴산, 충남 당진&middot;태안, 전북 순창, 전남 순천&middot;화순, 경북 경주&middot;청송, 경남 사천&middot;함양&nbsp;&nbsp; ○ 이번 지정&middot;고시는 지난해 농지법 개정(&lsquo;09.11.28)이후 시&middot;군에서 추진해 온 현지 조사&middot;확인이 먼저 완료된 21개 시&middot;군의 영농여건불리농지를 최초로 지정하여 고시한 것이다.&nbsp;&nbsp; ○ 영농여건불리농지는 읍&middot;면지역의 농업진흥지역 밖에 있는 평균 경사율이 15%이상이고, 집단화된 규모가 2ha 미만인 농지 중에서 시장&middot;군수가 영농여건이 불리하고 생산성이 낮다고 인정하는 농지를 지정하게 된다.&nbsp;&nbsp;&nbsp; * 영농여건불리농지 : 140개 시&middot;군, 12만ha내외 추정&nbsp;&nbsp; 영농여건불리농지는 자기의 농업경영에 이용하지 않더라도 누구든지 취득하여 소유할 수 있으며, 임대도 가능하기 때문에 고령으로 인한 영농이 불편한 농지의 유휴화 방지 등 농지의 효율적 이용이 기대된다. &nbsp;&nbsp; ○ 영농여건불리농지를 취득하려는 경우에는 일반농지와 달리 농업경영계획서를 작성하지 않고 농지취득자격증명을 신청할 수 있다.&nbsp; ○ 또한, 영농여건불리농지를 전용하여 주택 등을 건축하고자 할 때에는 농지전용허가를 받는 대신 시장&middot;군수에게 신고만으로 농지를 전용할 수 있다.&nbsp; ○ 영농여건불리농지는 필지별로 토지이용계획확인서를 통해 확인할 수 있으며, 시&middot;군에 비치된 지적도를 열람하거나 토지이용규제정보서비스(http://luris.mltm.go.kr)에서 볼 수 있다.&nbsp;&nbsp; 농림수산식품부는 영농여건불리농지 지정대상 140개 시&middot;군 중 나머지 119개시&middot;군에서도 추진 중에 있는 현지 조사&middot;확인이 끝나는 대로 영농여건불리농지를 지정&middot;고시하여 올해 안에 모두 완료할 계획이라고 밝혔다. (2010.11.8, 농림수산식품부 홈페이지 보도자료)http://www.mifaff.go.kr/gonews/content_view.jsp?newsid=155439988&amp;section_id=b_sec_1&nbsp;",영농여건불리농지.hwp,http://www.fact.or.kr/action.do?action=farmtech%24file&seq=374&file_seq=1,2010.11.10,이진필,374,21개 시&#8228;군 영농여건불리농지 2만ha 지정&#8228;고시,543
"□ 농림수산식품부는 도시와 농촌이 함께하는『2010 생명평화환경농업대축제』를 (사)환경농업단체연합회 등의 주관으로 11월 13일(토, 10:30～16:30)까지 서울 동승동 대학로 일대에서 개최한다고 밝혔다.&nbsp;○ 이번 축제는 농업&#8228;농촌의 위기극복 방안이자 우리농업의 대안인 친환경유기농업을 널리 알리기 위해 시민들과 함께 체험하는 친환경농업한마당을 연출하고&nbsp;○ 건강한 먹을거리와 쌀소비 촉진을 의미하는 &lsquo;생명밥상을 주세요&rsquo;라는 슬로건을 내세워 도시민에게 친환경농산물을 전시&#8228;홍보할 계획이다.&nbsp;○ 세부행사로는 가톨릭농민회 사물놀이, 친환경농산물 관련 퍼즐맞추기, 대중가수 공연 등 다채로운 문화행사가 열릴 예정으로 가족단위 참가자에게 많은 볼거리를 제공하고&nbsp;○ 이번 축제를 통하여 친환경농산물 소비촉진의 계기가 되고 친환경농업의 생태적&#8228;환경적 가치를 확산하는 계기가 될 것으로 기대된다.□ 특히, 올해 친환경농업 발전과 육성에 크게 기여한 기초지방자치단체, 생산자(단체), 관계기관 등을 발굴&#8228;수상하는 제7회 친환경농업대상 시상식이 병행행사로 진행된다.(2010.11.8, 농림수산식품부 홈페이지 보도자료)http://www.mifaff.go.kr/gonews/content_view.jsp?newsid=155439997&amp;section_id=b_sec_1",2010 생명평화환경농업대축제 개최.hwp,http://www.fact.or.kr/action.do?action=farmtech%24file&seq=373&file_seq=1,2010.11.10,이진필,373,시민들과 함께하는 친환경유기농업 한마당 ‘2010 생명평화환경농업대축제 개최’,510
"농림수산식품부 공고 제&nbsp;393&nbsp; 호&nbsp;&nbsp;&nbsp;&nbsp;&nbsp;&nbsp;&nbsp;&nbsp;&nbsp; 2011년 농어업경영컨설팅 업체 인증 계획2011년 농어업경영컨설팅사업에 참여하고자 하는 컨설팅업체에 대한 신규인증과 기존업체에 대한 재인증 계획을 첨부와 같이 공고하오니, 2011년 11월 23일까지 농업인재개발원에 필요한 서류를 우편으로 접수시켜 주시기 바랍니다.인증과 관련된 사항은 농업인재개발원 교육기획팀(전화, 031-460-8933, 031-460-8924)으로 문의하시기 바랍니다.(2010.11.8, 농림수산식품부 홈페이지, 보도자료)http://www.mifaff.go.kr/list.jsp?id=27472&amp;pageNo=1&amp;NOW_YEAR=2010&amp;group_id=3&amp;menu_id=123&amp;link_menu_id=123&amp;division=B&amp;board_kind=C&amp;board_skin_id=C2&amp;parent_code=58&amp;link_url=&amp;depth=2&amp;code=top&amp;link_target_yn=&amp;menu_introduction=&amp;menu_name=&amp;popup_yn=&amp;reference=&amp;tab_yn=N",농어업경영컨설팅업체인증계획-공고문(2011년).hwp,http://www.fact.or.kr/action.do?action=farmtech%24file&seq=372&file_seq=1,2010.11.10,이진필,372,2011년 농어업경영컨설팅 업체 인증 계획,530
"논은 온실가스로 알려진 메탄의 중요한 인위적 발생원으로 알려져 있다. 논 토양과 같은 혐기성 상태에서 다양한 유기물이 메탄 생성균에 의해 분해되어 메탄이 발생한다. 기후변화에 관한 정부간 패널(IPCC, Intergivernmental Panel on Climate Change)은 각국이 온실가스 발생량의 산정을 실시하기 위해 IPCC의 가이드라인을 작성했다. 이 가이드라인은 2006년에 개정되었으며, 논에서 발생되는 메탄 발생량의 산정에 대해서는 일본 농업환경기술연구소(National Institute for Agro-Environmental Sciences)의 물질순환연구영역 연구그룹의 성과를 기초로 보다 정밀도가 높은 산정방법이 되었다. 본 연구에서는 이 가이드라인의 산정방법과 세계의 논 경작에 관한 통계자료를 이용하여 세계 논에서 발생되는 메탄의 발생량과 저감 가능량에 관하여 추정하였다.세계의 벼농사에 관하여 관개답(灌漑畓), 천수답(天水畓) 등 형태별 벼 수확면적, 재배기간 전과 재배기간 중의 물 관리, 사용하는 유기물의 형태와 양에 관한 데이터베이스를 작성하고, 각국 및 각 지역별로 산정하였다. 그 결과, 2000년의 1년간 논으로부터의 메탄발생량은 전 세계에서 25.6Tg(2,560만톤)이며, 몬테카를로 시뮬레이션*에 의한 95% 신뢰도 구간은 14.8&sim;41.7g였다. 일본의 과거&nbsp;연구사례에서는 논에서의 메탄발생량을&nbsp;과대평가하고 있었던 것으로 생각되었다. 그리고 논의 지리분포 자료로부터 메탄 발생의 지리분포를 나타냈다. 국가별로 보면, 중국과 인도의 합계가 세계의 약 반을 차지하며, 아시아지역 전체가 93%를 차지하는 것으로 밝혀졌다. 또한 일본에서의 발생량은 2%를 차지하고 있었다. (후략) (2010.11.5, 한국과학기술정보연구원(KISTI), 미리안 '글로벌동향브리핑')&nbsp;* 몬테카를로 시뮬레이션이란 불확실한 상황하에서의 의사결정을 목적으로 확률적시스템의 모의 실험에 이용되는 절차를 말한다. 몬테카를로 시뮬레이션의 핵심은 모형의 확률요소들에 대한 실험인데 이는 확률적 또는 우연결과를 발생시켜 주는 도구를 이용하여 수행된다. 이 도구는 모형에서 가정한 확률분포에 따라 무작위표본추출에 의해서 우연결과를 발생시켜 주는데 이용된다. 따라서 몬테카를로 시뮬레이션을 모의적 표본 추출법(simulated sampling technique)이라고도 한다. 우연결과 또는 확률적 결과를 발생시켜 주는데 이용되는 도구로는 주사 위나 룰렛바퀴(roulett wheel), 복권추첨에 이용되는 숫자공 등이 있으며, 가장 일반적으로 쓰이는 것은 난수(random number)이며 컴퓨터에 의해 발생되는 의사난수(pseudo-random number) 등이 있다. 몬테카를로 시뮬레이션의 시행을 위한 절차로는 단계 1, 확률변수의 확률분포를 얻고 단계 2, 누적확률분포를 설정 단계 3, 확률변수의 값이나 값의 범위를 나타내기 위해서 적절한 난 수의 집합-난수의 구간-을 할당한다. 단계 4, 무작위표본추출을 이용하여 시뮬레이션실험을 실시 마지막으로 단계 5에서 행동방안을 설계&middot;시행하고 통제한다.(게재자 주, 네이버 백과사전)http://mirian.kisti.re.kr/global/global_v.jsp ",2010.11.05,이진필,371,세계 논에서의 메탄 발생량과 그 저감 가능성의 추정,392,2011년 농어업경영컨설팅 업체 인증 계획,530
"최근 미국 Arizona State University와&nbsp; 노르웨이 Norweigian University의 공동 연구진은 온라인 공개 학술지인 Public Library of Science(PLoS) ONE을 통해 꿀벌들도 사람처럼 노화에 따라 학습능력이 감퇴한다는 흥미로운 사실을 보고하였다. 원래 꿀벌은 방향감각이 매우&nbsp; 뛰어나서, 3&sim;4일 비행하여 매우 먼&nbsp;곳에 있는 꽃까지 도달해 꿀을 채취한 후&nbsp;다시 자신의 벌집으로 되돌아온다. 그러나&nbsp;이 연구보고에 따르면 꿀벌은 연령이&nbsp;높아지면서 벌집으로 되돌아오는 길을&nbsp;찾는 능력이&nbsp;현저히 떨어지고, 새로운 곳으로 이동하면 찾지 못하는 등 뇌의&nbsp;기능이 저하된다는 것이다. (중략)&nbsp;연구진은 벌통의 위치가 바뀌면 벌들의 연령에 따라 어떻게 적응하는 지 관찰하기 위해서, 벌들을 상대적으로 젊고(mature) 늙은(old) 두 그룹으로 나누어 새로운 벌통의 위치를 인식하게 하고 종전에 벌통에 대한 기억을 사라지게 하였다. 또한 이들 벌들에게 기존의 벌통을 이용하지 못하게 하는 한편, 새로운 벌통에 적응하는 훈련을 시켰다. 그런 후에 연구진은 새로운 벌통의 위치를 숨겨 두 그룹의 벌들에게 벌통의 의치를 찾게 하였다. 조사결과 상대적은 젊은 벌들에 비해 늙은 벌들의 대다수는 새로운 벌통의 위치를 찾지 못하고 종전에 있던 벌통의 위치를 맴돌았다. (후략) (2010.10.27, 한국과학기술정보연구원(KISTI) 미리안 '글로벌동향브리핑')http://mirian.kisti.re.kr/global/global_v.jsp ",2010.10.27,이진필,370,꿀벌도 늙으면 뇌기능이 떨어진다,356,2011년 농어업경영컨설팅 업체 인증 계획,530
"화학비료가 여러 작물 병원균들 사이의 경쟁을 감소시키기 때문에, 오히려 더 작물의 병원균을 번성시킬 수 있다는 새로운 연구결과가 나왔다. 영국의&nbsp; Centre for Ecology&amp; Hydrology, Imperial College London, University of Southhampton 공동 연구진은 유기농-비유기농 재배작물과 병해충의 상관관계에 대해서 연구하였고, 이 연구의 결과를 영국 왕립학술지(Proceedings of the Royal Society B) 최근호에 게재하였다.(중략)실험결과, 무비료 처리군과 유기질 비료 처리군에서 두 해충간에 뚜렷한 경쟁이 관찰된 반면, 암묘늄 질산 비료에서는 경쟁이 없었다. 즉, 화학비료를 처리한 식물에서는 오히려 두 해충의 개체수가 증가한 것이다. 이러한 결과에 대해 이번 논문의 주저자인 Dr. Joannna Staley는 &quot;암모늄 질산이 식물체의 질을&nbsp;높인 결과이다. 즉, 잎의 질소 함량을 높여 진딧물 집단이 상호 간에 경쟁 없이 개체수를 늘릴 수&nbsp;있었던 것&quot;이러 해석하였다.(후략) (2010.10.21, 한국과학기술정보연구원(KISTI) 미리안 '글로벌동향브리핑)http://mirian.kisti.re.kr/global/global_v.jsp&nbsp; ",2010.10.26,이진필,369,화학비료가 오히려 병해충을 증가시킬 수 있다.,380,2011년 농어업경영컨설팅 업체 인증 계획,530
&nbsp;&nbsp; 본 보고서는 국가연구개발 특허기술동향조사 사업으로 한국특허정보원에서 전담하여 (주)윕스에서 수행한 &quot;GMO 개발&quot; 관련 특허동향 및 조사분석 보고서입니다.&nbsp;,20091231_GMO개발(윕스).pdf,http://www.fact.or.kr/action.do?action=farmtech%24file&seq=368&file_seq=1,2010.06.03,이진필,368,GMO 개발,563
&nbsp;&nbsp; 본 보고서는 국가연구개발 특허기술동향조사 사업으로 한국특허정보원에서 전담하여 플러스 국제특허법률사무소에서 수행한 &quot;특용작물&quot; 관련 특허동향 및 조사분석 보고서입니다.&nbsp;,20091231_특용작물(플러스특허사무소).pdf,http://www.fact.or.kr/action.do?action=farmtech%24file&seq=367&file_seq=1,2010.06.03,이진필,367,"특용작물 ",481
&nbsp;&nbsp; 본 보고서는 국가연구개발 특허기술동향조사 사업으로 한국특허정보원에서 전담하여 21세기 국제특허법률사무소에서 수행한 &quot;친환경 유기농업 기술&quot; 관련 특허동향 및 조사분석 보고서입니다.&nbsp;,20091231_친환경유기농업기술(21세기특허사무소).pdf,http://www.fact.or.kr/action.do?action=farmtech%24file&seq=366&file_seq=1,2010.06.03,이진필,366,친환경 유기농업 기술,493
&nbsp;&nbsp; 본 보고서는 국가연구개발 특허기술동향조사 사업으로 한국특허정보원에서 전담하여 태평양 특허법인에서 수행한 &quot;축산(한우 돼지 가금류)_특수 가축의 국제 경쟁력 강화기술&quot; 관련 특허동향 및 조사분석 보고서입니다.&nbsp;,20091231_축산(한우돼지가금류_특수가축의국제경쟁력강화기술)(태평양특허법인).pdf,http://www.fact.or.kr/action.do?action=farmtech%24file&seq=365&file_seq=1,2010.06.03,이진필,365,축산(한우 돼지 가금류_특수 가축의 국제 경쟁력 강화기술),548
&nbsp;&nbsp; 본 보고서는 국가연구개발 특허기술동향조사 사업으로 한국특허정보원에서 전담하여 명문 특허법인에서 수행한 &quot;축산(고품질 우유생산 및 생산성 향상 기술&quot; 관련 특허동향 및 조사분석 보고서입니다.&nbsp;,20091231_축산(고품질우유생산및생산성향상기술)(명문특허법인).pdf,http://www.fact.or.kr/action.do?action=farmtech%24file&seq=364&file_seq=1,2010.06.03,이진필,364,축산(고품질 우유생산 및 생산성 향상 기술),526
&nbsp;&nbsp; 본 보고서는 국가연구개발 특허기술동향조사 사업으로 한국특허정보원에서 전담하여 다나 특허법인에서 수행한 &quot;종자&quot; 관련 특허동향 및 조사분석 보고서입니다.&nbsp;,20091231_종자(다나특허법인).pdf,http://www.fact.or.kr/action.do?action=farmtech%24file&seq=363&file_seq=1,2010.06.03,이진필,363,종자,556
&nbsp;&nbsp; 본 보고서는 국가연구개발 특허기술동향조사 사업으로 한국특허정보원에서 전담하여 리 인터네셔널 국제특허법률사무소에서 수행한 &quot;조사료 이용&quot; 관련 특허동향 및 조사분석 보고서입니다.&nbsp;,20091231_조사료이용(리인터내셔널특허사무소).pdf,http://www.fact.or.kr/action.do?action=farmtech%24file&seq=362&file_seq=1,2010.06.03,이진필,362,조사료 이용,536
&nbsp;&nbsp; 본 보고서는 국가연구개발 특허기술동향조사 사업으로 한국특허정보원에서 전담하여 다울 특허법인에서 수행한 &quot;조사료 개발&quot; 관련 특허동향 및 조사분석 보고서입니다.&nbsp;,20091231_조사료개발(다울특허법인).pdf,http://www.fact.or.kr/action.do?action=farmtech%24file&seq=361&file_seq=1,2010.06.03,이진필,361,조사료 개발,335
&nbsp;&nbsp; 본 보고서는 국가연구개발 특허기술동향조사 사업으로 한국특허정보원에서 전담하여 시옥텍(주)에서 수행한 &quot;전통 식품자원의 발굴 및 보전&quot; 관련 특허동향 및 조사분석 보고서입니다.&nbsp;,20091231_전통식물자원의발굴및보전(시온텍).pdf,http://www.fact.or.kr/action.do?action=farmtech%24file&seq=360&file_seq=1,2010.06.03,이진필,360,전통 식품자원의 발굴 및 보전,347
&nbsp;&nbsp; 본 보고서는 국가연구개발 특허기술동향조사 사업으로 한국특허정보원에서 전담하여 플러스 국제특허법률사무소에서 수행한 &quot;원예기술&quot; 관련 특허동향 및 조사분석 보고서입니다.&nbsp;,20091231_저탄소녹생성장기술개발(그린특허사무소).pdf,http://www.fact.or.kr/action.do?action=farmtech%24file&seq=359&file_seq=1,2010.06.03,이진필,359,저탄소 녹색성장 기술개발,383
&nbsp;&nbsp; 본 보고서는 국가연구개발 특허기술동향조사 사업으로 한국특허정보원에서 전담하여 플러스 국제특허법률사무소에서 수행한 &quot;원예기술&quot; 관련 특허동향 및 조사분석 보고서입니다.&nbsp;,20091231_원예작물(플러스특허사무소).pdf,http://www.fact.or.kr/action.do?action=farmtech%24file&seq=358&file_seq=1,2010.06.03,이진필,358,원예작물,380
&nbsp; 본 보고서는 국가연구개발 특허기술동향조사 사업으로 한국특허정보원에서 전담하여 유미 특허법인에서 수행한 &quot;신 재생 에너지&quot; 관련 특허동향 및 조사분석 보고서입니다.&nbsp;,20091231_신재생에너지(유미특허법인).pdf,http://www.fact.or.kr/action.do?action=farmtech%24file&seq=357&file_seq=1,2010.06.03,이진필,357,신 재생 에너지,393
&nbsp;&nbsp; 본 보고서는 국가연구개발 특허기술동향조사 사업으로 한국특허정보원에서 전담하여 유미 특허법인에서 수행한 &quot;신 기능성 농식품&quot; 관련 특허동향 및 조사분석 보고서입니다.&nbsp;,20091231_신기능성농식품(유미특허법인).pdf,http://www.fact.or.kr/action.do?action=farmtech%24file&seq=356&file_seq=1,2010.06.03,이진필,356,신 기능성 농식품,450
&nbsp;&nbsp; 본 보고서는 국가연구개발 특허기술동향조사 사업으로 한국특허정보원에서 전담하여 (주)테크란에서 수행한 &quot;식량 자급률 향상&quot; 관련 특허동향 및 조사분석 보고서입니다.&nbsp;,20091231_식량자급률향상(테크란).pdf,http://www.fact.or.kr/action.do?action=farmtech%24file&seq=355&file_seq=1,2010.06.03,이진필,355,식량 자급률 향상,509
&nbsp;&nbsp; 본 보고서는 국가연구개발 특허기술동향조사 사업으로 한국특허정보원에서 전담하여 하나 국제특허법률사무소에서 수행한 &quot;수확 후 관리 및 가공기술&quot; 관련 특허동향 및 조사분석 보고서입니다.,20091231_수확후관리및가공기술(하나특허사무소).pdf,http://www.fact.or.kr/action.do?action=farmtech%24file&seq=354&file_seq=1,2010.06.03,이진필,354,수확 후 관리 및 가공기술,516
&nbsp;&nbsp; 본 보고서는 국가연구개발 특허기술동향조사 사업으로 한국특허정보원에서 전담하여 한양 특허법인에서 수행한 &quot;산림곤충자원의 현황파악 및 활용기반 수립에 관한 연구&quot; 관련 특허동향 및 조사분석 보고서입니다.&nbsp;,20091231_산림곤충자원의현황파악및활용기반수립에관한연구(한양특허법인).pdf,http://www.fact.or.kr/action.do?action=farmtech%24file&seq=353&file_seq=1,2010.06.03,이진필,353,산림곤충자원의 현황파악 및 활용기반 수립에 관한 연구,513
&nbsp;&nbsp; 본 보고서는 국가연구개발 특허기술동향조사 사업으로 한국특허정보원에서 전담하여 대주 국제특허법률사무소에서 수행한 &quot;병충해 잡초 안전관리&quot; 관련 특허동향 및 조사분석 보고서입니다.&nbsp;,20091231_병해충잡초안전관리(대주특허사무소).pdf,http://www.fact.or.kr/action.do?action=farmtech%24file&seq=352&file_seq=1,2010.06.03,이진필,352,병충해 잡초 안전관리,512
&nbsp;&nbsp; 본 보고서는 국가연구개발 특허기술동향조사 사업으로 한국특허정보원에서 전담하여 노벨 국제특허법률사무소에서 수행한 &quot;동식물 생산공장 시스템&quot; 관련 특허동향 및 조사분석 보고서입니다.&nbsp;,20091231_동식물생산공장시스템(노벨특허사무소).pdf,http://www.fact.or.kr/action.do?action=farmtech%24file&seq=351&file_seq=1,2010.06.03,이진필,351,동식물 생산공장 시스템,327
&nbsp;본 보고서는 국가연구개발 특허기술동향조사 사업으로 한국특허정보원에서 전담하여 이룸 국제특허법률사무소에서 수행한 &quot;농축산 부산물 자원화&quot; 관련 특허동향 및 조사분석 보고서입니다.&nbsp;,20091231_농축산부산물자원화(이룸특허법인).pdf,http://www.fact.or.kr/action.do?action=farmtech%24file&seq=350&file_seq=1,2010.06.03,이진필,350,농축산 부산물 자원화,359
&nbsp; 본 보고서는 국가연구개발 특허기술동향조사 사업으로 한국특허정보원에서 전담하여 C&amp;S 로고스에서 수행한 &quot;농식품 안전 관리&quot; 관련 특허동향 및 조사분석 보고서입니다.&nbsp;,20091231_농식품안전관리(C&S로고스).pdf,http://www.fact.or.kr/action.do?action=farmtech%24file&seq=349&file_seq=1,2010.06.03,이진필,349,농식품 안전 관리,364
"오리곤 주립대학교 연구진은 신선한 블루베리를 다루는 새로운 기법을 개발했다. 이 새로운 기법은 시장 출시를 위해 블루베리를 사전 세척하여 식용 코팅하는 방법을 포함하여, 오레곤의 인기있는 작물의 유통기한을 연장시켜 판매를 위한 새로운 시장을 열게 될 것이다.식용 코팅재는 오리곤 주립대학교의 농업과학대학의 과학자들에 의해 Duke와 Eliot이라는 두 가지의 블루베리의 품질을 개선하고 보관을 연장하기 위해 사용되고 있다. 이 코팅재는 부패와 블루베리 세척 후의 수분 손실도 늦출 수 있다.2년간의 시험에서, 신선한 블루베리는 우선 염소 처리된 물로 세척된 후 저장용기에 옮겨지기 전에 다섯 가지 식용 코팅재 중 하나에 담가졌다. 15일이 경과된 후에 블루베리의 품질이 평가되었다. 이번 연구결과는 이 기법이 유통기한 감소 없이 바로 먹을 수 있는 블루베리를 개발하는데 사용될 수 있음을 시사한다.(후략) (2010.10.14, 한국과학기술정보연구원 정보분석본부)http://mirian.kisti.re.kr/global/global_v.jsp ",2010.10.14,이진필,348,블루베리의 부패를 막고 유통기한을 연장시키는 식용 코팅재,431,농식품 안전 관리,364
"새로운 연구결과에 따르면, 최근 러시아의 밀 위기를 초래했던 흉작의 경우처럼, 혹독한 기상 사건의 빈도가 증가함에 따라 대규모 흉작이 기후 변화하에서는 보다 흔한 일이 될 것 같다. 그러나, 영국의 리즈대학교(University of Leeds)와 기상청(the Met Office Hadley Center), 엑세터대학교(University of Exeter)가 실시한 연구에 따르면 농업에 있어서의 이러한 사건들이 가져오는 최악의 영향은 농법의 개선과 새로운 농작물의 개발로 완화될 수 있다고 한다.날씨의 예측불가능성은 변화하는 기후에 적응하기 위해 고군분투하는 농부들에게 닥친 가장 큰 도전과제 중 하나이다. 세계의 일부 지역은 더욱 덥고 건조해지고 있고, 강도를 더한 장맛비는 홍수와 작물피해의 위험을 몰고 온다. 가뭄과 산불을 동반한 여름은 올해 러시아 전역의 농작물을 극적으로 강타해 정부에서는 밀 수출의 금지령을 내리기에 이르렀다. 이는 전 세계적인 상품시장에 있어 소비재 가격 상승이라는 연쇄적인 효과를 가져올 정도로 극적인 가격 상승을 초래했다. 그러나 Environment Research Letters에 실린 새로운 연구논문의 저자들은 열과 물 관련 스트레스에 더욱 내성을 지닌 새로운 작물과 투자 확대 등의 사회경제학적 조치의 조합을 통해 기후변화에의 적응이 가능하다고 주장한다.(후략) (2010.10.14, 한국과학기술정보연구원 정보분석본부)http://mirian.kisti.re.kr/global/global_v.jsp ",2010.10.14,이진필,347,기후변화 하에서 늘기 시작한 흉작,421,농식품 안전 관리,364
"국립농업과학원(원장 정광용)에서는 선진 외국의 최근 연구개발동향을 정리하여 제공하고 있습니다. 농식품 연구자, 정책입안자, 농업인 모두에게 유용한 정보가 되리라 생각합니다. 이에 따라 재단에서는 국립농업과학원과 협의하여 매주 제공되는&nbsp;선진&nbsp;외국의 최근 연구개발동향을 제공하고자 합니다.이번 동향에는 다음과 같은 내용을 제공하였습니다.1. 와인제조에 있어서 알코올 생산량의 저감화2. FAO의 농약라벨 표시 기준3. 밀 genome sequence의 해독4. 초파리를 이용한 인간 암(human cancer) 연구5. 토양도를 이용한 산불발생지역 토양유실 평가기술 개발6. 바이오매스 증산을 위한 당대사의 생물공학 연구자세한 내용은 아래&nbsp;URL(연구정보-농업기술개발동향-선진외국 최근 연구개발동향(91))을 통해 볼 수 있습니다.&nbsp;http://www.naas.go.kr/ ",2010.09.16,이진필,346,선진 외국의 최근 연구개발동향(9.9),462,농식품 안전 관리,364
"펜스테이트 대학 낙농연구자가 개발한 색다른 사료 보조제를 사용해 온실가스의 주용 공급원인 소 트림을 감소시킬 수 있다고 한다.낙농영양과 부교수인 Alexander Hristov에 따르면, 일련의 실험실에서의 실험과 살아있는 동물 실험 결과, 오래가노를 기초로 한 보조제가 젖소의 메탄 가스 배출을 40% 감소시킬 뿐만 아니라 우유 생산을 개선시켰다고 한다, 이 천연 메탄 절감 보조제는 더욱 깨끗한 환경과 더욱 생산적인 낙농활동을 초래할 것으로 보인다.&quot;소는 실제로 메탄 가스의 주요 생산자에 해당하고, 메탄은 중요한 온실가스이다. 사실은 전 세계적으로 가축들이 인공적인 메탄(anthropogenic methane)의 37%를 배출한다&quot;라고 Hristov는 말했다. 인공적인 메탄이란 농업과 같은 인간의 활동에 의해 생산되는 메탄을 말한다.(후략) (2010.9.15, 한국과학기술정보연구원 정보분석본부)http://mirian.kisti.re.kr/global/global_v.jsp ",2010.09.16,이진필,345,소 트림을 줄여 온실가스 배출을 감소시키는 색다른 사료 보조제,544,농식품 안전 관리,364
"사육 중인 돼지에 옥수수 주정박(distillers dried grains with solubles, DDGS)을 사료로 먹이는 일에 대한 관심이 증가함에 따라 이것의 소화성에 관해 많은 질문이 제기되고 있다. 일리노이주립대학교의 동물학과 부교수인 Hans H. Stein은 &quot;이전의 연구는 옥수수 주정박의 에너지가 옥수수에 비해 많지만, 돼지는 옥수수보다는 옥수수 주정박의 에너지를 더 잘 소화시키지 못함을 보여준다. 우리는 그 이유를 밝히고자 했다&quot; 라고 말했다.Stein의 연구진은 옥수수 주정박과 옥수수 간의 이러한 소화성 차에에 대해 이해하고자 했다. 그는 옥수수와 옥수수 주정박 사이의 가장 큰 차이점은 섬유소 함량에 있다고 전했다. 섬유소는 옥수수 주정박의 총 에너지에 기여하지만, 돼지들이 옥수수 주정박에 들어 있는 섬유소를 어떻게 이용하는지에 대해서는 알려진 바가 별로 없다.Stein은 &quot;우리는 돼지 사료에 들어있는 이 에너지 공급원의 이용을 개선하고 싶다. 우선은 옥수수 주정박에 든 섬유소의 역할을 이해할 필요가 있다&quot;라고 말했다. 또한 &quot;우리의 연구 결과는 옥수수 주정박에 든 섬유소의 이용률이 전반적으로 낮아서 50%에 못 미친다는 점을 보여주었다. 섬유소는 수용성 또는 불용성 섬유소로 특징지어진다. 수용성 섬유소는 팩틴과&nbsp;몇몇 헤미셀룰로오즈와 올리고당으로 이루어져 있다&quot;라고 말했다. (후략) (2010.9.15, 한국과학기술정보연구원 정보분석본부)&nbsp;http://mirian.kisti.re.kr/global/global_v.jsp ",2010.09.16,이진필,344,"돼지 연구자들, 섬유소의 낮은 소화성의 원인을 찾다",517,농식품 안전 관리,364
"중국은 국가 식량안전을 보장하기 위해 밀, 옥수수를 원료로 bio-ethanol, biodiesel 등을 생산하는 것을 제한하고 있어 앞으로 에너지림이 주요 바이오매스에너지 원료가 될 전망이다.'제2차 바이오매스에너지기술 국제회의(ICBT 2010)'(이하 국제회의)가 중국 베이징에서 개최되었다. 이 국제회의에서는 주요하게 바이오매스자원 개발, 바이오매스 연료가스, 바이오매스 액체연료, 바이오기반 화학품 및 소재 등 4개 의제를 놓고 연구 토론을 진행하였다. 국제회의에서 전한 소식에 따르면, 중국 정부는 이미 바이오매스에너지 발전을 국가 발전 전략의 일환으로 경상시켰으며 구체적인 발전 목표도 확정했다.(후략) (2010.8.30, 한국과학기술정보연구원 정보분석본부)http://mirian.kisti.re.kr/global/global_v.jsp",2010.09.06,이진필,343,"에너지림, 바이오매스에너지 주요 원료로 부상",516,농식품 안전 관리,364
"새로운 연구 결과에 따르면, 올리브유 제조 시 항산화제가 풍부한 폐기물을 다른 오일과 식품의 기능성 재료의 용도로 추출할 수 있다고 한다. Fodd Chemistry에 게재된 이번 연구에서는 항산화제가 풍부한 용액이 올리브유 공장 폐기물로부터 추출될 수 있으며, 식품과 오일에 항산화제 수준을 높이는데 사용될 수 있다고 말한다.&quot;올리브유 공장 폐기물로부터 유래한 페놀성 추출물은 식품의 안정성을 증가시키기 위해 합성 항산화제 대체물로 이용될 수 있다&quot; 라고 그리스 아테네기술교육원(Technological Educational Institution of Athens)의 Evanzelos Lazos가 이끄는 연구진은 서술했다.(후략) (2010.8.31, 한국과학기술정보연구원 정보분석본부)http://mirian.kisti.re.kr/global/global_v.jsp ",2010.09.01,이진필,342,올리브유 폐기물의 활용,535,농식품 안전 관리,364
"2010년 8월 25일 미국 농무부(USDA; U.s. Department of Agriculture) 산하 산림연구소(Forest Product Laboratory)의 Charles Frihart 박사를 주축으로 하는 연구진은 석유로 만든 나무용 접착제를 대신할 수 있는 지속 가능하고 환경 친화적인 접착제를 제안했다. 연구진은 두유나 두부에 존재하는 물질을 이용한 콩을 근간으로 하는 접착제(soy-based glue)가 가구, 캐비닛, 바닥재 및 기타 나무제품 등에 사용될 수 있는 차세대 친환경 접착제로 활용될 수 있다고 밝혔다.새로운 접착제는 대두 소맥분(soy flour)과 물에 저항하는 종이 타월을 만드는데 이용되는 첨가물을 함유하고 있다. 이접착제는 인테리어 제품을&nbsp;위한 상용&nbsp;나무 접착제로 작용할&nbsp;뿐 아니라 전통적인 합판(plyeood), 파티클 보드(particleboard) 및 다른 구성 제품 등으로부터 배출되는&nbsp;유해한 포름알데히드 증기(formaldehyde vapor)를 배출하지 않는다.(후략) (2010.8.31, 한국과학기술정보연구원 정보분석본부)&nbsp;http://mirian.kisti.re.kr/global/global_v.jsp ",2010.09.01,이진필,341,두부 추출물로 만드는 포름알데히드가 없는 친환경 접착제,360,농식품 안전 관리,364
"미시간주립대학교 생화학자들은 식물이 결빙 온도로부터 자신을 방어하는 방법을 알아냈는데, 이 결과는 가뭄이나 다른 극적인 환경에 대해 식물이 내성을 가지게 되는 메커니즘 발견으로 이어질 수 있다.이 발견은 식물생물학에 있어서 두 가지 고전적인 문제를 연결시킨다고 생화학 및 분자 생물학 교수인 Christoph Benning 박사는 말한다. 그 하나는 식물이 결빙으로부터 스스로를 보호하는 문제로 학자들은 오랫동안 세포막이 관계되는 문제로 생각해 왔으나 정확히 어떤 방식으로 인지는 밝혀지지 않았었다. 다른 하나는 엽록체에서 식물의 지질 대사에 관여하는 어떤 미지의 효소를 암호화하는 유전자에 대한 것이다. 즉, 광합성에 대한 태양에너지의 화학에너지로 전환을 담당하는 세포 소기관(엽록체)의 기능에 부합되도록 막의 기본 골격인 지질이 구성되는 방법에 대한 것이다.(후략) (2010.8.31, 한국과학기술정보연구원 정보분석본부)http://mirian.kisti.re.kr/global/global_v.jsp ",2010.09.01,이진필,340,식물이 얼지않게 하는 새로운 메커니즘,350,농식품 안전 관리,364
"미국 정부는 '10년 8월 25일 처음으로 식용 주전자조작 동물에 대한 승인 절차를 개시했다. 미 식품 및 의약품안정청(이하 FDA)은 비판 측에서는 &quot;프랑캔생선&quot;이라고 부르고 있는 유전자 조작 연어를 인간이 먹을 수 있게 할지를 놓고 앞으로 60일간 자문을 받고 공청회를 실시한다고 발표했다. 승인 절차에는 1년 미만의 기간이 소요될 수 있으며 일이 잘 풀릴 경우 유전자조작 연어는 18개월 후 시장에 판매될 수 있다.환경주의자와 과학자들은 향후 결정이 경계석이 되리라 보고 있다. 만약 이번 건이 승인될 경우 광범위한 유전자조작 동물들이 식용으로 판매되는 길이 열리게 될 것이다. 과학자들은 만약 승인이 거부될 경우라면 연구에 부정적인 영향을 미치게 될 것이라고 말했다. 그 이유 중 하나는 이 연구를 통해 돈을 벌 수 있는 길이 없기 때문이다. FDA의 고려 사항 중 하나는 만약 연어가 식용 승인을 받을 경우 반드시 유전적으로 처리되었다(genetically engineered)는 표지를 달아야 하는지에 대한 것이다.(후략) (2010.8.31, 한국과학기술정보연구원 정보분석본부)http://mirian.kisti.re.kr/global/global_v.jsp ",2010.09.01,이진필,339,"미 FDA, 식용 유전자조작 동물 시판을 위한 절차 개시",341,농식품 안전 관리,364
"- 무항생제 사료 급여 우수농가 사례집 제작&middot;배포농림수산식품부는 2011년 하반기부터 실시되는 사료 첨가용 항생제 사용 전면금지 조치에 대한 대응방안의 일환으로 무항생제 사료급여 우수농가 10농가를 선정하고, 이들 농가의 우수사례를 담은 책자를 9월중에 발간한다고 밝혔다.&nbsp;○ 이들 10농가는 지난 16일 농식품부, 농촌진흥청 축산과학원, 대한양돈협회, 한국양계협회 등이 참석한 선정심의회의에서,&nbsp;○ 시&middot;도 및 국립농산물품질관리원에서 추천한 100농가를 대상으로 사료급여, 사양관리, 생산성, 방역&middot;위생, 유통 부문별로 평가하여 선정되었다.&nbsp;이번에 선정된 우수농가 중 양돈부문의 경기 이천 성지농장(이범호 씨)은 전업규모 이상인 4,900두를 사육하고 있지만, 수의사 처방에 의한 질병치료 이력관리를 하고 있으며, 무항생제 사료급여와 친환경적 사육밀도로 폐사율이 2%수준이다.&nbsp;○ 충북 진천의 원산 PIG KING 농장(이욱희 씨)은 전업규모 수준인 3,200두를 사육하고 있으며, 폐사율 3&sim;5% 수준으로 질병방역을 백신접종과 봉침요법으로 하고, 무항생제를 사료급여하고 있는 친환경 축산 선도 농가이다.&nbsp;양계부문의 경기 용인의 청려원농장(김영석 씨)은 산란계 400천수를 사육하는 기업형 농장으로, 2003년부터 무항생제 사육을 시작하여 현재는 안정화 단계의 농가이며, 수의사 처방전에 의한 질병관리, ALL-in ALL-out에 의하여 사양 환경을 양호하게 유지관리하고 있는 농장이다.&nbsp;사료용 항생제는 2005년 5월부터 항생제 44종 중 28종을 사료 내 첨가하는 것이 금지되었으며, 2009년 1월부터는 7종을 사료 내 첨가하는 것을 금지하여, 현재 사료 첨가용으로 남아있는 항생제 8종과 항균제 1종도 2011년 하반기부터 전면금지할 계획이다.&nbsp;○ 사료 첨가용 항생제 : (종전) 44종 &rarr;(&lsquo;05.5) 16 &rarr;(&rsquo;09.1) 9 &rarr; (&lsquo;11.7) 0&nbsp;한편, 농식품부는 축산업의 근본적인 체질개선을 통하여 항생제를 쓰지 않는 여건을 만들기 위해 ▲축사시설 현대화 ▲축산업 면허제 도입 등 제도적 기반 마련 ▲농가별 맞춤형 질병 컨설팅 ▲천연물질 등을 활용한 항생제 대체물질 개발&middot;보급 등을 추진하고 있다.&nbsp;그동안 정부의 항생제 저감 정책에 따라 항생제 사용량이 대폭 줄어들었으며, 항생제 감축에 따른 생산성 하락 등 부작용은 크지 않은 것으로 나타났다.&nbsp;○ 국립수의과학검역원에서 &ldquo;가축 항생제 사용 및 실태&rdquo;를 조사한 결과, 사료 첨가용 항생제 사용량은 '09년 237톤으로 '08년 447톤에 비해 무려 47%가 감소한 것으로 나타났으며,&nbsp;○ 항생제 사용 감소에도 불구하고 전국적인 생산성은 향상된 것으로 나타났다.&nbsp;&nbsp;&nbsp;- MSY(연간 모돈 두당 출하두수) : (&lsquo;07) 13.5두 &rarr; (&rsquo;08) 14.8 &rarr; (&lsquo;09) 15.2 (2010.7.21, 농림수산식품부 홈페이지 보도자료)http://mifaff.korea.kr/gonews/branch.do?act=detailView&amp;type=news&amp;section=b_sec_1&amp;dataId=155618754",무항생제 우수농가 이흥철.hwp,http://www.fact.or.kr/action.do?action=farmtech%24file&seq=338&file_seq=1,2010.07.26,이진필,338,사료용 항생제 감축을 통한 안전 축산물 생산 확대,393
"리서치 전문회사 데이터모니터사는 전 세계 글루텐 프리 시장이 12억 달러 규모로 성장하여 향후 5년 동안 43억 달러의 가치를 지니게 될 것이라고 전망했다. 독립적인 시장 분석기관인 데이터모니터사가 실시한 연구에 따르면, 글루텐 프리 제품의 미국 시장은 2014년까지 5억 달러 이상의 규모로 성장, 전 세계 시장의 53%라는 엄청난 비율로 기여하게 될 것이라고 전망했다.&quot;전 세계 시장의 절반 이상을 미국이 차지하게 된 이유는 어느 정도 미국에서 유행하는 다이어트의 인기에서 비롯되었다고 할 수 있다&quot;라고 데이터모니터사의 소비자 분석가 Mark Whalley는 말했다. &quot;또한 글루텐 프리 식단에 솔깃한 사람들이 있으며, 이들은 셀리악병* 환자들의 수보다 훨씬 많아지고 있다. 이와 함께, 셀리악병에 관련된 수많은 증상들이 셀리악병 환자 아닌 사람들 사이에 우려를 증폭시켜 결과적으로 이용 가능한 글루텐 프리 제품 시장을 증가시키고 있다.&quot; (후략) (2010.7.21, 한국과학기술정보연구원 정보분석본부)*소장에서 일어나는 알레르기 질환으로, 장 내의 영양분 흡수를 저해하는 글루텐에 대한 감수성이 일어남으로써 증세가 나타나며, 대부분 생후 2주의 유아에서부터 1년 정도의 어린이에게서 시작되며, 드물게는 성인이 된 후에 처음 나타나는 경우도 있음(게시자 주, 네이버 백과사전)http://mirian.kisti.re.kr/global/global_v.jsp ",2010.07.21,이진필,337,글루텐 프리 식품의 미래,414,사료용 항생제 감축을 통한 안전 축산물 생산 확대,393
"많은 의사들이 태어난지 얼마 안된 영아들에게는 우유를 주지 않기를 권장한다. 수유 전문가들은 거기서 더 나아가서 딱딱한 음식을 먹이기 전에 모유만을 먹이라고 충고해왔다. 그러나 Tel Aviv&nbsp; 대학의 연구진들은 신생아가 초기 15일동안 우유를 먹으면 아기들이 추후에 위험한 알레르기로부터 보호받을 수 있다고 주장했다.Tel Aviv 대학 의과대학의 소아학과 Yitzhak Katz 교수는 유아식 형태로 우유 단백질을 일찍 접한 아기가 더 늦게 먹은 아기에 비해 우유 알레르기가 생기는 것을 막을 수 있다는 것을 밝혀냈다. &quot;아기에게 규칙적으로 매일 우유 단백질을 준 여성들의 아기들은 거의 완벽하게 급성 우유 알레르기 반응을 없앨 수 있었다&quot;고 그는 보고했다. 그의 발견은 Allergy and Clinical Immunology 최근호에 게재되었다.(후략) (2010.7.20, 한국과학기술정보연구원 정보분석본부)http://mirian.kisti.re.kr/global/global_v.jsp ",2010.07.20,이진필,336,우유를 일찍 접하면 알레르기 저항성이 증대된다,410,사료용 항생제 감축을 통한 안전 축산물 생산 확대,393
"&nbsp;&nbsp;농림수산식품부(장관 장태평)는 「기술의 이전 및 산업화 촉진에 관한 법률」(이하 &lsquo;기촉법&rsquo;)에 의하여 농림수산식품 분야 최초의 기술거래기관 및 기술평가기관으로 농업기술실용화재단(이하 &lsquo;실용화재단&rsquo;)을 지난 7월 5일 지정하였다고 밝혔다.&nbsp;기술거래기관은 사업화를 위해 기술공급자와 수요자 간 기술거래를 추진, 기술평가기관은 기술시장의 흐름에 따라 개발된 기술의 가치를 평가하는 법적 기관으로 지금까지는 농림수산식품 기술분야 전문성을 가진 기관이 없었다.&nbsp;&nbsp;○ 이에 농림수산식품 분야 최초의 기술거래기관과 기술평가기관을 지정하여 타 분야에 비해 열악했던 기술거래&middot;평가업무에 대한 전문성과 공신력을 부여함으로써 농식품 연구개발 성과의 기술이전 및 사업화를 촉진하는 기반을 마련하였다는 의의가 있다.&nbsp;&nbsp;○ 또한, 타분야와 동등하게 준비하여 경쟁력을 확보하기 위해 지난 4월 지식경제부가 공고한 절차에 따라 지정신청, 자문위원회(한국산업기술진흥원)에 자문을 의뢰하였고, 자문위원회에서 그에 대한 의견을 제시하여 옴에 따라 기술거래기관과 기술평가기관을 지정하였다.&nbsp;농림수산식품부 관계자는 현재 기술력 평가를 통한 금융지원 방안 등을 마련 중이며, 기술평가기관으로서 실용화재단을 적극 활용할 계획이라고 밝혔다.(2010.7.12, 농림수산식품부 홈페이지 보도자료)http://mifaff.korea.kr/gonews/branch.do?act=detailView&amp;type=news&amp;section=b_sec_1&amp;dataId=155588151",기술거래 및 기술평가기관 지정.hwp,http://www.fact.or.kr/action.do?action=farmtech%24file&seq=335&file_seq=1,2010.07.15,이진필,335,"농림수산식품 R&D, 이제 가치평가와 거래를 농식품부가 주도한다",494
"학술지 NAture 최신호에 의하면 유전물질 특허권에 대한 유럽사법재판소의 결정을 둘러싼 논쟁이 격화되고 있다.&nbsp;초국적 기업인 몬산토(Monsanto)사가 보유하고 있던 DNA특허권에 대한 유럽사법재판소(Europe Court of Justice)의 판결로 생명공학계에 논란이 일고 있다. 생명공학기업들은 이번 유럽사법재판소의 결정은 자신들이 유럽연합에서 특허권을 보호하는데 문제가 있다고 우려를 나타내고 있다.유럽사법재판소의 판결 내용지난 1996년 이후 몬산토사는 자사가 생산하고 있는 라운드업 제초제(Roundup herbicide; 한국 상품명 근사미), 특히 활성인자인 glyphosate에 저항성을 갖고 있는 콩의 유전자에 대한 특허권을 갖고 있었다. 하지만 몬산토사는 아르헨티나에서는 특허권을 취득하지 못했고, 이 라운드업 제초제에 저항성을 갖고 있는 콩(일명 Roundup Ready Bean)은 허가를 받지 않고도 경작할 수 잇다. 아르헨티나의 농업관계자들은 이 콩을 수확하고 처리하여 제품을 유럽, 특히 네덜란드에 수출하고 있다.아르헨티나의 재배자들로부터 아직 되찾지 못한 손실액을 보상받기 위한 노력으로 몬산토사는 네덜란드의 로테르담에 위치한 수입업체인 Cefetra사 등의 수입업체들을 고소했다. 몬산토사는 수입된 콩음식이 유럽에서 특허권으로 보호되고 있는 DNA염기서열을 포함하고 있다고 주장했다. 룩셈부르크에 위치한 유럽연합의 최고 사법재판부인 유럽사법재판소는 지난 7월 6일 몬산토사는 콩음식의 수입을 막을 수 없다고 판결을 내렸다. 이 콩음식에 포함된 DNA는 처음에 몬산토사가 특허권 보호를 얻을 당시에 주장한 기능을 갖지 못한다고 보고 있다.(후략) (2010.7.15, 한국과학기술정보연구원 정보분석본부)http://mirian.kisti.re.kr/global/global_v.jsp ",2010.07.15,이진필,334,유럽사법재판소의 DNA 특허권 판결과 논란,487,"농림수산식품 R&D, 이제 가치평가와 거래를 농식품부가 주도한다",494
"오는 2020년까지 중국의 생물산업 경제규모는 6조 위안(약 9,000억 달러)을 돌파할 것으로 전망.지난 7월 9일에 폐막된 '제2차 중국 건겅과학기술 정상 포럼 및 신특약 박람회'에서 중국 생물기술발전센터 왕훙광(王宏廣) 주임은 &quot;지난해 중국 생물과 의약산업 GDP는 처음으로 1조 위안을 넘었으며 앞으로 각종 지원 정책과 핵심 기술을 바탕으로 오는 2020년까지 생물의학, 생물농업, 생물제조, 생물에너지, 생물안전 등 분야에서의 중국&nbsp;생물산업 경제 규모는 6조 위안을 돌파할 것&quot;이라고 전망했다.왕훙광 주임의 분석에 따르면, 현재 중국의 생물산업 경제규모는 급속히 발전하여 중국의 새로운 경제성장 포인트로 자리를 잡고 있다. 중국 바이오매스산업을 발전시키는 핵심기술이 기본적으로 형성되었을 뿐만 아니라 산업화 조건도 초보적으로 형성되었다.현재 중국에서 연료 ethyl alcohol은 이미 규모화 생산에 들어갔으며 바이오 디젤 생산기술도 성숙단계에 진입하고 있어 조만간에 산업화가 실현될 것으로 예상한다. 바이오 가스 생산기술도 이미 여러 해동안 시험단계에 있으며 바이오매스기술은 이미 일상적인 바이오 농업생산기술에 적용되고 있다. 또한 바이오기술을 이용한 오염수 처리도 전면적인 응용단계에 있을 뿐만 아니라 도시 유기 쓰레기 바이오처리 기술 연구에서도 중대한 진전이 있어 점차 산업화 실현이 현실화되고 있다.(후략) (2010.7.15, 한국과학기술정보연구원 정보분석본부)http://mirian.kisti.re.kr/global/global_v.jsp ",2010.07.15,이진필,333,2020년 중국 생물산업 경제규모 6조 위안 돌파 전망,491,"농림수산식품 R&D, 이제 가치평가와 거래를 농식품부가 주도한다",494
"유럽의 새로운 연구에 따르면 콩에서 유래한 변형 전분을 사용하여 신선한 글루텐 프리 빵의 품질을 개선할 수 있다고 한다. 연구진은 이 변형 전분을 이용하여 바스러지는 질감이 특징인 빵의 품질을 향상할 수 있으리라 기대한다. Journal of Food Processing and Preservation에 게재된 이번 연구결과에 따르면 이 콩 전분은 테스트 빵의 크럼 굳기를 감소시키고 탄력성을 높여 완성된 빵에 더 좋은 질감을 부여했다고 한다.Polish Academy of Sciences와 Spanish Council for Scientific Research(CSIC)의 연구진은 &quot;글루텐 프리 빵이 승인을 얻기 위해서는 밀가루로 만든 빵과 유사해야 한다&quot;, &quot;이번 연구결과는 콩 전분을 글루텐 프리 빵의 재료를 응용하여, 보관하는 동안 크럼의 구조와 텍스쳐 양상에 미치는 영향을 조사하는데 필요한 예비 안내자료를 제공한다&quot;라고 말했다.(후략) (2010.7.14, 한국과학기술정보연구원 정보분석본부)http://mirian.kisti.re.kr/global/global_v.jsp ",2010.07.14,이진필,332,글루텐 프리를 위한 콩 전분,516,"농림수산식품 R&D, 이제 가치평가와 거래를 농식품부가 주도한다",494
"Global Industry Analysts Inc.(GIA)에서 식품 캡슐화 시장에 관한 종합적인 글로벌 리포트를 내놓았다. 이 리포트에서는 식품 캡슐화 시장이 2015년까지 약 390억 달러 규모에 달할 것으로 예상했다. 이러한 식품 캡슐화 시장의 특별한 성장요인으로는 변화하는 식습관, 높아진 이국적인 향료/조리법/고급 요리의 인기, 강화되는 식품 품질 보존에의 요구, 신제품 개발 속도와 민첩함 등을 들 수 있다. 최근의 경제적 혼란이 소비자 개인의 재정적 안정성에 대대적인 피해를 초래하여 일반적으로 식품 업계가 어려웠지만 식품 캡슐화 기술은 불황의 그늘에서 대체로 보호되었다. 날로 늘어가는 건강에 대한 관심과 시간적 제약, 이에 따른는 기능성 및 편의식품에 대한 수요 증가각 식품 켑슐화 시장의 성장과 발달을 이뤘고, 이는 앞으로도 계속될 전망이다. 또한 이러한 기술에 대한 더 많은 관심과 도입은 유아, 기능성 및 식품 강화가 중요한 순위를 차지하는 건강식품 분야와, 향미와 맛, 영양가의 품질 저하를 막아야 할 필요가 있는 영양 성분과 치료 성분이 들어 있는 건강식품 분야에서 나타날 전망이다. 빠르게 노화되는 인구와 질병 예방 효과가 있는 식품에 대한 늘어나는 수요를 고려하면, 벤처 캐피털 투자는 기능성 식품 분야에서 특히 높아지리라 예상된다.(후략) (2010.7.14, 한국과학기술정보연구원 정보분석본부)http://mirian.kisti.re.kr/global/global_v.jsp ",2010.07.14,이진필,331,전 세계 식품 캡슐화 시장 동향,319,"농림수산식품 R&D, 이제 가치평가와 거래를 농식품부가 주도한다",494
"미래농업을&nbsp;이끌어갈&nbsp;최첨단의&nbsp;식물공장이&nbsp;건립된다.&nbsp;농촌진흥청(청장&nbsp;김재수)은&nbsp;오는&nbsp;10월&nbsp;완공을&nbsp;목표로&nbsp;12일&nbsp;국립농업과학원(수원&nbsp;권선구&nbsp;서둔동&nbsp;소재)&nbsp;내에서&nbsp;식물공장&nbsp;기공식을&nbsp;갖는다고&nbsp;밝혔다.&nbsp;식물공장은&nbsp;기후변화에&nbsp;관계없이&nbsp;365일&nbsp;농작물을&nbsp;생산할&nbsp;수&nbsp;있는&nbsp;IT&middot;NT&middot;BT&nbsp;등&nbsp;최첨단&nbsp;기술이&nbsp;융복합된&nbsp;자동생산시스템으로,&nbsp;이번에&nbsp;신축하는&nbsp;식물공장은&nbsp;빌딩형과&nbsp;수직형&nbsp;2개&nbsp;모델이다.&nbsp;철골조&nbsp;콘크리트&nbsp;구조로&nbsp;지어질&nbsp;빌딩형&nbsp;식물공장은&nbsp;지하&nbsp;1층~지상&nbsp;3층,&nbsp;높이&nbsp;10m,&nbsp;연면적&nbsp;396㎡&nbsp;규모로&nbsp;양액실,&nbsp;전시실,&nbsp;육묘실,&nbsp;단위기계(상토충전기,&nbsp;이식로봇&nbsp;등)를&nbsp;비롯해&nbsp;다단식&nbsp;재배장치와&nbsp;수평형&nbsp;재배시스템&nbsp;등이&nbsp;설치된다.&nbsp;또한&nbsp;수직형&nbsp;식물공장은&nbsp;높이&nbsp;10m,&nbsp;연면적&nbsp;50㎡&nbsp;규모의&nbsp;수직재배시스템을&nbsp;갖춘&nbsp;양지붕형&nbsp;유리온실로&nbsp;지어진다.&nbsp;특히&nbsp;이번&nbsp;식물공장&nbsp;건립에는&nbsp;에너지&nbsp;공급을&nbsp;위해&nbsp;지열히트펌프시스템&nbsp;및&nbsp;태양광발전시스템이&nbsp;설치되고,&nbsp;재배환경기술로&nbsp;양액공급&nbsp;및&nbsp;원격환경제어기술이&nbsp;접목되며,&nbsp;인공광원으로&nbsp;LED&nbsp;및&nbsp;고효율&nbsp;형광등이&nbsp;사용되는&nbsp;등&nbsp;최첨단&nbsp;기술이&nbsp;투입될&nbsp;예정이다.(후략) (2010.7.12, 건설타임즈)http://www.constimes.co.kr/article/article_view.asp?boardid=1&amp;num=9760 ",2010.07.14,이진필,330,"농진청, 빌딩형·수직형 식물공장 기공",502,"농림수산식품 R&D, 이제 가치평가와 거래를 농식품부가 주도한다",494
"유럽연합의 재생에너지 계획은 유럽연합 에너지 비중에 대한 전체적인 목표를 20%로 설정하고 있으며, 이는 바이오매스, 수소, 풍력, 태양열과 같은 재생에너지로부터 조달될 것을 목표로 하고 있다(2020년까지). 이러한 총 노력의 일환으로, 각 유럽연합의 물류 연료 활용의 최소 10%가 반드시 재생에너지 원천(바이오연료 포함)에서부터 산출되어야 한다. 재생에너지 계획과 연료품질 계획은 지속가능한 바이오연료 생산에 대한 기준 및 이러한 기준을 입증하기 위한 프로세스를 포함하고 있다.&nbsp;바이로연료 새안의 지속적인 증가는 유럽연합에서 높은 농업생산을 가져올 것이고 또한 전세계적으로 비간접적인 토양 활용의 변화를 불러일으킬 것이다. 석탄연료로부터 바이오연로로의 전환으로 지구온난화가스 배출의 총 저감 범위에 대한 논쟁이 있다(특히, 국제 토양 변화가 고려될 경우).2010년 EU는 유럽의회에 유럽연합 바이오연료 정책의 효과에 대한 평가를 제시해야 한다. 이러한 평가를 위해 다양한 연구개발 활동이 상이한 위원회 서비스에 의해 수행되고 있다. 본 연구는 IPTS(Institute for Prospective Technological Studies)에 의해 수행된 농업-경제 효과의 분석 결과를 제시한 것으로, 농업생산, 무역, 토양 활용에 대한 유럽연합 바이오연료 정책들의 효과 분석을 목적으로 하고 있다(2020년까지). (후략) (2010.7.12, 한국과학기술정보연구원 정보분석본부)http://mirian.kisti.re.kr/global/global_v.jsp ",2010.07.12,이진필,329,농업시장 및 농작지에 대한 유럽연합 바이오연료의 효과분석,350,"농림수산식품 R&D, 이제 가치평가와 거래를 농식품부가 주도한다",494
"새로운 연구결과에 따르면 항산화 화합물이 풍부한 땅콩 껍질의 추출물이 소고기의 색을 보존하고 변패를 늦출 수 있다고 한다. International Journal of Food Science &amp; Technology에 게재된 연구결과에 따르면, 0.06%의 땅콩 껍질 추출물은 합성보존제인 BHA(butylhydroxyanisole)와 BHT(butylhydroxytoluene) 약 0.02%와 비슷한 효과를 나타냈다고 한다. 이번 연구결과는 땅콩 껍질 추출물이 BHA와 BHT 같이 기존에 널리 사용되던 합성보존제를 대신할 천연 대체물이 될 수 있음을 보여준다. &ldquo;0.06~0.1% 농도의 땅콩 껍질 추출물의 항산화제 효과는 시판 중인 식품에 가장 흔히 사용되는 항산화제인 BHA/BHT 0.02%와 유사했다.&rdquo;라고 노스캐롤라이나 A&amp;T 주립대학교의 연구진은 전했다. &ldquo;이 농도범위의 땅콩 껍질 추출물로 처리한 육류에서 바람직하지 않은 변색이나 이취는 관찰되지 않았다. 따라서 0.06~0.1% 농도의 땅콩 껍질 추출물은 조리된 소고기와 익히지 않은, 신선한 소고기 각각에서 지질 또는 미오글로빈 산화를 방지하기 위한 용도로, 즉 조리된 육류에서는 다시 데운 풍미가 나는 것을 막고, 신선하고 익히지 않은 육류에서는 변색을 막기 위한 안전하고 효과적인 천연 항산화제로 활용될 수 있다.&rdquo;라고 연구진은 덧붙였다. 그렇지만 땅콩 껍질 추출물 사용은 땅콩 알레르기에 관한 우려를 해소해야 할 것이다. 땅콩 알레르기 반응은 매우 심각할 수 있어서 극히 소량으로도 충분히 반응을 유발할 수 있다. 어떤 사람들에게는 땅콩 알레르기가 아주 치명적일 수 있다는 점을 감안하여 식품제조업자들은 국가에 따라 식품에 가능성 있는 알레르기 원인물질을 강조해야 한다는 법률, 예를 들어 EU의 Labelling Directive 2000/13/EC을 준수해야만 한다. (후략) (2010.7.9, 한국과학기술정보연구원 정보분석본부)http://mirian.kisti.re.kr/global/global_v.jsp",2010.07.09,이진필,328,고기의 유통기한을 늘려주는 땅콩 껍질,412,"농림수산식품 R&D, 이제 가치평가와 거래를 농식품부가 주도한다",494
"퍼듀대학교의 연구원이 토마토의 유통기한을 약 1주일까지 연장시키는 &lsquo;젊음의 분수&rsquo;를 발견했다. 퍼듀대학교 원예학 교수인 Avtar Handa는 효모 유전자를 삽입하면 토마토의 노화를 늦추고 미생물로 인한 부패를 지연시키는 화합물의 생성을 증가시킨다는 사실을 발견했다. Handa는 The Plant Journal의 온라인판에 게재된 이번 결과는 대부분의 과일에도 적용될 수 있을 것이라고 밝혔다. Handa는 &ldquo;우리는 식물의 노화를 억제하고, 토마토의 경우 유통기한을 1주일 더 연장시킬 수 있었다. 이는 다른 과일에도 적용될 수 있는 기초적이고 본질적인 지식이다.&rdquo;라고 말했다. 이 유기화합물은 스퍼미딘(spermidine)이라는 폴리아민으로, 모든 살아있는 세포에서 발견된다. 폴리아민의 기능은 아직까지 완전히 밝혀지지 않았다. Handa와 미 농림부 농업연구센터의 작물생리학 연구자이자 이번 연구의 공동연구자인 Autar Mattoo는 스퍼미딘과 스퍼민(spermine) 같은 폴리아민이 토마토의 영양가와 가공품질을 개선한다는 사실을 이번 연구 전에 밝힌 바 있었다. (후략) (2010.7.8, 한국과학기술정보연구원 정보분석본부)http://mirian.kisti.re.kr/global/global_v.jsp ",2010.07.09,이진필,327,과일의 유통기한을 연장시키는 효모 유전자,395,"농림수산식품 R&D, 이제 가치평가와 거래를 농식품부가 주도한다",494
"중국과 미국에서 이루어진 새로운 연구결과는 참깨 단백질로 연질 치즈의 우유단백질 함량을 줄일 수 있고, 중국에서 호황을 누리고 있는 유제품 분야에 있어 현지인의 입맛에 다가갈 수 있음을 시사했다. 낮거나 높은 함량의 참깨 단백질은 각각 하드치즈, 끈끈한 치즈, 또는 질감이 좋지 않은 치즈를 만들어냈으나 중간 정도 함량의 참깨 단백질 분획물로 만든 치즈는 전체적인 특성이 가장 우수한 것으로 나타났다. 중국 베이징의 중국농업대학교와 미국 미주리 주립 대학교의 연구진은 그들의 연구결과를 International Journal of Food Science &amp; Technology에 발표했다. Shangwu Chen이 주도하는 이번 연구의 연구진은 &ldquo;참깨 단백질을 치즈에 이용할 수 있다는 점은 신선한 발상이다. 이렇게 함으로써 치즈에 영양적인 다양성과 재료의 다양성이라는 이익을 가져올 수 있고, 참깨라는 전통적인 단백질 공급원을 중국에 최근 도입된 치즈의 소비에 연계시킬 수 있다.&rdquo;라고 말했다. 실제로, 연구진은 참깨 단백질이 이미 &ldquo;국수와 볶음요리, 다양한 빵&rdquo;을 포함하는 여러 가지 아시아 음식에서 샐러드 드레싱과 향신료로 사용되고 있음을 주목했다. (후략) (2010.7.8, 한국과학기술정보연구원 정보분석본부)http://mirian.kisti.re.kr/global/global_v.jsp",2010.07.09,이진필,326,참깨 단백질로 우유를 덜 사용한 치즈 만들기,436,"농림수산식품 R&D, 이제 가치평가와 거래를 농식품부가 주도한다",494
"핀란드 투르쿠대학교의 새 연구결과에 따르면 오메가 3, 오메가 6 지방산이 풍부한 비타민나무 오일이 안구건조증의 증상을 완화할 수 있다고 한다.Journal of Nutrition에 게재된 연구결과에 따르면 비타민나무 오일을 3개월간 매일 보충제로 섭취한 결과 콘텍트렌즈 착용자의 안구건조증이 개선되는 효과가 있었다고 한다.안구건조증은 눈에서 충분한 눈물을 만들어내지 못하거나 눈물이 너무 빨리 증발할 경우 발생한다. 이는 눈을 건조하게 만들어 감염의 위험을 증가시킨다. 이번 연구 전에 핀란드에서 같은 연구자들이 실시한 조사에 따르면 안구건조증은 50세 이상 인구의 30%에 이르는 것으로 나타났다.(후략) (2010.7.7, 한국과학기술정보연구원 정보분석본부)http://mirian.kisti.re.kr/global/global_v.jsp ",2010.07.07,이진필,325,비타민나무 오일의 안구건조증 완화 효과,534,"농림수산식품 R&D, 이제 가치평가와 거래를 농식품부가 주도한다",494
"'사이언스 데일리' 최신호에 의하면 인간의 당뇨병을 치료하기 위한 연구과정에서 미국 세인트 루이스의 Washington University의 과학자들은 돼지의 배아아 성체의 랑게르한스섬(islet) 세포를 실험쥐에 이식하여 이 실험쥐의 당뇨병 증세를 완화시키는데 성공했다고 보도했다. 이 실험쥐는 돼지의 이식세포를 자신의 세포로 인식했으며 혈당을 통제하기에 충분한 인슐린을 분비했다. 이것은 항거부제(anti0rejection) 약물이 필요없다. 연구자들은 이번 연구결과를 학술지인&nbsp;'American Journal of Pathology'에&nbsp;발표했다.이번 연구는 두 단계에&nbsp;걸쳐 이루어졌다, 과학자들은 우선 돼지 배아의 췌장세포군을 당뇨병에 걸린 실험쥐에 이식했다.&nbsp;이들 세포들은 인슐린을 생산하는 랑게를한스섬 세포가 위치한&nbsp;췌장으로 발달했다. 이 배아세포가 면역체계의 거부반응이&nbsp;일어나지 않도록 하기 위해 배아세포 이식 몇 주 뒤에 성체 돼지에서 랑게르한스섬&nbsp;세포를 이식했다. 이번 새로운 연구는 면역체계거역없이 장기적으로 성공적인 돼지 랑게르한스섬 세포의&nbsp;종간이식의 사례가 되었다. 이번 연구는 미래에 인간이 유사한 전략을 사용하여 당뇨병을 치료할 수 있는 가능성이 증가되고 있다. 돼지세포는 사망한 제공자들이 제공하는 인간의 랑게르한스섬 세포의 부족과 이식의 경우 죽을 때까지 평생동안 항거부제 약물을 복용해야하는 문제를 해결할 수 있을 것이다.(후략) (2010.7.6, 한국과학기술정보연구원 정보분석본부)&nbsp;http://mirian.kisti.re.kr/global/global_v.jsp ",2010.07.05,이진필,324,돼지배아와 성체세포이식을 통한 당뇨법 치료법,510,"농림수산식품 R&D, 이제 가치평가와 거래를 농식품부가 주도한다",494
"최근 게재된 연구결과에 따르면, 기능성 및 지능형 포장의 초점이 유통기한과 제품변질 같은 제조업자의 관점에서 신선함, 품질, 정보 등과 같은 소비자의 관점으로 이동되었다고 한다.'식품 및 음료의 기능성 및 지능형 포장의 미래(The Future of Active and Intelligent Packaging in Food and Drinks)'라는 보고서에서 업계 대표들은 다음 5년동안&nbsp;이 분야에서 가장 중요한 혁신대상으로 신선함을 알리는 표지를 손꼽았다고 한다. 그 뒤를 온도와 시간 표지가 차지했으며, 품질 개선 내용은 그 다음으로 중요한 분야로 꼽협다.(후략) (2010.7.2, 한국과학기술정보연구원 정보분석본부)http://mirian.kisti.re.kr/global/global_v.jsp ",2010.07.02,이진필,323,식음료 분야의 미래 가능성 및 지능형 포장 동향,572,"농림수산식품 R&D, 이제 가치평가와 거래를 농식품부가 주도한다",494
"바이오 기술(Biotechnology)은 지난 20~30년 동안 놀랄만한 성장을 거듭해왔다. 그러나, 미래 바이오 기술의 기여도는 과거에 비해 더욱 클 것이며, 세계 경제에 미치는 파급력도 더욱더 클 것으로 전망된다. &lsquo;Bio 기반 경제&rsquo;란 재활용 가능한 Bio 자원을 이용하여 효과적 bio 공정을 통해 Bio 제품, 고용 및 수익을 창출하는 것을 말한다.(후략) (2010.6.28, 한국생명공학정책연구센터 산업동향)http://www.bioin.or.kr/board.do?num=201425&amp;cmd=view&amp;bid=industry",바이오기술의 밝은 미래와 기술 사업화시 고려점.pdf,http://www.fact.or.kr/action.do?action=farmtech%24file&seq=322&file_seq=1,2010.07.02,이진필,322,바이오기술의 밝은 미래와 기술 사업화시 고려점,523
"- 천연소재(미강)를 이용한 다기능성 생물비료 제조 기술농림수산식품부(장관 장태평)는 올해 4월 14일 녹색인증제 시행 이후 제1호 농림수산식품 분야 녹색기술 인증서를 6월 24일 발급하였다.&nbsp;인증된 기술은 미강을 발효&middot;숙성시켜 만든 생물비료 제조 기술로, 전문가 평가 결과 화학비료 대체 기능 및 화학비료 제조공정 시 소모되는 에너지를 천연물로 대체 사용함으로써 에너지 저감효과가 있는 것으로 판단되어 녹색인증을 획득하였다.&nbsp;○ 또한, 동 기술로 생산한 제품은 친환경농자재로 등록('08&sim;'12)되어 있고 농업뿐만 아니라 조경업, 임업 등에도 사용 가능하여 녹색산업 성장에 기여할 것으로 기대된다.&nbsp;녹색인증제는 녹색산업에 대한 민간 투자 활성화를 위하여 범부처 공동으로 시행하고 있는 제도로 온라인(www.greencertif.or.kr)을 통해 수시로 접수할 수 있다.&nbsp;○ 농식품부 담당자는 &ldquo;인증된 기술에 대하여 여러 가지 혜택과 현장에 다양하게 적용될 수 있도록 지원방안을 마련 중&rdquo;이라고 밝혔다.(2010.6.29, 농림수산식품부 홈페이지 보도자료)http://mifaff.korea.kr/gonews/branch.do?act=detailView&amp;type=news&amp;section=b_sec_1&amp;dataId=155562054",제1호 농식품 녹색인증 기술.hwp,http://www.fact.or.kr/action.do?action=farmtech%24file&seq=321&file_seq=1,2010.06.30,이진필,321,제1호 농림수산식품분야 녹색인증 기술 탄생,328
"미 농업연구소(ARS, Agriculture Research Service) 연구진과 산업 혁력자는 저장 곡물 관리 개선을 위한 실험실용 제분기를 개발했다. &quot;인섹토그래프(insectograph)&quot;라 불리는 이 시스템은 육안으로는 보아지 않거나 일반적인 선별방법으로 검색할 수 없는 밀 내부의 해충을 감지할 수 있다. 네브래스카주 링컨의 National Manufacturing사(NMI)가 제작한 이 장치는 ARS가 개발한 기술에 기초를 두었다.캔자스주 맨하탄에 위치한 곡물 및 동물보건ㄴ연구소협회센터 엔지니어링 및 풍식연구팀의 ARS 엔지니어 Tom Pearson과 Dan Brabec이 이 장치를 개발했다. 이 장치는 제분하면서 밀을 모니터하는 전기전도신호를 이용한다. 해충을 포함하는 씨앗이 압&#52271;되면서 전기 스파이크가 발생한다. 소프트웨어는 1kg 시료에 들어있는 해충의 수를 센다. 이 시스템은 30,000알 중 해충이 꾄 5&sim;10알을 감지해낼 수 있을 정도로 낮은 수준의 해충 발생을 탐색할 수 있다.(후략) (2010.6.30, 한국과학기술정보연구원 정보분석본부)http://mirian.kisti.re.kr/gtb_trend/class_gtb/class_gtb_v.jsp?sub_menu=2&amp;cn=GTB2010060495&amp;dbt=TREND&amp;service_code=03&amp;user_id=betl2001 ",2010.06.30,이진필,320,저장된 밀에 존재하는 해충을 감지하는 장치,334,제1호 농림수산식품분야 녹색인증 기술 탄생,328
"지금까지 길항자(antagonisits)만으로 간주되었던 두 가지 가장 중요한 식물 생장 호르몬이 협력적으로 작용하며, 식물의 생장과 잎, 눈과 같은 기관형성에 핵심적인 분자들인 옥신(auxin)가 사이토키닌(cytokinin)의 활성이 생각했던 것보다 실제로른 훨씬 더 긴밀하게 뒤엉켜있다는 연구 결과를 하이델베르그대학교&nbsp;줄기세포 생물학자 Jan&nbsp;Lohmann이 이끄는 국제적인 연구팀이 학술지 Nature에 발표했다(Nature, 24, June 2010) (후략) (2010.6.30, 한국과학기술정보연구원 정보분석본부)&nbsp;http://mirian.kisti.re.kr/gtb_trend/class_gtb/class_gtb_v.jsp?sub_menu=2&amp;cn=GTB2010060500&amp;dbt=TREND&amp;service_code=03&amp;user_id=betl2001 ",2010.06.30,이진필,319,식물생장 호르몬; 길항자들이 협력,353,제1호 농림수산식품분야 녹색인증 기술 탄생,328
"6월 11일자 Science 저널에 게재된 위트레흐트대학교 연구자들의 논문에 따르면, 다가오는 수십 년 내에 기후변화가 히말라야 지역의 해빙수 방출을 급감시켜 6천만 명 이상의 아시아인들의 식품 안정성을 위협할 전망이다. 인더스강 유역과 브라마푸트라강 유역이 가장 심각하게 부정적인 영향을 받게 되는 반면, 황하 유역은 관개용수 이용가능성이 실질적으로 증가할 전망이다.현재 10억 이상의 인구가 인더스강과 갠지스강, 브라마푸트라강, 양쯔강, 황하에서 공급되는 해빙수에 의존한다. 상류에 비축된 얼음과 눈은 하류의 물 이용가능성을 유지함에 있어서 중요하다. 위트레흐트대학교와 Future Water의 연구자들은 빙하와 눈 분포지역의 감소량을 계산해 장래 강물 방출량을 예측하고 다섯 개 주요 강 유역의 식품 안정성을 예견했다.(후략) (2010.6.28, 한국과학기술정보연구원 정보분석본부)http://mirian.kisti.re.kr/gtb_trend/class_gtb/class_gtb_v.jsp?sub_menu=2&amp;cn=GTB2010060440&amp;dbt=TREND&amp;service_code=03&amp;user_id=betl2001 ",2010.06.29,이진필,318,"기후변화, 6천만 아시아인 식품공급 위협",371,제1호 농림수산식품분야 녹색인증 기술 탄생,328
"생물다양성협약 등 국제협약의 발효로 세계 각국은 미생물을 국가 자원으로 인식하여 자원 선점을 위한 경쟁이 치열해지고 있다.&nbsp;○ 최근 웰빙 분위기로 친환경 농산물과 기능성 식품을 선호하게 되면서 생명자원인 미생물에 대한 관심과 수요가 증가하고 있다.&nbsp;○ 특히 우리나라의 김치, 된장, 막걸리 등과 같은 고유의 발효식품은 우수한 기능 미생물이 많이 존재하고 있는 것으로 알려져 있고, 세계적인 식품으로 각광을 받고 있다.&nbsp;미생물은 농업, 의약, 환경 등 여러 분야에서 고부가가치 창출이 가능한 핵심 원료로 활용 가치가 무궁무진한 것으로 평가되고 있으며,○ 잠재적인 경제적 가치 또한 매우 높아 세계 각국에서는 자국은 물론 국외의 미생물 자원까지 확보하여 상품화하려고 노력하고 있다.&nbsp;○ 미생물 유전자원은 그 자체로서도 상당한 경제적 가치가 있는 것으로 알려져 있는데, 영국균류센터가 보유하고 있는 자원 2만 8천점은 약 8백억 원의 가치가 있는 것으로 추산하고 있다.&nbsp;1995년부터 농촌진흥청에서는 미생물은행을 운영하여 세균, 곰팡이, 야생버섯 등 농업미생물 유전자원 1만 9천여 점을 확보하여 보존하고 있으며, 연간 3천점 이상을 대학, 산업체, 연구소에 분양하여 미생물과 생명공학 연구 개발에 활용하고 있다.○ 또한, 국내 토착 유용 미생물을 국가 자원으로 보존, 활용하기 위하여 11개의 미생물 자원연구 기관을 미생물 유전자원 관리기관으로 지정, 운영하여 소중한 토착 미생물 자원을 관리하고 있으며, 미국, 유럽, 일본 등 세계적인 자원 부국과의 교류를 통하여 해외의 유용 미생물자원 확보에도 힘쓰고 있다.&nbsp;농림수산식품부와 농촌진흥청은 국가 미생물 관련 산업의 지원을 위하여 국내외 식품 발효 미생물, 기능성 미생물 등 농산업의 부가가치를 높일 수 있는 다양한 미생물자원을 집중 수집하여 미생물 보유량을 2020년까지 3만점 수준까지 늘려 친환경 농산물 생산, 고부가가치 농업 실현을 위한 인프라 구축에 집중할 계획이다.(2010.6.16, 농림수산식품부 홈페이지 보도자료)http://mifaff.korea.kr/gonews/branch.do?act=detailView&amp;type=news&amp;section=b_sec_1&amp;dataId=155548961",미생물 유전자원.hwp,http://www.fact.or.kr/action.do?action=farmtech%24file&seq=317&file_seq=1,2010.06.21,이진필,317,미생물 유전자원 이용 친환경 고부가 농산업 실현,404
"지식경제부, 산업기술평가관리원, 바이오협회 공동으로 바이오제품 시장 및 바이오기술개발 동향을 발표하였다.&nbsp; ",바이오제품 시장 및 바이오기술개발 동향-바이오 산업원천기술개발사업.pdf,http://www.fact.or.kr/action.do?action=farmtech%24file&seq=316&file_seq=1,2010.06.17,이진필,316,바이오제품 시장 및 바이오기술개발 동향,474
"식물의 뿌리에서 자라는 균류의 종류에 대해 연구하여 쌀 수확을 획기적으로 증가시키는 방법을 찾아냈다. 일반적으로 근류균으로 불리는 균류는 대부분의 식물에서 찾을 수 있는데, 그것들은 식물에게 당을 얻는 대산에 인 등의 필수적인 영양소를 전해준다. 6월 10일 Current Biology에 게재되었으며 그동안 작물과 균류 사이의 작용에 관해 추측할 수 있는 매우 적은 증거들만 있었기 때문에 이번 발견은 놀라운 결과이다.&quot;국제적으로 인의 보존량은 심각하게 낮고, 인에 대한 의존도는 인구 증가와 관계가 깊기 때문에 다음 몇 십년간의 인의 주요한 부족이 있을 것이라고 예측한다&quot; 라고 스위스의 Lausanne 대학 Ian Sanders는 말했다.(후략) (2010.6.15, 한국과학기술정보연구원 정보분석본부)http://mirian.kisti.re.kr/gtb_trend/class_gtb/class_gtb_v.jsp?sub_menu=2&amp;cn=GTB2010060183&amp;dbt=TREND&amp;service_code=03&amp;user_id=betl2001 ",2010.06.15,이진필,315,균류의 존재로 벼가 더 크게 자란다,518,바이오제품 시장 및 바이오기술개발 동향,474
"이탈리아 연구진은 파일럿 규모의 시험에서 누룩의 엿기름 생산 잠재력을 테스트한 후, 쌀 엿기름이 글루텐 프리 무기고의 새로운 무기 제작자가 될 수 있다고 보고했다.밀란대학교의 Elena Ceppi와 Oreste Brenna는 실험실 및 파일럿 규모의 시험에서 쌀로부터 글루텐 프리 엿기름을 얻는데 성공했다고 발표했다. 연구진은 쌀에는 글루텐이 없을 뿐만 아니라 맥주와 비숫한 성질이 있기 때문에 쌀을 선택했다고 말했다.연구진은 Journal of Agricultural and Food Chemistry에서 &quot;주목할만한 관능적 특성을 지닌 쌀 엿기름은 식품업계에서 맥주뿐만 아니라 글루텐 프리 식품이나 유아용 식품, 다이어트 식품과 같이 다양한 제품을 생산하는데 사용할 수 있다&quot;고 지적했다.(후략) (2010.6.15, 한국과학기술정보연구원 정보분석본부)http://mirian.kisti.re.kr/gtb_trend/class_gtb/class_gtb_v.jsp?sub_menu=2&amp;cn=GTB2010060181&amp;dbt=TREND&amp;service_code=03&amp;user_id=betl2001 ",2010.06.15,이진필,314,글루텐 프리 맥주의 가능성을 보여주는 쌀 엿기름,574,바이오제품 시장 및 바이오기술개발 동향,474
"종합 마케팅 업체인 (주)후지경제는 올해 1&sim;3월에 걸쳐 식품이나 화장품, 토일르트리(화장품(류)), 의약품 등의 원료에 사용되는 생물 유래 유용성분과 소재의 일본 내 시장을 조사했다. 그 결과를 보고서 &quot;2010년판 생물 유래 유용 성분, 소재시장 조사&quot; 보고서에 정리했다. 이 보고서에는 생물 유래 유용 성분, 소재 55개 품목의 시장규모, 메이커 점유율, 가격 동향, 유망 응용 분야 등을 조사, 분석했다.(후략) (2010.6.15, 한국과학기술정보연구원 정보분석본부)붙임 :&nbsp; 일본 식품, 화장품 등 생물 유래 성분/소재의 시장 전망http://mirian.kisti.re.kr/gtb_trend/class_gtb/class_gtb_v.jsp?sub_menu=2&amp;cn=GTB2010060191&amp;dbt=TREND&amp;service_code=03&amp;user_id=betl2001 ","일본 식품, 화장품 등의 생물유래 성분, 소재 시장동향.hwp",http://www.fact.or.kr/action.do?action=farmtech%24file&seq=313&file_seq=1,2010.06.15,이진필,313,"일본 식품, 화장품 등 생물 유래 성분/소재의 시장 전망",529
"- 전통장류의 발효기술을 활용한 간 기능 개선 신소재 개발 -읽어주는 보도(2010.6.10, 농림수산식품부 홈페이지 보도자료)http://mifaff.korea.kr/gonews/branch.do?act=detailView&amp;type=news&amp;section=md_sec_4&amp;dataId=155534916",우리의 전통장류로 성인병 예방(1).hwp,http://www.fact.or.kr/action.do?action=farmtech%24file&seq=312&file_seq=1,2010.06.11,이진필,312,우리의 전통장류로 성인병 예방의 길을 열다,530
"낙농장에서 질소(nitrogen)관리가 잘 이루어질수록 젖소가 우유를 더욱 많이 생산하게 되며 분변을 통해 낭비되는 질소의 양이 줄어들게 된다는 사실이 미국 농업연구청(Agricultural Research Service, ARS) 연구원들의 연구 결과 밝혀졌다.ARS&nbsp;U.S. Dairy Forage Research Center의 토양학자 J. Mark Powell과 ARS Pasture Systems and Watershed Management Research Unit의 농공학자 Clarence Rotz 및 호주의&nbsp;연구원들은 공동으로 낙농업자들에게 지침이 될 수 있는 질소 비료 효율 평가 연구를 진행하였다.이와 같은 효율 평가를 통해 현재 가격이 치솟고 있으며 영양물질에 대한 제한도 증가되는 상황에서 낙농업자들로 하여금 질소를 보다 잘 이용하게 하는데 도움이 될 것으로 기대된다. 농민들은 조단백질(crude protein)의 형태로 질소를 공급하고 있으며, 거름과 질소 비료를 젖소들이 먹을 작물 및 목초의 재배를 위해 투입하고 있는데 작물과 목초 섭취를 통해 공급된 질소는 다시&nbsp;우유 질소로 전환이 되게 한다.(후략) (2010.6.10, 한국과학기술정보연구원&nbsp;정부분석본부)http://mirian.kisti.re.kr/gtb_trend/class_gtb/class_gtb_v.jsp?sub_menu=2&amp;cn=GTB2010060128&amp;dbt=TREND&amp;service_code=03&amp;user_id=betl2001&nbsp; ",2010.06.10,이진필,311,효율적인 질소 관리를 통한 낙농 운영의 개선,338,우리의 전통장류로 성인병 예방의 길을 열다,530
"사카린 같은 인공 조미료의 씁쓸한 뒷맛을 감지하는 인간의 능력을 특별히 차단하는 화합물이 발견됐다. Current Biology 온라인판에 게재된 보고서에 따르면 인간의 쓴맛 수용체를 특별히 인식하고 저해하는 GIV3727로 알려진 분자가 바로 그 핵심이다.연구자들은 이번 발견은 처음으로 상용화되는 작은 분자인 쓴맛 저해제를 이용해 앞으로 약물의 역겨운 맛이나 흔히 접하는 쓴맛을 감추는 등 맛을 개선하는 용도의 화합물을 개발하는 새로운 기회를 열었다는데 의미가 있다고 말했다.신시내티의 Givaudan Flavours Crop.의 Jay Slack은 &quot;우리가 알기로는 이 화합물은 인간의 맛 인식에 있어 쓴맛 수용체 저해제로 발표된 첫번째 사례이다. 우리는 인간의 쓴맛 수용체에 대한 특이 저해제를 개발하기 위해 HTS(high-throughtput screening)와 의약화학적 접근법을 적용했다. 이러한 방법들이 신약 후보물질을 개발하는 데에는 널리 사용되었지만, 우리는 최초로 쓴맛 조절에 이 기술을 적용했다. 이 감미물질은 아세설팜 K와 사카린을 포함하는 식품과 음료의 식미를 증진시키는 데 널리 사용될 수 잇다&quot;라고 말했다.(후략) (2010.6.3, 한국과학기술정보연구원 정보분석본부)http://mirian.kisti.re.kr/gtb_trend/class_gtb/class_gtb_v.jsp?sub_menu=2&amp;cn=GTB2010050513&amp;dbt=TREND&amp;service_code=03&amp;user_id=betl2001 ",2010.06.04,이진필,310,인공감미료의 쓴맛을 차단하는 성분 발견,368,우리의 전통장류로 성인병 예방의 길을 열다,530
"말레이시아 연구자들은 열대과일 껍질을 이용, 내구성 있고 경제적인 생분해성 플라스틱 포장재를 개발했다고 밝혔다. 이 Fruitplast 제품은 University Sain Malaysia(USM)에서 처음으로 개발되었으며 banana, rambutan, chempedak같은 열대과일 껍질로 만들어졌다.대표 연구자인 Hanafi Ismail은 과일 폐기물에서 플라스틱을 생산해내는 이 아이디어는 생분해성 플라스틱에 대한 잠재력을 인정받고 있어서 1년에 30%까지 성장할 것으로 예상된다고 말했다.(후략) (2010.6.3,&nbsp;한국과학기술정보연구원&nbsp;정보분석본부)http://mirian.kisti.re.kr/gtb_trend/class_gtb/class_gtb_v.jsp?sub_menu=2&amp;cn=GTB2010050509&amp;dbt=TREND&amp;service_code=03&amp;user_id=betl2001&nbsp; ",2010.06.04,이진필,309,과일 껍질로 만든 바이오플라스틱 상자,440,우리의 전통장류로 성인병 예방의 길을 열다,530
"유제품의 생활성 성분을 식별하기 위해 새로운 기능성 식품과 음료 성분 개발에 사용될 30가지의 펩티드를 얻어냈다. Food for Health Ireland(FHI)는 이끈 이번 프로그램에서&nbsp;건강 개선 기능을 지닌 생활성 우유 펨티드 동정의 가능성을 높이기 위해 생물정보학을 이용하였다.Ireland 유가공업자와 연구기관이 새롭게 체결한 전략제휴사업인 FHI에 따르면 이 &quot;지능적 유유 마이닝&quot; 기술은 성공적인 생활성 성분 동정과 관련한 리스크를 줄이는데 도움이 될 수 있다.&nbsp;생물정보학은&nbsp;생물학에 컴퓨터과학을 적용한 것으로 영양학에 생물정보학을 적용한 것은&nbsp;최근의&nbsp;일이다. FHI의 생물정보학 작업의 주도자인&nbsp;Dr. Nora Khaldi는 &quot;생물정보학은 탐색 영역을 우리가 관심있는&nbsp;단백질의&nbsp;영역으로&nbsp;좁힐 수 있는 지름길이라 할 수 있다&quot;라고 말한다.(후략) (2010.6.2, 한국과학기술정보연구원 정보분석본부)http://mirian.kisti.re.kr/gtb_trend/class_gtb/class_gtb_v.jsp?sub_menu=2&amp;cn=GTB2010050495&amp;dbt=TREND&amp;service_code=03&amp;user_id=betl2001&nbsp;&nbsp; ",2010.06.04,이진필,308,우유의 기능성 성분을 찾아서,415,우리의 전통장류로 성인병 예방의 길을 열다,530
"우울증 치료에 효과가 있다고 이미 알고 있는 '특정 박테리아에 노출되는 것'이 또한 학습 능력을 향상시킬 수 있다는 연구 결과가 5월 25일 미국 캘리포니아 샌디애고에서 열린 미국 미생물학회(American Society for Microbiology) 110회 총회에서 발표되었다.&quot;Mycrobacterium vaccae는 천연 흙 속에 존재하는 박테리아로 사람들이 자연에서 활동하면 인체 내로 바람을 통해 자연적으로 들어오기도 하고, 호흡을 통해서도 들어오게 된다&quot; 라고 Susan Jenks와 함께 본 연구를 진행한 뉴욕 트로이 소재 Sage 대학의 Dorothy Mattews는 말했다. 쥐에게 열처리를 가해 죽인 박테리아를 주입하여 뇌 일부 신경의 성장을 자극하여 세로토닌 수치를 증가시켜 불안감을 감소시킨다는 사실은 Mycrobacterium vaccae에 대한 이전 연구에서 이미 밝혀진 바 있다. &quot;세로토닌이 학습에 영향을 미치기 때문에, 우리가 살아있는 Mycrobacterium vaccae가 쥐의 학습 능력을 향상시킬 수 있을지에 대해 궁금했다&quot; 라고 Dorothy Mattews는 말했다.(후략) (2010.5.31, 한국과학기술정보연구원 정보분석본부)http://mirian.kisti.re.kr/gtb_trend/class_gtb/class_gtb_v.jsp?sub_menu=2&amp;cn=GTB2010050462&amp;dbt=TREND&amp;service_code=03&amp;user_id=betl2001 ",2010.06.01,이진필,307,흙길 걸으면 영리해진다?,406,우리의 전통장류로 성인병 예방의 길을 열다,530
"미국 농업연구청(Agricultural Research Service, ARS) 연구원들에 의해 어린 젖소들의 비타민 D 상태를 평가, 관리할 수 있는 새로운 모델이 개발되엇다. 이 같은 모델 개발을 통해 어린 젖소들에게 있어 바람직한 성장과 최적의 건강 상태 유지를 우히해 필요한 비타민 D 수준을 설정하느느데 커다란 도움이 될 것으로 기대된다.갓난 송아지 젖소들은 출생 후 첫 몇 일, 어미 소의 젖을 먹는 기간 동안 초유를 통해 비타민 D를 공급받게 된다. 그 이후 신생 젖소들은 시판되는 우유 대체품을 통해 종종 비타민 D를 공급받게 된다. 그러나 이들 보출물에 함유되어 있는 비타민 D의 양에 대해서는 재평가가 요구되는 실정이며, 최근의 연구&nbsp; 결과들에 의하면 비타민 D의 상태는 뼈의 성장뿐만 아니라 면역계에 대햇서도 영향을 미치는 것으로 밝혀지고 있다. (후략) (2010.5.30, 한국과학기술정보연구원 정보분석본부)http://mirian.kisti.re.kr/gtb_trend/class_gtb/class_gtb_v.jsp?sub_menu=2&amp;cn=GTB2010050452&amp;dbt=TREND&amp;service_code=03&amp;user_id=betl2001 ",2010.06.01,이진필,306,송아지의 비타민 D 상태 평가를 위한 모델 개발,451,우리의 전통장류로 성인병 예방의 길을 열다,530
"- 아세안 지역 조류인플루엔자 근절을 위한 방역기술 전수우리나라의 조류인플루엔자 가축방역기술 및 노하우를 배우기 위하여 아세안 8개국 조류인플루엔자 전문가들이 5월 31일부터 6월 15일까지 16일간 국립수의과학검역원에서 연수를 받게 된다.&nbsp;○ 우리나라는 고병원성 조류인플루엔자가 과거 3차례 발생하여, 신속하고 강력한 방역조치로 질병을 초기에 근절하고 청정국을 유지하는 등 선진 방역경험을 보유하고 있다.&nbsp;&nbsp;&nbsp;&nbsp;* 우리나라 AI 발생 : ,03년12월～,04년3월, ,06년11월～,07년3월, ,08년4～5월&nbsp;&nbsp;&nbsp;&nbsp;* 국제연합(UN)은 ,08.06.17일 보도자료 및 언론브리핑에서 우리나라를 조류인플루엔자 대응 모범국가로 발표&nbsp;○ 이번 연수는 한국국제협력단(KOICA)의 대(對) 개도국 무상기술협력사업 중 연수생초청사업의 일환으로 실시되며, 아세안 8개국에서 자체 선발된 20명의 방역 전문가들이 참여한다.&nbsp;&nbsp;&nbsp;&nbsp;* 아세안 참가 8개국 : 베트남, 캄보디아, 라오스, 미얀마, 필리핀, 태국, 인도네시아, 말레이사아&nbsp;연수과정은 우리나라 조류인플루엔자 방역 및 진단 기술 습득을 위한 이론, 실습과 현장견학을 접목하여 생생한 교육기회를 제공함으로써 연수생들이 실질적인 연수효과를 얻을 수 있도록 구성하였다.&nbsp;○ 또한, 구제역 방역 노하우, 브루셀라 국제표준실험실 및 동축산물 검역검사 제도 등 우리나라의 우수한 수의분야에 대해서 교육하며,&nbsp;○ 가축질병 진단킷트 등 우리나라 동물용의약품의 우수성에 대해서 소개하고 질병근절을 위한 공동 대응방안에 대해서도 논의한다.&nbsp;○ 아울러, 연수생들은 우리나라 경제성장과 궤를 같이해온 일류 철강산업체인 &lsquo;포스코&rsquo;와 세계적인 자동차 브랜드로 성장한 &lsquo;현대자동차&rsquo; 견학을 통해서 우리나라 발전 모습을 확인하고, 불국사, 석굴암 등 다채로운 한국문화를 체험할 예정이다.&nbsp;2007년도부터 실시하여 올해로 4회째를 맞이하고 있는 이번 연수는 조류인플루엔자가 지속적으로 발생하고 있는 아세안 국가에 우리나라의 선진 방역기술을 전수함으로써 참가국들의 높은 호응을 얻어왔으며, 우리나라의 국가 이미지 제고와 한-아세안 국가간 협력에 기여할 것으로 평가되고 있다.&nbsp;&nbsp;&nbsp;&nbsp;* 제9차 한-아세안 FTA 경제협력작업반 회의(,10.03, 마닐라) 및 제9차 ASEAN+3 농림장관회의(,09.11, 브루나이)에서 ,10년도에도 연수사업 지속실시 표명(2010.5.24, 농림수산식품부 홈페이지 보도자료)http://mifaff.korea.kr/gonews/branch.do?act=detailView&amp;type=news&amp;section=b_sec_1&amp;dataId=155504956",아세안 국가 조류인플루엔자 가축방역기술 전수.hwp,http://www.fact.or.kr/action.do?action=farmtech%24file&seq=305&file_seq=1,2010.05.26,이진필,305,아세안 국가 조류인플루엔자(AI) 가축방역기술 전수,494
"모유는 분유와 정말 차이가 많이 날까? 일리노이 대학교 연구진은 어떤 유전자가 유아의 소장에서 작동하는지를 추적해 모유 수유아와 분유 수유아의 초기 발달을 비교할 수 있었다. 연구진은 모유와 분유는 실제로 차이가 있다고 말한다.&quot;처음으로 우리는 모유가 분유 수유아의 그것과는 전혀 다른 유전 경로를 유도한다는 사실을 알 수 있었다. 분유제조업자들이 최대한 모유와 비슷한 제품을 개발하고자 노력해왔음에도 불구하고, 수백 개의 유전자가 모유 수유아 집단과 분유 수유아 집단에서 서로 다르게 발현되었다&quot; 라고 일리노이 대학교 영양학 교수인 Sharon Donovan은 말했다. (중략)잠재적 임상의 의의 : 모유 수유아에서 가장 잘 발현되는 유전자는 산소가 부족할 때의 세포 반응에 관여한다. 산소 부족은 신생아 괴사성 장염(necrotizing enterocolitis, NEC; 소장에 생기는 괴사로 미숙아에게 치명적임) 발달에 있어 하나의 요인이 된다. 신생아 괴사성 장염은 신생아 중환자실의 질병과 사망의 주된 원인으로, 미국에서는 매년&nbsp;2,500건이 발생, 26%의&nbsp;사망률을 나타낸다고 보고된 바 있다.(후략) (2010.5.25, 한국과학기술정보연구원&nbsp;정보분석본부)&nbsp;http://mirian.kisti.re.kr/gtb_trend/class_gtb/class_gtb_v.jsp?sub_menu=2&amp;cn=GTB2010050342&amp;dbt=TREND&amp;service_code=03&amp;user_id=betl2001 ",2010.05.25,이진필,304,"모유가 최고인 이유, 유전자에 있다",495,아세안 국가 조류인플루엔자(AI) 가축방역기술 전수,494
"&nbsp;다양한 범주의 글루텐 프리 곡류가 유럽연합 HEALTHGRAIN 프로젝트 일부로서 상세히 연구되었고, 상품 품질에 미치는 영향도 평가되었다. 글루텐 프리 곡류 상품의 품질, 안전성, 영양가 등을 높이기 위해 효소공학, 바이오프로세싱 뿐만 아니라 고압프로세싱 기술도 성공적으로 적용되었다.유전적으로 취약한 사람들은 글루텐 및 관련 단백질을 섭취할 때 셀리악병(celiac disease)*이라 알려진 면역매개 장질환을 일으킨다. 최근 역학연구조사결과에 따르면 전 세계적으로 100인 중 1인은 셀리악병을 앓는 것으로 나타났다. 이 정도 비율은 셀리악병이 가장 흔한 식품 과민증의 하나임을 말해준다. 밀 또는 보리 중의 호르데인(hordein)이나 호밀 중의 세칼린(secalin)과 같은 밀 관련 단백질을 섭취하는 셀리악병 환자들은 소장에서 면역반응을 경험하게 되는데, 이 면역반응을 소장 표면의 성숙한 흡수상피세포를 파괴한다.현재 셀리악병을 치료할 수 있는 유일한 방법은 평생 글루텐 섭취를 완전히 차단하는 것뿐이다. 그러므로 셀리악병 환자들은 매우 엄격한 식단을 고수해야 하며 밀, 호밀 또는 보리가 포함된 어떤 상품도 피해야 한다. 어떤 저자들은 귀리도 포함한다. 이런 곡류를 피하면 질병으로부터 회복될 수 있고 소장 점막과 그 흡수기능도 상당히 개선된다. 셀리악 환자들은 빵, 피자, 비스킷 같은 가장 흔한 식품 일부를 먹을 수 있거나 맥주를 마실 수 있는 처지가 아니다.글루텐의 독특한 성질 때문에 식품학자들은 좋은 품질의 글루텐 프리 상품을 만들어내는데 큰 어려움을 겪고 있다. 현재 시중에 유통되는 상품 대부분은 일반적으로 품질이 매우 낮다. 따라서 HEALTHGRAIN 프로젝트 중 일부는 영양가 있고 맛있는 글루텐 프리 빵을 개발하는데 역점을 두고 있다.(후략) (2010.5.8, 한국과학기술정보연구원 정보분석본부)*&nbsp; 소장에서 일어나는 알레르기 질환으로, 장 내의 영양분 흡수를 저해하는 글루텐에 대한 감수성이 일어남으로써 증세가 나타난다. 이 질환은 대부분 생후 2주의 유아에서부터 1년 정도의 어린이에게서 시작되며, 드물게는 성인이 된 후에 처음 나타나는 경우도 있다. 위험인자는 가족 중에 셀리악병에 걸린 사람이 있는 경우와 임신 및 다른 알레르기 질환이 있는 경우 등이며, 대부분 유전된다. 보통 글루텐이 함유된 음식을 섭취하지 않으면 정상적인 생활을 할 수 있으며, 2~3주 정도면 증세가 호전되기 시작한다.증세는 밀가루 음식을 먹기 시작한 유아의 경우에 체중감소 또는 체중증가가 서서히 나타나며, 식욕저하가 일어난다. 배설물이 묽고, 색이 옅으며, 양이 많고, 나쁜 냄새가 나며, 자주 방귀를 뀐다. 또한 배가 부풀어 오르거나 통증을 호소하는 경우도 있고, 영양이 부족한 상태로 보이며, 입안에 궤양이 생긴다. 피로하거나 창백해 보이는 얼굴, 피부 발진, 뼈의 통증 등 빈혈이나 비타민 결핍증이 나타나며, 어린이의 경우에는 다리가 약간 휘기도 한다. 드물게는 글루텐을 섭취하지 않는데도 증세가 나아지지 않는 경우도 있다.치료법은 우선 글루텐이 함유된 식품의 섭취를 중단한다. 그 다음에는 빈혈 치료를 위한 철 및 엽산 함유 제제나 칼슘과 복합 비타민 함유 제제 등을 복용하고, 심한 경우에는 염증 반응을 감소시키기 위한 코티손계 약물을 경구 투여한다.(네이버 백과사전)",2010.05.11,이진필,303,셀리악병* 환자를 위한 새로운 글루텐 프리 식품,539,아세안 국가 조류인플루엔자(AI) 가축방역기술 전수,494
"두 명의 미국 농업연구청(Agricultural Research Service, ARS) 소속 연구원들이 여러 나라 연구원들로 구성된 국제 연구팀과 함께 옥수수의 영양가를 향상시킬 수 있는 새로운 방법을 찾아냈다. 이러한 기술 개발을 통해 개발도상국 여러 나라에서 비타민 A의 결핍으로 시력을 잃고 병이 들거나 사망하는 아동들의 숫자를 줄여 가는데 커다란 도움이 될 것으로 기대된다.옥수수에는 인체에서 비타민 A로 전환이 가능한 카로티노이드들(carotenoids)이 함유되어 있다. 이 가운데 베타-카로틴(beta-carotene)의 경우 비타민 A에 대한 가장 우수한 전구물질(precursor)이기는 하진만 여러가지 옥수수 품종들 가운데 베타-카로틴을 높은 함량 함유하고 있는 옥수수 품종의 비율은 매우 낮다. 아프리카를 비롯한 개발도상국의 여러 지역에서는 옥수수가 주식으로 이용되고 있으며 수십만명의 어린이들이 장님이 되고 면역계가 약화되며 결국 사망에 이르기도 하는데, 이는 이들이 섭취하는 음식의 대부분이 베타-카로틴 함량이 낮은 옥수수에 의존되어 있기 때문이다.(후략) (한국과학기술정보연구원 정보분석본부)http://mirian.kisti.re.kr/gtb_trend/class_gtb/class_gtb_v.jsp?sub_menu=2&amp;cn=GTB2010050065&amp;dbt=TREND&amp;service_code=03&amp;user_id=betl2001",2010.05.10,이진필,302,개발도상국 아동들의 시력 상실과 사망을 방지하기 위한 새로운 접근법,497,아세안 국가 조류인플루엔자(AI) 가축방역기술 전수,494
"일반적인 믿음과는 반대로, 진디(aphids)는 수액(sap)만 빨아먹는 것이 아니라, 식물을 파괴하는 농업의 적이다. 실재로 이들 해충이 두 가지 독특한 형질을 발전시킨 유전학의 선구자라는 것이 학술지 Science에 4월 30일 보고된 한 연구 내용이다. 우선, 진디는 카로테노이드라는 기본 색소를 만드는 것으로 알려진 유일한 동물이다. 이 진디의 색소 생산 능력은 동물계에 있어서는 특이한 것이다. 카로테노이드를 필요로 하는 사람을 비롯한 다른 동물은 이들 기본 색소를 스스로가 만들지는 못하고, 대산에 식품을 통해서 얻어야 한다.(후략) (2010.5.4, 한국과학기술정보연구원 정보분석본부)http://mirian.kisti.re.kr/gtb_trend/class_gtb/class_gtb_v.jsp?sub_menu=2&amp;cn=GTB2010050011&amp;dbt=TREND&amp;service_code=03&amp;user_id=betl2001 ",2010.05.04,이진필,301,진디의 특별하고 놀라운 재주,350,아세안 국가 조류인플루엔자(AI) 가축방역기술 전수,494
"최근 중국 지린성(吉林省) 장춘시(長春市)에서 인삼 게놈 프로젝트가 가동되었다고 지린성(吉林省) 과학기술청이 밝혔다.인삼 게놈 프로젝트의 취지는 인삼 분야에서의 협력을 강화하고 과학기술이 인삼 산업에 대한 견인 역할과 지원능력을 진일보 향상하여 인삼 산업의 지속적인 발전을 추진하는 것이다. 프로젝트가 완성되면 보다 약리적 효과가 좋은 인삼 품종 개발이 가능해질 것으로 보여 업계의 관심이 모아지고 있다.(후략) (2010.5.4, 한국과학기술정보연구원 정보분석본부)http://mirian.kisti.re.kr/gtb_trend/class_gtb/class_gtb_v.jsp?sub_menu=2&amp;cn=GTB2010050029&amp;dbt=TREND&amp;service_code=03&amp;user_id=betl2001 ",2010.05.04,이진필,300,"중국, 인삼게놈 프로젝트 가동",347,아세안 국가 조류인플루엔자(AI) 가축방역기술 전수,494
"미국 농업연구청(Agricultural Research Service, ARS) 연구원에 의해 잡초 계산기(weed calculator)가 개발되었다. 이 계산기를 통해 목초지에 널리 퍼져있는 외래종 침입성 잡초를 한 두종 제거해냄으로써 얼마나 많은 수의 소들을 목초지에 추가적으로 더 투입시켜 키울 수 있는지를 알 수 있게 된다.ARS 포트 키오 가축목초실험실(Fort Keogh Livestock and Range Research Laboratory)의 목초지 생태학자인 Matt Rinella는 잡초가 마초(forage) 생산에 미치는 영향을 예측할 수 있는 컴퓨터 모델을 개발하였다.(후략) (2010.5.3,&nbsp; 한국과학기술정보연구원 정보분석본부)http://mirian.kisti.re.kr/gtb_trend/class_gtb/class_gtb_v.jsp?sub_menu=2&amp;cn=GTB2010050001&amp;dbt=TREND&amp;service_code=03&amp;user_id=betl2001 ",2010.05.03,이진필,299,잡초계산기-미 농업연구청 개발,362,아세안 국가 조류인플루엔자(AI) 가축방역기술 전수,494
"석죽과 한해살이 식물인 안개꽃(학명: gypsophila paniculata)에 백혈병 치료에 혁명을 불러올 수 있는 강력한 항암물질이 들어있다는 연구결과가 나왔다고 영국의 BBC인터넷판 등이 29일 보도했다.영국 사우샘프턴 종합병원 백혈병연구소는 안개꽃에 들어있는 사포닌(saponin)이라는 분자가 백혈병세포에 흡수된 뒤 암세포 막에 구멍을 뚫어 항암제가 들어가기 쉽게 만들어 항암제의 효능을 &ldquo;100만배 이상&rdquo; 증폭시킨다고 밝혔다.따라서 독소가 첨가된 항체를 이 분자와 함께 투여하면 백혈병세포를 뚫고 들어가 훨씬 빨리 암세포를 죽일 수 있다고 연구팀을 이끈 데이비드 플라벨(David Flavell) 박사는 밝혔다.(후략) (2010.4.30, 헤럴드 생생뉴스)http://biz.heraldm.com/common/Detail.jsp?newsMLId=20100430000313",2010.04.30,이진필,298,안개꽃에 강력한 항암성분 있다,453,아세안 국가 조류인플루엔자(AI) 가축방역기술 전수,494
"스페인과 영국의 연구팀은 식물에서 피트산을 생산하는 방법에 관한 퍼즐의 마지막 조각을 발견했다.2010년 4월 26일자 PNAS에 게재된 이 획기적인 발견은 스페인 마드리드 CSIC(Consejo Superior de Investigaciones Cientificas)와 영국의 이스트앵글리아 대학(UAE) 연구팀에 의해 이루어졌으며, 농업 비즈니스와 환경, 인간의 건강과 관련하여 매우 의미있는 발견이라 할 수 있다. 피트산은 여러 작물의 종자와 콩, 덩이줄기에 누적되는 자연발생적인 인산 저장고이다. 연구진은 단백질 IP 5-키나아제의 분자 구조를 알아냄으로써 피트산을 생산하는 이 효소가 어떻게 작용하는지를 처음으로 확인했다. 많은 동물들은 먹이에 존재하는 피트산을 소화할 수 없기 때문에, 피트산의 인산은 거름이 되어 토양으로 전달되며 결국 수로를 오염시킨다.(후략) (2010.4.30, 한국과학기술정보연구원 정보분석본부)http://mirian.kisti.re.kr/gtb_trend/class_gtb/class_gtb_v.jsp?sub_menu=2&amp;cn=GTB2010040637&amp;dbt=TREND&amp;service_code=03&amp;user_id=betl2001 ",2010.04.30,이진필,297,"피트산 퍼즐의 마지막 조각 발견! ",391,아세안 국가 조류인플루엔자(AI) 가축방역기술 전수,494
"미국 농업연구청(Agriculture Research Service, ARS) 연구원에 의해 가축들이 배출해내는 암모니아의 양을 줄일 수 있는 새로운 접근법이 제시되었다. 맥주 양조의 주요 원료 물질인 홉(hops)을 이용한&nbsp;새로운 기술이다.소, 사슴, 양, 염소&nbsp;등의 반추동물들(ruminant animals)은 그들이 가진 네 개의 위 가운데 첫째 위인 혹위(rumen)라고 알려진&nbsp;위에 존재하고 있는 다수의 세균들을 통해 목초와 기타&nbsp;섬유성 식물들을 소화해내는데 도움을 박고 있다.(후략) (2010.4. 29, 한국과학기술정보연구원 정보분석본부)http://mirian.kisti.re.kr/gtb_trend/class_gtb/class_gtb_v.jsp?sub_menu=2&amp;cn=GTB2010040564&amp;dbt=TREND&amp;service_code=03&amp;user_id=betl2001&nbsp;&nbsp; ",2010.04.28,이진필,296,"홉(hop), 목축업에서 문제가 되는 암모니아 문제 해결",444,아세안 국가 조류인플루엔자(AI) 가축방역기술 전수,494
"식량을 목적으로 한 곡식 재배와 연료를 목적으로 한 곡식 재배, 어느 편이 더 효율적인가에 대한 논쟁을 해결하기 위해 미시간 주립대학 연구자들은 17년 동안의 자료를 분석했다. 그 결과, 생산성있는 농장이라면 연료 대신 식량용 작물을 재배하는 편이 에너지 면에서 더 효율적인 것으로 나타났다.미시간 주립대학 박사과정 후 연구자이자 이번 연구의 대표 저자인 일리아 겔펀드(Ilya Gelfand)는 &quot;연료보다는 식량을 생산하기 위해 작물을 재배하는 것이 36% 더 효율적이다. 가장 이상적인 모델은 일단 식량으로서 옥수수를 재배한 다음, 남은 줄기의 절반은 토양보존을 위해 밭에 그대로 두고 나머지 절반은 셀룰로오스 에탄올을 생산하는 것이다.&quot; 라고 말했다.여태까지 이루어졌던 농작물 에너지 효율성에 관한 여러 연구는 짧은 기간에 걸친 영향력을 살폈지만, 이번 연구는 최초로 수년에 걸친 작물재배 시스템 전반의 에너지 균형을 고려했다. 이번 연구결과는 2010년 4월 19일 자로 온라인 발행된 Environment Science &amp; Technology 저널에 게재되었다. (후략) (2010.4.28, 한국과학기술정보연구원 정보분석본부)http://mirian.kisti.re.kr/gtb_trend/class_gtb/class_gtb_v.jsp?sub_menu=2&amp;cn=GTB2010040545&amp;dbt=TREND&amp;service_code=03&amp;user_id=betl2001 ",2010.04.28,이진필,295,연료보다는 식량을 위한 곡식 재배가 에너지 면에서 더 효율적,479,아세안 국가 조류인플루엔자(AI) 가축방역기술 전수,494
"농진청, 썩음병 균 죽이는 단백질 개발농촌진흥청은 배추나 상추 같은 채소류를 생산하고 유통하는 과정에서 발생하는 '썩음병'을 막을 수 있는 기술을 개발했다고 21일 밝혔다. 썩음병은 병균이 침투해 식물 조직을 썩게 하는 병으로 이 병에 걸리면 채소가 물러지고 악취가 나는 등 상품가치가 떨어진다.채소류는 연간 1000만t 정도가 생산되는데 이 중 30% 정도는 썩음병 피해를 보는 것으로 알려졌다. 농가 입장에서는 채소류에 농약이나 살균소독제를 쉽게 쓸 수 없어 유통과정에서 발생하는 썩음병을 막기 어렵다. 썩음병으로 인한 손실 규모는 연간 2조원 수준에 이르는 것으로 추산된다.(후략) (2010.4.21, 조선일보)http://news.chosun.com/site/data/html_dir/2010/04/21/2010042102443.html",2010.04.22,이진필,294,채소 '썩음병' 막는 기술 나왔다,523,아세안 국가 조류인플루엔자(AI) 가축방역기술 전수,494
"음식에 칠리 가루를 첨가할 때 몇 가지 놀라운 결과를 가져온다는 사실이 새로운 연구결과를 통해 밝혀졌다. 폴란드 바르샤바 생명과학대(Warswa University of Life Science) 인체영양 및 소비자학부에 의해 수행된 이번 연구는 서로 다른 식품 매트릭스가 매운맛에 대한 지각을 어떻게 바꾸는지에 대한 지금까지의 연구 중 가장 상세한 내용을 담고 있다.코와 입에서 이루어지는 향미인 냄새와 맛을 지각할 때와는 달리, 음식에서 열기를 지각하는 과정은 물체감각적 자극시스템(chemesthetic stimulation system)에 의해 조절된다. 물체감각적 감각은 온도와 통증 수용체를 통해 지각되고, 냄새와 맛에 비해 더 느린 속도로 발달하며, 훨씬 더 오래간다고 대표 연구자인 Elza Kostyra는 말했다.(후략) (2010.4.22, 한국과학기술정보연구원 정보분석본부)http://mirian.kisti.re.kr/gtb_trend/class_gtb/class_gtb_v.jsp?sub_menu=2&amp;cn=GTB2010040436&amp;dbt=TREND&amp;service_code=03&amp;user_id=betl2001 ",2010.04.22,이진필,293,"칠리 가루, 짠맛과 향미를 변화시켜",569,아세안 국가 조류인플루엔자(AI) 가축방역기술 전수,494
"- 허위 신고품종 자진 취하기간(4.20~6.20) 운영국립종자원은 종자시장의 건전한 유통질서 확립을 위해 시중 유통종자에 대한 품종 진위(眞僞) 검사를 강화해 나갈 방침이라고 밝혔다.&nbsp;&nbsp;국립종자원은 같은 품종을 명칭만 바꿔 유통시키거나 생산&middot;판매신고 품종과 다른 품종을 유통시키는 관행에 대해 실태 조사를 실시하고, 자체 개발한 DNA 분자표지 기술을 활용하여 시중 유통종자에 대한 품종 진위 검사를 더욱 강화하기로 하였다.&nbsp;&nbsp;&nbsp;※ DNA기술을 이용한 품종 진위 검사 : 품종을 식물체의 색깔, 크기, 모양 등으로 구별할 수 있는 것처럼 각 품종이 가진 고유의 DNA를 비교하여 품종을 확인하는 기술&nbsp;&nbsp;동일 품종의 종자를 ① 품종명칭만 바꿔 새로 개발된 품종인 것처럼 유통하는 경우, ②『품종생산.수입판매신고』한 종자와 품종특성이 다른 품종을 판매하는 경우에는 농업인에게 품종 선택의 혼란과 품질 및 가격차이로 인한 피해가 예상되기 때문이다.&nbsp;&nbsp;&nbsp;※「품종 생산.수입판매신고」는 종자산업법 제138조에 의거 종자를 판매하고자 하는 종자업자는 해당 품종의 종자시료를 첨부하여 신고하여야 하며, 종자분쟁이 발생할 경우 대비시험 등에 이용하기 위해 신고 품종의 종자를보관.관리하고 있음&nbsp;DNA 분자표지를 이용한 품종진위 검사기법은 국립과학수사연구소의 DNA를 이용한 신원확인 기술과 같은 원리로서, 그 동안 국립종자원은 고추&middot;양파&middot;복숭아.벼 등 주요 14개 작물에 대해 품종식별이 가능한 DNA 분자표지를 자체적으로 개발하고, 주요 품종에 대한 DNA D/B를 구축하였다.&nbsp;&nbsp;이러한 기술을 바탕으로 지난 2년간 DNA 분자표지를 활용하여 수박.추의 시중 유통종자에 대해 품종 진위 검사를 시범적으로 실시하였으며,&nbsp;&nbsp;신고한 종자와 다른 종자를 유통시킨 사실이 적발된 종자업체에 대해 해당 품종의 판매 중단 및「생산.수입판매신고」를 자진 취하토록 권고한 바 있다.&nbsp;국립종자원은 올해 유통실태 조사결과 불법유통이 우려되는 고추&middot;수박&middot;오이&middot;토마토&middot;양파 5작물에 대해 집중적으로 품종 진위 검사를 실시하고, 앞으로 채소작물뿐만 아니라 버섯&middot;과수 등에 대해서도 연차적으로 확대해 나갈 계획이다.&nbsp;&nbsp;또한 검사결과를 관련 협회에 제공하여 종자업계의 유통개선 자정(自淨) 노력을 촉구하는 등 계도기간을 거친 뒤, 내년부터는 신고한 종자와 다른 종자를 유통시키는 업체 등에 대해서는 엄중하게 처벌할 방침이다.&nbsp;&nbsp;&nbsp;※ 품종 생산.수입판매 미신고 종자 판매에 대한 처벌규정&nbsp;&nbsp;&nbsp;&nbsp;&nbsp;- 1년 이하의 징역 또는 1천만원 이하의 벌금(종자산업법 제173조)&nbsp;&nbsp;&nbsp;&nbsp;&nbsp;- 영업정지 90일(종자산업법 시행규칙 제112조)&nbsp;&nbsp;국립종자원 관계자는 이번 품종진위 검사 강화로 그 동안 종자유통질서를 문란시켜 농업인의 품종 선택을 어렵게 하고 육종가의 신품종 개발의욕을 저해하는 요인으로 지적되어온 유통관행을 바로잡는 계기가 될 것으로 기대한다고 밝혔다.&nbsp;이와 함께 국립종자원은 건전한 종자유통질서 정착을 위해 이달 20일부터 6월20일까지 2개월간 종자산업법 관련규정에 위반되는『품종생산.수입판매신고』종자에 대해 신고 자진취하 기간을 운영할 계획이다.(2010.4.20, 농림수산식품부 홈페이지 보도자료)http://mifaff.korea.kr/gonews/branch.do?act=detailView&amp;type=news&amp;section=b_sec_1&amp;dataId=155458972",유통종자 품종진위검사강화.hwp,http://www.fact.or.kr/action.do?action=farmtech%24file&seq=292&file_seq=1,2010.04.21,이진필,292,품종 진위(眞僞) 검사 강화로 종자 유통질서 확립,501
"양파의 특정 성분에는 항산화 특성과 항미생물 특성이 있어 식품 보존을 위한 용도로 양파를 사용할 수 있다고 한다. 이는 카탈루냐 기술대학(Polytechnic Universuty of Cataluna, UPC)과 바르셀로나대의 연구진에 의해 International Journal of food Science and Technology에 게재된 연구에서 증명되었다.바르셀로나대 식물영향학과 소속 연구자이자 카탈루냐 기술대학 농식품공학 및 생명공학과(Department of Agrifood Engineering and Biotechnology)에서 수행 중인 프로젝트의 공동저자는 &quot;생양파에 있는 플라보노이드의&nbsp;항산화 특성과 항미생물 특성은&nbsp;양파를 식품 보존제의 훌륭한 후보가 될 수 있게&nbsp;한다&quot; 라고 말했다.(후략) (2010.4.20, 한국과학기술정보연구원 정보분석본부)http://mirian.kisti.re.kr/gtb_trend/class_gtb/class_gtb_v.jsp?sub_menu=2&amp;cn=GTB2010040410&amp;dbt=TREND&amp;service_code=03&amp;user_id=betl2001&nbsp; ",2010.04.20,이진필,291,"인공 보존제를 대체할 천연 보존재, 양파",408,품종 진위(眞僞) 검사 강화로 종자 유통질서 확립,501
"미국 국립 아카데미의 국가연구위원회(National Research Council)에서 2010년 4월 13일자로 배포한 보고서(유전자 조작 농산물이 미국 농장 지속성에 미치는 영향, The Imfact of Genetically Engineered Crops on Farms Sustainabilty in the United States, Washington, D.C. The National Academy Press, 2010)에 따르면, 미국 농민은 유전자 조작 농산물을 도입함으로써 이익을 보았다고 한다. 전통적인 농작물에서 유전자 조작 농산물로 방향을 전환했던 농민은 더 많은 이윤을 창출하는 한편, 환경적인 영향은 감소시칼 수 있었다고 전문가들은 결론지었다. 그러나 수질개선 등 여러 이득에 대해서는 더욱 정량화활 필요가 있으며 몇몇 유전공학 농산물은 제초제에 내성을 가진 잡초를 진화시켜 위기에 처해있다.(후략) (2010.4.20, 한국과학기술정보연구원 정보분석본부)http://mirian.kisti.re.kr/gtb_trend/class_gtb/class_gtb_v.jsp?sub_menu=2&amp;cn=GTB2010040409&amp;dbt=TREND&amp;service_code=03&amp;user_id=betl2001 ",2010.04.20,이진필,290,유전자 조작 농산물이 미국 농장 지속성에 미치는 영향,345,품종 진위(眞僞) 검사 강화로 종자 유통질서 확립,501
"&nbsp;농림수산식품기술기획평가원(원장 정 승)은 농림수산식품산업의 신성장동력 창출과 연구성과 향상을 위해 R&amp;D사업의 기획&middot;관리&middot;평가 강화에 나섰다.&nbsp;&nbsp; 『평가원』은 상시 기획체계 구축, 사업범위 확대, 기획의 전문성 확보를 통해 농림수산식품산업의 신성장동력 창출의 기반을 마련하고, 연구과제의 선정&middot;중간&middot;최종평가 등 각 단계별 관리&middot;평가 체계를 강화해 연구성과를 향상시켜 나갈 계획이다.&nbsp;먼저, R&amp;D 기획에 있어서 상시 기획체계 구축 및 정책연계성 강화, 전략적 기획 및 기획 전문성 강화를 통해 제1차 종합계획 등 정부 정책에 연계된 사업 분야 및 국가 신성장동력 확충에 필요한 &lsquo;해야 할 연구&rsquo;를 발굴&middot;기획해 나간다.&nbsp;&nbsp; 이를 위해 『평가원』 홈페이지 내에 농어민&middot;식품업체 및 외식업체 등 수요자가 직접 기술수요를 상시 입력할 수 있는 시스템을 구축하여 운영하고, 수요조사를 주기적으로 취합하여 상시기획에 활용하고 있으며,&nbsp;&nbsp; R&amp;D사업 범위를 확대하여 종래의 생산에 중점을 둔 기술분야 보다는 제1차 농림수산식품과학기술 육성 종합계획에 따라 7대산업 및 20대 세부산업별로 새로운 성장동력을 창출할 수 있는 바이오에너지, 바이오신소재, 곤충산업 등 생명산업기술과 IT&middot;BT&middot;ET 등 첨단분야 융합기술을 발굴&middot;육성해 나갈 계획이다.&nbsp;&nbsp; 연구방법도 주로 농림수산식품 관련 학계 내부위주로 이루어지던 연구에서 IT&middot;BT&middot; ET 등 범 과학계 협동&middot;개방연구를 촉진해 나가고, R&amp;D자문위원회 운영, &lsquo;사업기획전문기관&rsquo; 및 &lsquo;R&amp;D분석전문기관&rsquo; 등과 기획 협력체계를 구축하여 전문화된 상시 기획 지원체계를 구축해 나갈 계획이다.&nbsp;『평가원』은 연구성과를 향상시키기 위해 연구과제 선정, 중간평가, 최종평가 등 각 단계별 관리&middot;평가체계를 강화한다.&nbsp;&nbsp; 과제선정의 중복성 배제를 위해 특허D/B, 논문D/B, NTIS, 유관기관 검토 등을 활용한 사전조사를 강화하고, 과제선정 평가에서는 서면평가&middot;공개평가 및 정책부합성 평가 등 모든 평가 단계별로 60점미만의 과제는 선정에서 제외한다.&nbsp;&nbsp;&middot; 또한, 평가위원에 농수산물 생산&middot;가공&middot;유통&middot;소비활동에 종사하는 현장 전문가를 포함시키고, 친인척&middot;사제관계&middot;기관 등 평가대상 과제의 연구책임자 또는 기관과 관계있는 인사는 &nbsp;제외시켜 평가의 현장성과 공정성을 높여나간다.&nbsp;경쟁촉진을 통한 연구성과 도출을 위해 과제 선정이후에도 연구목표에 근거한 전주기적 평가체계를 시행해 나간다.&nbsp;&nbsp; 과제가 한번 선정되면 환경변화 또는 수행성과에 상관없이 과제수행기간 종료시까지 진행해왔으나, 앞으로는 상시 기획&middot;평가&middot;컨설팅 및 지원시스템(Plan-Do-See)을 도입하여, 상대평가결과에 따라 중단조치, 또는 인센티브를 부여하고, 평가내용에 따라 연구내용을 재기획해 조정한다.&nbsp;&nbsp; 중간평가 결과 60점미만 과제는 중단통보하고, 60점이상으로 &lsquo;계속&rsquo;과제로 분류된 과제도 하위 20%에 해당하는 과제에 대해서는 중단통보를 하게 된다. 중단통보를 받은 과제중 이의제기를 받아 공개발표평가를 실시하여, 최종적으로 평가대상 과제의 10%이상을 중단조치하게 된다.&nbsp;&nbsp;&nbsp;&nbsp;&nbsp;&nbsp;※ 중간서면평가 &rarr; 중단통보(60점미만 및 &lsquo;계속&rsquo; 평가과제중 하위20%) &rarr; 이의제기 &rarr; 중간공개발표평가 &rarr; 중단조치(중단통보 과제의 50%이상)&nbsp;&nbsp; Plan-Do-See시스템을 농식품수출연구사업단 연차평가에 시범적용하여, 전체 13개 사업단 중 2개 사업단은 중단조치, 4개 사업단은 연구개발비 10~20% 상향 조정하고, 평가결과를 2년차 기획에 반영하여 협약을 완료한 바 있다.&nbsp;&nbsp;성과활용 촉진을 위해 최종평가 및 성과활용평가를 강화하고, 후속 연구지원 체계를 마련하여 시행해 나간다.&nbsp; 최종평가를 성과활용 가능성 등을 중심으로 엄격히 평가한 후, 평가결과에 따라 신규과제 참여제한 또는 가점부여 등 후속연구를 지원해 나갈 계획이며, 실용화 가능성이 높은 과제는 R&amp;BD사업과 연계해 사업화를 지원한다.&nbsp;&nbsp;&nbsp;&nbsp;- 현재 바이오기술에 대해서만 실시하고 있는 R&amp;BD사업을 내년부터 모든 사업으로 확대해 나갈 계획이며, 연구성과 활용 및 사업화 촉진을 위해 올해 하반기부터는 녹색기술&middot;사업인증, 우수실용기술인증을 도입할 계획이다.(2010.4.16, 농림수산식품부 홈페이지 보도자료)http://mifaff.korea.kr/gonews/branch.do?act=detailView&amp;type=news&amp;section=b_sec_1&amp;dataId=155458175",2010 농식품 R&D기획평가관리 강화방안.hwp,http://www.fact.or.kr/action.do?action=farmtech%24file&seq=289&file_seq=1,2010.04.19,이진필,289,농림수산식품 R&D 기획·관리·평가 강화방안 마련,370
"&nbsp;농림수산식품기술기획평가원(원장 정 승)은 농림수산식품산업의 신성장동력 창출과 연구성과 향상을 위해 R&amp;D사업의 기획&middot;관리&middot;평가 강화에 나섰다.&nbsp;&nbsp; 『평가원』은 상시 기획체계 구축, 사업범위 확대, 기획의 전문성 확보를 통해 농림수산식품산업의 신성장동력 창출의 기반을 마련하고, 연구과제의 선정&middot;중간&middot;최종평가 등 각 단계별 관리&middot;평가 체계를 강화해 연구성과를 향상시켜 나갈 계획이다.&nbsp;먼저, R&amp;D 기획에 있어서 상시 기획체계 구축 및 정책연계성 강화, 전략적 기획 및 기획 전문성 강화를 통해 제1차 종합계획 등 정부 정책에 연계된 사업 분야 및 국가 신성장동력 확충에 필요한 &lsquo;해야 할 연구&rsquo;를 발굴&middot;기획해 나간다.&nbsp;&nbsp; 이를 위해 『평가원』 홈페이지 내에 농어민&middot;식품업체 및 외식업체 등 수요자가 직접 기술수요를 상시 입력할 수 있는 시스템을 구축하여 운영하고, 수요조사를 주기적으로 취합하여 상시기획에 활용하고 있으며,&nbsp;&nbsp; R&amp;D사업 범위를 확대하여 종래의 생산에 중점을 둔 기술분야 보다는 제1차 농림수산식품과학기술 육성 종합계획에 따라 7대산업 및 20대 세부산업별로 새로운 성장동력을 창출할 수 있는 바이오에너지, 바이오신소재, 곤충산업 등 생명산업기술과 IT&middot;BT&middot;ET 등 첨단분야 융합기술을 발굴&middot;육성해 나갈 계획이다.&nbsp;&nbsp; 연구방법도 주로 농림수산식품 관련 학계 내부위주로 이루어지던 연구에서 IT&middot;BT&middot; ET 등 범 과학계 협동&middot;개방연구를 촉진해 나가고, R&amp;D자문위원회 운영, &lsquo;사업기획전문기관&rsquo; 및 &lsquo;R&amp;D분석전문기관&rsquo; 등과 기획 협력체계를 구축하여 전문화된 상시 기획 지원체계를 구축해 나갈 계획이다.&nbsp;『평가원』은 연구성과를 향상시키기 위해 연구과제 선정, 중간평가, 최종평가 등 각 단계별 관리&middot;평가체계를 강화한다.&nbsp;&nbsp; 과제선정의 중복성 배제를 위해 특허D/B, 논문D/B, NTIS, 유관기관 검토 등을 활용한 사전조사를 강화하고, 과제선정 평가에서는 서면평가&middot;공개평가 및 정책부합성 평가 등 모든 평가 단계별로 60점미만의 과제는 선정에서 제외한다.&nbsp;&nbsp;&middot; 또한, 평가위원에 농수산물 생산&middot;가공&middot;유통&middot;소비활동에 종사하는 현장 전문가를 포함시키고, 친인척&middot;사제관계&middot;기관 등 평가대상 과제의 연구책임자 또는 기관과 관계있는 인사는 &nbsp;제외시켜 평가의 현장성과 공정성을 높여나간다.&nbsp;경쟁촉진을 통한 연구성과 도출을 위해 과제 선정이후에도 연구목표에 근거한 전주기적 평가체계를 시행해 나간다.&nbsp;&nbsp; 과제가 한번 선정되면 환경변화 또는 수행성과에 상관없이 과제수행기간 종료시까지 진행해왔으나, 앞으로는 상시 기획&middot;평가&middot;컨설팅 및 지원시스템(Plan-Do-See)을 도입하여, 상대평가결과에 따라 중단조치, 또는 인센티브를 부여하고, 평가내용에 따라 연구내용을 재기획해 조정한다.&nbsp;&nbsp; 중간평가 결과 60점미만 과제는 중단통보하고, 60점이상으로 &lsquo;계속&rsquo;과제로 분류된 과제도 하위 20%에 해당하는 과제에 대해서는 중단통보를 하게 된다. 중단통보를 받은 과제중 이의제기를 받아 공개발표평가를 실시하여, 최종적으로 평가대상 과제의 10%이상을 중단조치하게 된다.&nbsp;&nbsp;&nbsp;&nbsp;&nbsp;&nbsp;※ 중간서면평가 &rarr; 중단통보(60점미만 및 &lsquo;계속&rsquo; 평가과제중 하위20%) &rarr; 이의제기 &rarr; 중간공개발표평가 &rarr; 중단조치(중단통보 과제의 50%이상)&nbsp;&nbsp; Plan-Do-See시스템을 농식품수출연구사업단 연차평가에 시범적용하여, 전체 13개 사업단 중 2개 사업단은 중단조치, 4개 사업단은 연구개발비 10~20% 상향 조정하고, 평가결과를 2년차 기획에 반영하여 협약을 완료한 바 있다.&nbsp;&nbsp;성과활용 촉진을 위해 최종평가 및 성과활용평가를 강화하고, 후속 연구지원 체계를 마련하여 시행해 나간다.&nbsp; 최종평가를 성과활용 가능성 등을 중심으로 엄격히 평가한 후, 평가결과에 따라 신규과제 참여제한 또는 가점부여 등 후속연구를 지원해 나갈 계획이며, 실용화 가능성이 높은 과제는 R&amp;BD사업과 연계해 사업화를 지원한다.&nbsp;&nbsp;&nbsp;&nbsp;- 현재 바이오기술에 대해서만 실시하고 있는 R&amp;BD사업을 내년부터 모든 사업으로 확대해 나갈 계획이며, 연구성과 활용 및 사업화 촉진을 위해 올해 하반기부터는 녹색기술&middot;사업인증, 우수실용기술인증을 도입할 계획이다.(2010.4.16, 농림수산식품부 홈페이지 보도자료)http://mifaff.korea.kr/gonews/branch.do?act=detailView&amp;type=news&amp;section=b_sec_1&amp;dataId=155458175",2010 농식품 R&D 기획평가관리 강화방안 참고자료.hwp,http://www.fact.or.kr/action.do?action=farmtech%24file&seq=289&file_seq=2,2010.04.19,이진필,289,농림수산식품 R&D 기획·관리·평가 강화방안 마련,370
"(전략) 램파르스키와 그의 동료들은 쵸크베리, 녹차, 호두로부터 폴리페놀이 풍부한 추출물을 얻은 다음, 다양한 식품 검을 이용해 겔 상태의 여러 가지 시험용 제품을 제조했다. 숙련된 패널리스트(ISO 8586-2:1994)로 구성된 팀이 이 제품들을 평가했다. 연구 결과, CMC가 폴리페놀의 떫은맛을 감추는 데 가장 우수한 것으로 나타났으며, 다음으로 구아검, 잔탄검, 아라빅검 순으로 떫은맛을 감추는 효과가 있었다. 연구진은 CMC가 나선형 구조로 이루어져 떫은맛을 내는 분자들을 가두어 쓴맛을 감출 수 있을 것이라고 설명했다. 연구진은 더 많은 연구가 필요하며 후속 연구에서는 떫은맛을 차폐시키는 메커니즘과, 다당류와 폴리페놀의 상호작용이 항산화 특성에 영향을 미치는지 여부를 설명하는데 중점을 두어야 한다고 강조했다.(2010.4.15, 한국과학기술정보연구원 정보분석본부)http://mirian.kisti.re.kr/gtb_trend/class_gtb/class_gtb_v.jsp?sub_menu=2&amp;cn=GTB2010040260&amp;dbt=TREND&amp;service_code=03&amp;user_id=betl2001 ",2010.04.15,이진필,288,항산화물질의 쓴맛을 감춰주는 검 물질,404,농림수산식품 R&D 기획·관리·평가 강화방안 마련,370
"아르헨티나에서 이루어진 최근 연구결과에 따르면, 바이날(vinal, Prosopis ruscifolia, 아르헨티나의 벌목지대에서 자생하는 야생 콩과식물)의 종자를 옥수수 전분과 혼합하면 더 많은 단백질과 항산화제를 지닌 글루텐 프리 조성물을 생산해낼 수 있다고 한다. 아르헨티나 산타페의 리또랄 국립대 연구자들은 &lt;International Journal of Food Science and Nutrition&gt;에 게재된 연구논문에서 이 빵의 단백질 함량이 지역 마켓에서 볼 수 있는 글루텐 프리(gluten-free) 빵보다 더 높았다고 보고했다. 아르헨티나 콩의 명백한 가능성에 대해 계속적인 연구가 뒷받침된다면, 글루텐 프리 조성물의 성분 대체물 리스트에 바이날이 추가되는 것을 보게 될 것이다. 글루텐 프리 조성물의 성분 대체물 리스트는 나날이 증가되고 있는 추세다. 시장조사기관 Packaged Facts에 따르면, 글루텐 프리 식품시장은 절정에 이르렀으며 지난해에는 약 160억 달러의 규모에 달했다. 글루텐 프리 식품시장은 지난 4년에 걸쳐 28%의 연평균 성장률을 나타내고 있다. 만성소화장애증으로 고생하는 사람들은 식단 중의 모든 글루텐을 피해야 하지만, 만성소화장애증 진단이 유일한 요인은 아니다. 밀 또는 글루텐 과민증이라 스스로 진단한 사람들이나 글루텐 프리 식습관이 건강하다고 믿는 사람들처럼 인구 중 어떤 사람들 또한 강력한 추진요인이 된다. (2010.4.13, 한국과학기술정보연구원 정보분석본부)http://mirian.kisti.re.kr/gtb_trend/class_gtb/class_gtb_v.jsp?sub_menu=2&amp;cn=GTB2010040233&amp;dbt=TREND&amp;service_code=03&amp;user_id=betl2001",2010.04.13,이진필,287,글루텐 프리 가능성을 보여주는 아르헨티나 콩,394,농림수산식품 R&D 기획·관리·평가 강화방안 마련,370
"아르헨티나 연구진에 따르면, 월계수 잎과 유칼립투스 잎으로 만든 멀치(뿌리덮개)에서 자란 버섯은 향미 변화와 약간의 색깔 변화를 겪게 되며, 월계수 잎에서 자란 버섯이 품질 면에서 더 우수한 것으로 나타났다. 연구진 중 일부는 나바르 공립대(Public University of Navarre (UPNA)) 소속으로, 이 연구는 에센셜 오일 산업의 폐기물을 활용하고자 진행되었다. &ldquo;전문가들로 구성된 패널에 따르면, 월계수 잎과 유칼립투스 멀치에서 재배한 버섯은 전통적인 방식으로 재배한 버섯에 비해 갈색, 버섯맛, 스폰지감 등에서 더 우수했다.&rdquo;고 이번 논문의 대표 저자이자 UPNA의 유전학&middot;미생물학 연구그룹의 최근 참여자인 알레한드라 오마리니(Alejandra Omarini)는 밝혔다.(후략) (2010.4.13, 한국과학기술정보연구원 정보분석본부)http://mirian.kisti.re.kr/gtb_trend/class_gtb/class_gtb_v.jsp?sub_menu=2&amp;cn=GTB2010040231&amp;dbt=TREND&amp;service_code=03&amp;user_id=betl2001 ",2010.04.13,이진필,286,월계수와 유칼립투스 멀치에서 자란 버섯은 향이 다르다,450,농림수산식품 R&D 기획·관리·평가 강화방안 마련,370
"브라질 연구자들은 처음으로 커피콩이 벌레를 죽일 수 있는 단백질을 포함하고 있으며, 병충해로부터 농작물을 보호할 새로운 살충제가 될 수 있을 것이라고 밝혔다. 전 세계적으로 가장 중요한 열대농작물 중 하나인 커피의 새로운 용도를 제시한 이 연구결과는 ACS의 &lt;Journal of Agricultural and Food Chemistry&gt;에 게재되었다. 땅콩류와 콩류, 기타 다른 식물 종자에는 글로불린(globulin)이라는 단백질이 있는데, 이 단백질이 벌레를 퇴치한다. 커피콩에는 많은 양의 글로불린이 들어있는데, 파울로 마자페라(Paulo Mazzafera)와 그의 동료들은 커피의 글로불린도 살충 효과가 있는지에 대해 의문을 품었다. 글로불린은 커피콩을 볶을 때 높은 열 때문에 파괴되므로 끓인 커피에는 발견되지 않는다.(후략) (2010.4.7, 한국과학기술정보연구원 정보분석본부)http://mirian.kisti.re.kr/gtb_trend/class_gtb/class_gtb_v.jsp?sub_menu=2&amp;cn=GTB2010040098&amp;dbt=TREND&amp;service_code=03&amp;user_id=betl2001 ",2010.04.12,이진필,285,차세대 살충제 : 로스팅 하지 않은 커피콩 단백질,532,농림수산식품 R&D 기획·관리·평가 강화방안 마련,370
"미국 콜드스프링 하버연구소 (Cold Spring Harbor Laboratory, CSHL)와 이스라엘의 히브루 대학 (Hebrew University)의 연구자들은 잡종 토마토에서 생산량을 증가시키는 단일 유전자를 발견했다. 이 수확을 증가시키는 유전자는 식물의 개화시기를 통제하며 더욱 중요한 사실은 각기 다른 종류의 토마토와 다양한 환경조건에서 이러한 유전자가 작동한다는 점을 발견했다. 이번 연구에 참여한 세 명의 저자 중에 한 명인 CSHL의 자크 리프맨 (Zach Lippman)으로 3월 28일자 &lsquo;Nature Genetics&rsquo;지에 실린 논문에서 &ldquo;이번 발견은 잠재적으로 수십 억 달러의 토마토 산업에 영향을 미칠 뿐 아니라 다른 개화작물의 생산량에 영향을 주게 될 것이다&rdquo;고 말했다. 이번 논문의 공동저자는 이스라엘의 과학자인 유리 크리거 (Uri Krieger)와 다니 자미르 (Dani Zamir) 교수가 참가했다 (Uri Krieger, Zachary B. Lippman and Dani Zamir, 2010). 연구팀은 1세기 전 확립된 옥수수나 쌀과 같은 잡종 작물의 수확량을 획기적으로 증가시킨 혁명적인 품종개량 원칙인 잡종강세 (hybrid vigor, heterosis)를 일으키는 유전자를 찾는 과정에서 이번 발견을 이루었다. 잡종강세는 두 가지 종류의 식물을 이종교배하게 되면 좀더 강력한 잡종이 만들어지며 그 생산량은 증가되는 놀라운 현상이다. 이에 대한 첫번째 관찰은 1876년 찰스 다윈 (Charles Darwin)에 의해 이루어졌으며 그 뒤 30년이 지난 후에 CSHL의 옥수수 유전학자인 조지 슐 (George Shull)이 잡종강세현상을 발견했지만 어떻게 이 현상이 일어나는가에 대한 것은 아직 미스테리로 남아있다. (후략) (2010.4.5, 한국과학기술정보연구원 정보분석본부)http://mirian.kisti.re.kr/gtb_trend/class_gtb/class_gtb_v.jsp?sub_menu=2&amp;cn=GTB2010030936&amp;dbt=TREND&amp;service_code=03&amp;user_id=betl2001",2010.04.05,이진필,284,토마토 생산량을 증가시키는 단일 유전자,505,농림수산식품 R&D 기획·관리·평가 강화방안 마련,370
"개발도상국 국민의 비타민 A 결핍증을 감소시킬 새로운 옥수수종이 개발되었다. 전통적인 품종개량방법을 이용해 개발된 이 비타민 강화 옥수수는 계속해서 반대여론에 부딪히고 있는 유전자 조작 옥수수를 대신하여 도입될 가능성이 있다. 연구팀은 온대지역의 옥수수에서만 발견되는 crtRB1 유전자의 희귀한 변이체를 동정해 이를 &lt;Nature Genetics&gt;에 3월 22일자로 발표했다. 이 변이체는 비타민 A의 전구체이자 식품 중의 비타민 A의 주된 공급원인 베타 카로틴을 18배 가량 더 생산해낼 수 있다. 연구자들은 자연적인 품종개량법을 이용해 이 변이체를 개발도상국에서 흔히 자라는 열대 옥수수 품종에 도입했다. 여러 개발도상국의 가난한 사람들은 옥수수 같은 저렴한 식품을 주로 섭취하는데, 이 옥수수에는 충분한 비타민 A가 들어있지 않다. 잠비아에서는 아동의 53%가 충분한 비타민 A를 섭취하지 못하고 있고, WHO는 전 세계적으로 50만 명에 달하는 아동들이 매년 비타민 A 결핍증으로 시력을 상실하고, 그들 중 절반은 1년 이내에 비타민 A 결핍과 관련된 원인 질병으로 사망한다고 추정하고 있다. 미량 영양소 결핍을 감소시키는 것을 목표로 하는 국제 연구 프로그램인 하비스트플러스(HarvestPlus, 이하 &lsquo;HP&rsquo;)는 사하라 사막 이남 아프리카, 라틴 아메리카, 인디아 등 옥수수를 주식으로 하는 지역에서 비타민 A 결핍증을 예방하기에 충분한 목표 수준을 곡물 1g당 베타 카로틴 15㎍으로 설정했다. 새로운 연구의 대표저자인 Jianbing Yan은 멕시코의 국제밀옥수수연구소(CIMMYT) 소속으로, &ldquo;이 유전자는 HP 목표의 57퍼센트를 달성할 수 있다.&rdquo;고 말했다. (후략) (2010.4.2, 한국과학기술정보연구원 정보분석본부)http://mirian.kisti.re.kr/gtb_trend/class_gtb/class_gtb_v.jsp?sub_menu=2&amp;cn=GTB2010030849&amp;dbt=TREND&amp;service_code=03&amp;user_id=betl2001 ",2010.04.05,이진필,283,품종개량으로 열대지방 옥수수에 비타민 A를 강화,502,농림수산식품 R&D 기획·관리·평가 강화방안 마련,370
"뉴질랜드의 한 회사의 연구결과에 따르면 블랙베리에 들어있는 자연 화학물이 몇몇 종류의 천식에 도움을 줄 수 있을 것이라 한다. 뉴질랜드 블랙베리의 화합물은 알레르기성의 천식에 다양한 작용을 하여 폐 염증을 감소시킨다. 실험실 연구에서 찾아낸 이 화합물은 염증을 줄이고 염증을 유발시키는 반응을 억제하여 폐 조직의 자연적인 방어 기제를 증대시킨다. 이 연구 결과는 Nutrition and Food Research 저널에 발표되었다. 과일이 알레르기성 천식 반응을 감소시킨다고 알려져 있긴 했지만 이번 연구가 그 작용기전을 명확히 밝히는 첫번째 결과이다. 연구진은 에피갈로칼테킨 성분이 폐 조직에서의 염증을 감소시킨다는 것을 밝혔다. 에피갈로칼테긴은 항산화제이며 블랙베리에 있는 프로안토시아니딘의 중요 성분으로 알려져 있다. (후략) (2010.4.1, 한국과학기술정보연구원 정보분석본부)http://mirian.kisti.re.kr/gtb_trend/class_gtb/class_gtb_v.jsp?sub_menu=2&amp;cn=GTB2010030838&amp;dbt=TREND&amp;service_code=03&amp;user_id=betl2001 ",2010.04.01,이진필,282,"천식 치료에 도움되는 천연과일 ",503,농림수산식품 R&D 기획·관리·평가 강화방안 마련,370
"영양이 풍부하고 건강에 도움을 주는 &quot;기능성 식품&quot; 역할을 할 이상적인 물질이 용설란 속에 있다. 이 연구는 3월 23일 샌프란시스코의 미국화학회(ACS)의 239번째 회의에서 발표되었다. 연구진은 용설란에서 추출한 &quot;프록탄&quot; 이 풍부한 음식이 골다공증을 방지하고 몸이 칼슘과 다른 영양소를 흡수한다고 말했다. &ldquo;프록탄은 기능성 식품의 영양소로 간주됩니다. 왜냐하면 프록탄을 섭취하면 신체가 다양한 질병의 위험을 감소하도록 작용하는 데 영향을 주기 때문입니다. &ldquo;라고 멕시코 National Polytechnic Institute 의 Mercedes Lopez 박사가 말했다. &ldquo;실험은 프록탄이 당뇨, 비만, 면역 체계 자극, 장 내의 병원성 박테리아의 감소, 변비, 결장암의 위험성 감소 에 이득을 줄 수 있다고 가정했습니다.&rdquo; (후략) (2010.3.31, 한국과학기술정보연구원 정보분석본부)http://mirian.kisti.re.kr/gtb_trend/class_gtb/class_gtb_v.jsp?sub_menu=2&amp;cn=GTB2010030810&amp;dbt=TREND&amp;service_code=03&amp;user_id=betl2001",2010.03.31,이진필,281,골다공증과 다른 질환에 효과적인 용설란 성분,337,농림수산식품 R&D 기획·관리·평가 강화방안 마련,370
"토종 다년생 식물인 cup plant가 뿌리에 탄소를 저장하기 때문에 바이오 매스 작물로 사용될 수 있는 잠재성이 남다코타 주립대에서 연구되고 있다. 이를 통해 연구진은 바이오매스 식물의 생물학적 다양성을 높일 수 있으리라 기대한다. 연구진은 cup plant가 다습한 저지대 대초원에서 일반적으로 경작이 되는지 연구했다. 태생적으로 바이오매스로 쓰이기 위해 경작되는 작물들과 같은 방식으로 Cup plant를 재배하고 처리했다. &ldquo;우리는 장래에 이 식물에 관한 수요가 있을 것이고 어쩌면 시장이 형성될 수도 있다고 기대합니다. 이 식물은 탄소를 뿌리에 저장해두고 바이오 매스를 생산하는 시스템의 일부분입니다.&rdquo; 라고 남다코다 주립대 교수인 Arvid Boe가 말했다.식물 재배자인 Boe는 남다코다 주립대에 설치된 North Central Sun Grant 센터를 통해 미국 에너지성 으로부터 324,336달러(한화 3700억원) 를 지원받는 업계 선두 투자자이다. (후략) (2010.3.31, 한국과학기술정보연구원 정보분석본부)http://mirian.kisti.re.kr/gtb_trend/class_gtb/class_gtb_v.jsp?sub_menu=2&amp;cn=GTB2010030808&amp;dbt=TREND&amp;service_code=03&amp;user_id=betl2001 ",2010.03.31,이진필,280,"새로운 바이오매스,탄소 저장 식물-Cup Plant",351,농림수산식품 R&D 기획·관리·평가 강화방안 마련,370
"캐나다 웨스턴 온타리오대의 새로운 연구에 따르면 이번 여름 바비큐를 구울 때 당신이 사용할 소스가 예기치 못한 건강상 이익을 가져다 줄 수도 있다. 웨스턴 생물학 및 심리학 박사후과정생 레이먼드 토마스(Raymond Thomas)가 주도한 이번 연구는 흔한 고기 양념장이 단순히 맛을 내는 소스 이상의 역할을 할 수 있음을 보여준다. 즉, 고기 양념장이 천연 항산화제의 주된 공급원이 될 수 있음을 보여준 것이다. 항산화제가 풍부한 식품은 심혈관 질환, 암, 알츠하이머병과 파킨슨씨병 같은 신경퇴행성 질환, 염증 질환, 피부 노화와 관련된 문제 등을 예방하는 데 필수적인 역할을 한다. 허브와 향신료는 항산화제의 우수한 공급원이지만, 섭취량을 추정하기가 매우 어렵다. 과일이나 채소에 비해 허브나 향신료는 일반적으로 많이 섭취되지 않기 때문이다. 대신, 요리법에 있어서나 식품의 향미를 증가시키는 향신료 믹스, 양념장 소스와 같은 조성물의 재료로서 상대적으로 적은 양이 사용될 뿐이다. (후략) (2010.3.29, 한국과학기술정보연구원 정보분석본부)http://mirian.kisti.re.kr/gtb_trend/class_gtb/class_gtb_v.jsp?sub_menu=2&amp;cn=GTB2010030769&amp;dbt=TREND&amp;service_code=03&amp;user_id=betl2001 ",2010.03.29,이진필,279,바비큐 양념 소스의 항산화 효과,374,농림수산식품 R&D 기획·관리·평가 강화방안 마련,370
"네덜란드 연구자들은 새로운 연구결과를 통해 식품 겔에 들어있는 단백질 수준을 세심하게 조절하면 단맛에는 영향을 주지 않고서도 저당류 식품을 제조할 수 있다고 밝혔다. 육류 제품에 있어, 겔에서 혈청이 어느 정도로 흘러나오느냐는 다즙성 혹은 육즙의 풍부함을 결정하는 데 중요한 역할을 담당하고 있다. 따라서 겔로부터 혈청의 분비를 조절함으로써 전체적인 단맛을 조절할 수 있으며, 이로써 같은 단맛이라도 당을 적게 사용하여 육류 제품을 제조할 수 있다는 내용이 &lt;Food Hydrocolloids&gt;에 게재되었다. 네덜란드의 식품영양 최고기관(Top Institute Food and Nutrition), 웨게닝겐대 연구센터(Wageningen University &amp; Research Centre), 니조 식품연구소(NIZO Food Research)의 연구자들은 &ldquo;식품 겔의 독특한 반고체(semi-solid) 특성은 원래 식품이 구조적으로 혈청을 보유할 수 있는 능력을 지니고 있기 때문에 비롯된 것이다.&rdquo;라고 설명했다. (후략) (2010.3.29, 한국과학기술정보연구원 정보분석본부)http://mirian.kisti.re.kr/gtb_trend/class_gtb/class_gtb_v.jsp?sub_menu=2&amp;cn=GTB2010030753&amp;dbt=TREND&amp;service_code=03&amp;user_id=betl2001 ",2010.03.29,이진필,278,식품 겔의 단백질을 조절해 저당류 육류 제품을 만든다,360,농림수산식품 R&D 기획·관리·평가 강화방안 마련,370
"유해한 박테리아나 독성 물질이 들어간 음식을 생산하는 나라는 전세계적으로 최대한 빨리 알려지고 그 책임을 질 수 있도록 하는 시스템이 영국 과학자들에 의해 고안되었다. Declan Naughton 교수가 이끄는 연구진은 오염된 식량이 판매되는 것을 막고 안전한 먹러리를 제공하기 위한 모니터링에 간단한 컴퓨터 기술을 사용했다. 오염된 식품의 생산에 관한 경고는 매년 수천개나 되지만 식품 안전에 관해 모니터링하는 전세계적 시스템은 아직 없었다. Naughton 교수와 그의 공동 연구진은 프로그램을 개발했다. 개발된 프로그램은 오염된 식품의 위험을 분석하고 건강상의 문제를 야기할 수 있는 상황에 대해 전세계적으로 파악할 수 있도록 해준다. Naughton 교수는 연구진의 결과물을 European Food Security Authority(유럽 식품 안전국)에 제출했다. 유럽 식품 안전국은 유럽 연합의 식품 안전과 보안을 감시하는 역할을 한다. (2010.3.26, 한국과학기술정보연구원 정보분석본부)http://mirian.kisti.re.kr/gtb_trend/class_gtb/class_gtb_v.jsp?sub_menu=2&amp;cn=GTB2010030679&amp;dbt=TREND&amp;service_code=03&amp;user_id=betl2001",2010.03.26,이진필,277,전세계 오염식량 경고 시스템 개발,360,농림수산식품 R&D 기획·관리·평가 강화방안 마련,370
"물을 수소와 산소로 분해하는 데 일광 에너지(solar energy)를 이용하는 인공 광합성(artificial photosynthesis)은 청정하고 휴대가 가능한 에너지를 공급할 수 있다. 자연적인 광합성은 가시광선을 흡수하기 위하여 엽록소(chlorophyll)를 이용하며, 수많은 태양 전지는 빛 흡수자로 빛에 민감한 유기 분자를 이용하여 자연적인 과정을 모방하고, 흡수된 에너지는 수소에서 양자를 줄이기 위한 촉매로 전달된다. 오늘날 130여개의 재료 및 유도 물질이 수소를 생산하기 위하여 물의 광촉매 분해(photocatalytic splitting)에 이용되는 것으로 알려져 있다. 전이금속 산화물(transition-metal oxide) 또는 금속 옥시나이트라이드(metal oxynitride) 등과 같은 다양한 재료가 광촉매(photocatalyst)로 고안되었으며, 나노 연구 분야에서는 나노 입자, 나노 시트, 나노 와이어 등과 같은 나노 규모의 형태를 갖는 다양한 물질이 빛을 수확하고 촉매 효율성을 높이는 광촉매로 연구되고 있다. 최근 중국 상해 교통대학(Shanghai Jiao-Tong University) 산하 금속복합재료 국가중점연구소(State Key Laboratory of Metal Matrix Composites) 책임자인 Di Zhang 교수는 잎과 같은 계층 구조(hierarchical structure)이며 자연적인 광합성이 수소에 도달하는 조건과 유사한 기능적 모듈을 갖춘 효율적인 디자인 및 비용 효율적인 인공 시스템이 에너지 전환에 주요한 진보를 이루게 될 것이라고 밝혔다.(후략) (2010.3.26, 한국과학기술정보연구원 정보분석본부)http://mirian.kisti.re.kr/gtb_trend/class_gtb/class_gtb_v.jsp?sub_menu=2&amp;cn=GTB2010030714&amp;dbt=TREND&amp;service_code=03&amp;user_id=betl2001 ",2010.03.26,이진필,276,수소 생산에 적용될 인공 잎의 개발,415,농림수산식품 R&D 기획·관리·평가 강화방안 마련,370
"담수(freshwater)는 갈수록 고갈될 우려가 있으며, 담수를 만드는데 고가의 비용이 소요될 것으로 예측되고 있기 때문에, 21세기의 오일이 될 가능성이 높다. 지구 표면의 약 70% 이상이 물로 덮여있지만, 이러한 물의 대부분은 인간의 소비에 적합하지 않다. 고가의 비용이 소요되기는 하지만, 기술 진보는 전 세계 담수를 증가시키는 해결책으로 담수화(desalination)와 탈염(demineralization) 기술을 개발했다. 최근 나노기술을 근간으로 하는 수질 정화 장치가 담수화 영역에 변형 적용될 수 있는 가능성이 제안됐다. MIT (Massachusetts Institute of Technology) 생물공학부 소속의 조교수인 Jongyoon Han을 주축으로 하는 연구진은 이온 농도 분극(ICP; ion concentration polarization) 현상을 근간으로 하는 새롭고 효율적이며, 오염이 없는 담수화 공정을 개발하는 데 성공했다. ICP는 이온 전류(ion current)가 이온 선택적인 막을 통과할 때 발생하는 현상으로 해수의 직접적인 담수화에 적용된다.(후략) (한국과학기술정보연구원 정보분석본부)http://mirian.kisti.re.kr/gtb_trend/class_gtb/class_gtb_v.jsp?sub_menu=2&amp;cn=GTB2010030673&amp;dbt=TREND&amp;service_code=03&amp;user_id=betl2001 ",2010.03.26,이진필,275,나노기술을 활용한 휴대용 해수 담수화 장치,507,농림수산식품 R&D 기획·관리·평가 강화방안 마련,370
"2010년 3월 22일자 사이언스데일리(ScienceDaily)에 따르면, 과학자들은 다양한 종류의 빵에 들어가는 전통적인 첨가물을 대체할 천연 사워도우 (sourdough)의 새로운 성분을 찾아냈다고 한다. 이 성분은 빵을 더 맛있게 할 것이고, 건강에 더욱 유익할 것으로 기대된다. 본 연구 결과는 &ldquo;세계적인 사워도우 도시&rdquo;인 샌프란시스코(San Francisco)에서 열린 제 239회 미국화학학회 국제 미팅에서 발표되었다. 마이자 텐카넨(Maija Tenkanen) 박사와 동료들은 새롭게 발견된 세균 균주를 사용하면 빵 반죽에 들어있는 설탕을 덱스트란으로 바꿀 수 있다는 것을 발견했다. 빵의 질감을 개선하고 사워도우의 맛을 가미하며 빵을 신선하게 보존하는 기능을 하는 긴 고리로 서로 연결되어 있는 설탕 분자 덩어리가 바로 덱스트란이다. 이러한 박테리아는 상업적으로 이용이 가능하지만, 덱스트란과 함께 엄청난 양의 젖산(lactic acid)이 만들어지는 문제점이 있다. &ldquo;새롭게 발견된 세균 균주을 이용하면, 현재의 시장에 나와 있는 어떠한 제품보다 10배는 더 많은 덱스트란을 생산할 수 있으며, 젖산의 생산을 최소화할 수 있다. 이러한 특징과 부수적으로 생산되는 천연 덱스트란은 사워도우의 맛을 더욱 향상시킬 수 있고, 다양한 종류의 빵에 사용되는 첨가물을 대체할 수 있을 것으로 기대된다.&rdquo;라고 텐카넨은 언급했다. 또한 새로운 덱스트란은 체내에서 &ldquo;프리바이오틱스(prebiotics)&rdquo;이라고 불리는 비소화성 식품 성분으로 작용할 것이고, 건강에 유익한 소화 시스템 내에서는 박테리아의 성장및 활동을 자극한다고 그녀는 말했다. (후략) (2010.3.26, 한국과학기술정보연구원 정보분석본부)http://mirian.kisti.re.kr/gtb_trend/class_gtb/class_gtb_v.jsp?sub_menu=2&amp;cn=GTB2010030712&amp;dbt=TREND&amp;service_code=03&amp;user_id=betl2001",2010.03.26,이진필,274,웰빙 시대를 이끌 꿈의 천연 발효제 발견!,524,농림수산식품 R&D 기획·관리·평가 강화방안 마련,370
"- 농식품부 R&amp;D 지원으로 토마토풋마름병 방제용 친환경 미생물제제 개발하여 기술이전농림수산식품부는 농림기술개발사업(주관 : 농림수산식품기술기획평가원)으로 2006년부터 3년간 총 7억원의 연구개발비를 지원하여 강원도 농업기술원(주관연구기관)이 수행한 R&amp;D 과제로부터 토마토풋마름병 방제용 친환경 미생물제제 개발에 성공하였다고 밝혔다.&nbsp;&nbsp;○ 연구팀의 조사에 따르면 전국 토마토 재배면적 약 7,000ha ('09년 기준) 중 20% 정도가 풋마름병으로 피해를 보고 있어 미생물제제를 사용하여 방제할 경우 전국 토마토 재배농가에 연간 최대 2,800억 원 이상의 소득증대가 기대된다.&nbsp;&nbsp;&nbsp;&nbsp;&nbsp;* 토마토풋마름병 피해 100여 농가를 대상으로 분석한 결과, 미생물제제 사용 시 1ha당 소요 비용은 180만원, 이에 의한 방제에 따른 소득증대 효과는 약 2,000만원&nbsp;&nbsp;○ 특히 웰빙 토마토의 안정적인 생산이 가능하게 되어 농가에게는 소득증대, 소비자에게는 건강한 토마토 제공, 국가적으로는 농약사용 감축&middot;토질 향상 등 지속가능한 친환경 농업기반 확대에 기여하게 될 것이다.&nbsp;이번에 개발된 제제는 풋마름병원균의 생장을 억제하는 길항미생물*인 방선균(Streptomyces griseus 0104)을 이용한 친환경 미생물제제이다.&nbsp;&nbsp;○ 1년간 토마토 재배 농가를 대상으로 적용한 결과, 토경재배지의 경우 80&sim;90%, 양액재배의 경우 90% 이상 방제되어 그 효과가 탁월함이 입증되어 '09년 4월 친환경유기농자재로 등록되었다.&nbsp;&nbsp;&nbsp;&nbsp;&nbsp;* 길항미생물 : 항균물질을 생산하여 식물병원균의 생장 등을 저해하는 균종&nbsp;상기 제제는 '09년 1월부터 시판되어 '10년 3월 현재 공장 출하가격 기준 판매액은 8,600만원으로 구입주문이 꾸준히 이어지고 있다.&nbsp;○ 연구팀은 '10년 3월 11일 ㈜비아이지와 기술이전을 실시(계약액 1억 4천만 원)하였고, 구입을 희망하는 농가에 동 제제를 공급하기 위하여 양산체제를 구축하고 본격적인 보급에 나설 계획이라고 밝혔다.(2010.3.23, 농림수산식품부 홈페이지 보도자료)http://mifaff.korea.kr/gonews/branch.do?act=detailView&amp;type=news&amp;section=b_sec_1&amp;dataId=155444646",토마토 풋마름병 R&D.hwp,http://www.fact.or.kr/action.do?action=farmtech%24file&seq=273&file_seq=1,2010.03.25,이진필,273,"전국 토마토 재배농가 연간 최대 2,800억원 이상 소득증대 기대",486
"건강에 유익한 식품을 만들고자 한다면 식품업계에서는 지중해 지역에서 이용되는 향신료를 천연 항산화제로 사용하면 좋을 듯하다. 미구엘 헤르난데즈 대학(UMH)의 연구자들은 이를 뒷받침하는 연구결과를 &lt;Flavor and Fragrance Journal&gt;에 발표했으며, 그들은 향신료 중에서도 정향(Syzygium aromaticum)을 최고로 손꼽았다. 연구자들은 정향에는 페놀 화합물이 높은 수준으로 들어있을 뿐만 아니라 여타 다른 특성도 보유하고 있어 정향을 최고의 천연 항산화성 향신료라고 인정했다. 그들은 다섯 가지의 항산화성 테스트 결과, 정향은 수소를 내주는 능력이 가장 우수했고, 지질과산화를 잘 낮추었으며, 최고의 철 환원제였다고 밝혔다. 그 결과, 지중해 지방의 식단에 사용되는 향신료나 그 추출물에서 발견되는 천연 산화제를 식품의 관능적 특성에 영향을 주지 않는 한도 내에서 사용하는 것은 식품 산업에서 실행 가능한 옵션이 될 것이라고 덧붙였다.(후략) (2010.3.24, 한국과학기술정보연구원 정보분석본부)http://mirian.kisti.re.kr/gtb_trend/class_gtb/class_gtb_v.jsp?sub_menu=2&amp;cn=GTB2010030620&amp;dbt=TREND&amp;service_code=03&amp;user_id=betl2001 ",2010.03.24,이진필,272,"최고의 천연 항산화성 향신료, 정향(cloves)",512,"전국 토마토 재배농가 연간 최대 2,800억원 이상 소득증대 기대",486
"Basque technological centre의 Neiker-Tecnalia 연구원에 따르면 키토산처럼 자연적으로 발생하는 생체고분자가 반추동물 사료에서 성장 촉진제로 쓰이는 항생제의 효과적인 대체재로 쓰일 수 있다고 한다. 반추동물 사료에서 이런 중독성이 있는 항생제가 들어가는 것은 2006년 유럽 연합에서 금지되었고, 사료에서 항생제의 사용은 미생물의 항생제 저항성을 기른다. 이 금지법으로 인한 근본적인 문제는 농장에서 발생하는 메탄 가스의 환경 문제로 인해 3.5~5% 가량의 생산비용이 증가된 것이다. 그래서 Neiker-Tecnalia는 성장 촉진 항생제의 항균성 대체물을 찾으려 했다. 키토산은 이미 알려진 항생제 작용과는 별도로 생체내에서 분해되고, 재생 가능하며 독성이 없는 장점 때문에 적합한 대체물이다. 이런 항균 작용은 키토산의 대체제로써의 가능성에 대한 가정을 앞당기게 했다. 그 가정은 반추 동물의 첫 번째 위에 존재하는 미생물에 대해 키토산이 특별한 작용을 하고 그 결과 소화를 돕는 것이다. 유럽 연합이 금지하기 이전에 반추동물의 사료에 가장 널리 쓰였던 항균성 성장 촉진제인 모넨신(육우용 사료의 첨가물)과 키토산의 영향은 비슷하다. (후략) (2010.3.23, 한국과학기술정보연구원 정보분석본부)http://mirian.kisti.re.kr/gtb_trend/class_gtb/class_gtb_v.jsp?sub_menu=2&amp;cn=GTB2010030589&amp;dbt=TREND&amp;service_code=03&amp;user_id=betl2001",2010.03.23,이진필,271,"반추동물에게 사용되는 성장 촉진 항생제의 대안, 키토산",365,"전국 토마토 재배농가 연간 최대 2,800억원 이상 소득증대 기대",486
"영국 노리치 소재 세인즈버리 연구소의 과학자들이 이끄는 국제 팀은 서로 다른 과에 속하는 식물들에게 중요한 식물병에 대항하여 넓은 스펙트럼을 갖는 저항력을 이식했다. 이 혁신적인 기술은 경제적으로 중요한 질병에 대항하여 지속 가능한 저항성을 지닌 작물을 생산하는 새로운 길을 열었다. 식품의 불안정성은 재배하는 식품의 양을 늘릴 방법을 모색하도록 만드는 한편, 지속 불가능한 농업적 투입은 줄이도록 한다. 이를 위해서는 작물이 가진, 질병을 유발하는 병원균에 대항하는 고유한 능력을 증강시키는 것이 하나의 방법이 될 수 있다. 질병에 대한 저항력이 증가되면 살충제를 뿌릴 필요가 줄어들 뿐만 아니라 수확량의 손실도 줄일 수 있기 때문이다. 일반적으로 저항력을 증가시키기 위한 번식 프로그램은 특정 종류의 병원균에 특이적인 분자들을 인식하는 단일 저항 유전자들에 의존한다. 그러므로 이런 종류의 저항력은 좀처럼 넓은 스펙트럼을 나타내지 않으며, 종종 식물에게 인식되지 않는 방향으로 진화해 나가는 병원균들에게 급격히 무너지고 만다. 그러나 식물에게는 또 다른 방어 시스템이 있는데, 이는 패턴인식 수용체(PRRs, pattern recognition receptors)를 기반으로 한다. 즉, 식물의 자연 면역은 세포 표면의 PRRs가 미생물 분자 패턴(MAMPs)을 검출하여 식물 세포가 감염을 감지함으로써 이루어진다. 식물이 인식하는 MAMP로는 박테리아의 편모와 곰팡이의 세포벽의 주성분인 키틴 등의 물질이 알려져 있다. PRRs에서 감염 신호는 세포내 정보전달을 통해 핵 또는 세포질로 전해져, 미생물의 세포벽을 끊는 효소 유전자의 발현 및 항균 화합물의 생합성을 일으킨다. 이러한 방어 반응을 통해 식물은 병원체를 제거한다. 이때 PRRs은 병원균의 생존에 필수적인 분자들을 인식한다. 이러한 분자들은 병원균의 생존을 위협하지 않고서는 좀처럼 변이하지 않는 경향이 있다. 이러한 필수적인 분자들은 여러 서로 다른 미생물 사이에 공통적이며, 일단 식물이 이들 분자 패턴의 하나를 인식해서 그것으로부터 스스로를 방어할 수 있게 되면 넓은 범위의 다른 병원균들에 대해서도 저항성을 갖게 됨을 의미한다. (후략) (2010.3.23, 한국과학기술정보연구원 정보분석본부)http://mirian.kisti.re.kr/gtb_trend/class_gtb/class_gtb_v.jsp?sub_menu=2&amp;cn=GTB2010030557&amp;dbt=TREND&amp;service_code=03&amp;user_id=betl2001",2010.03.23,이진필,270,식물병에 대한 새로운 방어책  기술마케팅본부,348,"전국 토마토 재배농가 연간 최대 2,800억원 이상 소득증대 기대",486
"요약중국은 농업에서 새로운 기술의 사용을 주장하는 방안을 강력히 지지하고 있다. 중국 정부는 동&middot;식물 생명공학을 농업의 현대화를 위한 근본적인 전략으로 삼았다. 이 보고서는 중국 내의 식물생명공학, GM동물, 복제 등에 대한 최근의 개발과 상황에 대해 중점을 두고 있다.도입새로운 과학 기술은 21세기의 농업 과제와 소비자 욕구를 충족시키는데 중요한 역할을 할 것으로 기대된다. 새로운 농업 기술의 범위는 동&middot;식물 유전자 변형, 복제, 나노기술, 진보된 육종 기술 등으로 구성되며, 이는 특정 농업에 사용하기 위한 살아있는 생물체의 변형을 의미한다. 10년 이상, GM식물은 해충과 잡초 제어 및 질병으로부터 작물을 보호하는데 이용되어 왔다. 현재 상업적으로 이용되지는 않지만, GM동물은 생산증대, 육류의 품질 향상, 의학적 생물반응장치 구축 및 이외의 활용 범위를 가축에 새로운 형질을 도입할 수 있는 기회를 제공한다. 복제(Cloning)은 인구 증가에 따른 수요를 충족시키기 위해 전통 육종방법으로 보다 재생산 속도를 빠르게 할 수 있다. 농업에 이러한 기술을 적용하는 것은 농민, 생산자 및 소비자에게 여러 혜택을 제공할 것으로 기대 된다. 중국은 이러한 과학 기술을 후원해 왔고, 이러한 기술의 안전은 장래 농업 발전의 토대가 된다(GAIN CH9061). 이 보고서는 동식물생명공학, 복제, 그리고 각 분야에서 진행 중인 연구에 대한 규제 환경을 기술하고 있다. (2010.3.19, 한국생공학연구원 버이오안전성정보센터)http://www.biosafety.or.kr/bbs/mboard.asp?exec=view&amp;strBoardID=bsn_003&amp;intPage=1&amp;intCategory=0&amp;strSearchCategory=|s_name|s_subject|&amp;strSearchWord=&amp;intSeq=51346&nbsp;",중국동향.pdf,http://www.fact.or.kr/action.do?action=farmtech%24file&seq=269&file_seq=1,2010.03.23,이진필,269,중국 새로운 기술로의 전환,349
"요약중국은 농업에서 새로운 기술의 사용을 주장하는 방안을 강력히 지지하고 있다. 중국 정부는 동&middot;식물 생명공학을 농업의 현대화를 위한 근본적인 전략으로 삼았다. 이 보고서는 중국 내의 식물생명공학, GM동물, 복제 등에 대한 최근의 개발과 상황에 대해 중점을 두고 있다.도입새로운 과학 기술은 21세기의 농업 과제와 소비자 욕구를 충족시키는데 중요한 역할을 할 것으로 기대된다. 새로운 농업 기술의 범위는 동&middot;식물 유전자 변형, 복제, 나노기술, 진보된 육종 기술 등으로 구성되며, 이는 특정 농업에 사용하기 위한 살아있는 생물체의 변형을 의미한다. 10년 이상, GM식물은 해충과 잡초 제어 및 질병으로부터 작물을 보호하는데 이용되어 왔다. 현재 상업적으로 이용되지는 않지만, GM동물은 생산증대, 육류의 품질 향상, 의학적 생물반응장치 구축 및 이외의 활용 범위를 가축에 새로운 형질을 도입할 수 있는 기회를 제공한다. 복제(Cloning)은 인구 증가에 따른 수요를 충족시키기 위해 전통 육종방법으로 보다 재생산 속도를 빠르게 할 수 있다. 농업에 이러한 기술을 적용하는 것은 농민, 생산자 및 소비자에게 여러 혜택을 제공할 것으로 기대 된다. 중국은 이러한 과학 기술을 후원해 왔고, 이러한 기술의 안전은 장래 농업 발전의 토대가 된다(GAIN CH9061). 이 보고서는 동식물생명공학, 복제, 그리고 각 분야에서 진행 중인 연구에 대한 규제 환경을 기술하고 있다. (2010.3.19, 한국생공학연구원 버이오안전성정보센터)http://www.biosafety.or.kr/bbs/mboard.asp?exec=view&amp;strBoardID=bsn_003&amp;intPage=1&amp;intCategory=0&amp;strSearchCategory=|s_name|s_subject|&amp;strSearchWord=&amp;intSeq=51346&nbsp;",중국동향(영문).pdf,http://www.fact.or.kr/action.do?action=farmtech%24file&seq=269&file_seq=2,2010.03.23,이진필,269,중국 새로운 기술로의 전환,349
"국립수의과학검역원은 최신 장비를 활용한 축산물 잔류농약 67종을 동시에 분석할 수 있는 잔류농약검사법을 개발했다고 밝혔다.&nbsp;○ 기존 잔류농약검사법은 기체크로마토그래프(GC) 또는 액체크로마토그래프(LC)를 이용하여 분석하므로 동시에 많은 성분을 정확히 정량하기 어렵고 검사시료에 방해물질이 많은 축산물의 경우 정확한 물질을 판별하는데 한계가 있었다.&nbsp;○ 이에 따라 검역원에서는 최근 개발된 최신 분석 장비를 활용한 축산물의 잔류농약검사법을 마련하기 위하여 &lsquo;08부터 &rsquo;09년까지 2년간에 걸쳐 연구사업을 수행하였다.&nbsp;&nbsp;&nbsp;* 검사법 개발에 활용된 최신분석장비 : 기체크로마토그래프-질량분석기(GC-MS/MS) 및 액체크로마토그래프-질량분석기(LC-MS/MS)&nbsp;기존 분석법은 1천만분의 1(0.1ppm)이었으나, 이번에 개발된 잔류농약검사법은 감도가 우수하여 10억분의 1(1ppb) 단위까지 검출할 수 있는 확인정량법이다.&nbsp;○ 또한, 축산물에 잔류 가능한 농약을 최대 67종(기존에는 10여종)까지 동시에 검사할 수 있으며, 일선 검사에서 시료의 종류 및 검사장비에 따라 편리하게 활용할 수 있다.&nbsp;&nbsp;&nbsp;&nbsp;* GC-MS/MS 활용법 : 근육시료 33종, 지방시료 17종 동시 분석&nbsp;&nbsp;&nbsp;&nbsp;* LC-MS/MS 활용법 : 근육시료 26종, 지방시료 4종 동시분석&nbsp;검역원 관계자는 &ldquo;금번 확립한 잔류농약검사법을 시&middot;도 축산물위생검사기관에 표준검사기술 교육 등을 통하여 전수함과 동시에 수입 및 국내산 축산물의 잔류농약검사에 적극 활용할 계획&rdquo;이라고 말했다.&nbsp;http://mifaff.korea.kr/gonews/branch.do?act=detailView&amp;type=news&amp;section=b_sec_1&amp;dataId=155441999",축산물잔류농약 동시검사분석법.hwp,http://www.fact.or.kr/action.do?action=farmtech%24file&seq=268&file_seq=1,2010.03.22,이진필,268,축산물의 잔류농약 67종 동시검사 분석법 개발,370
"예루살렘의 히브루대 농업 연구자들은 &ldquo;초성&rdquo;화된, 그러나 생식력이 없는 수컷 벌레를 암컷과 짝짓기 하는 데 사용해 지속적인 해충 제어를 할 수 있는 개선된 방법을 연구개발하고 있다. 이 과학자들은 환경에 손해를 주지 않고 해충을 제거함으로써 농작물을 시장에 공급하기 위한 효율적이고도 전도유망한 또 다른 방안을 제공할 수 있기를 기대한다. 농작물의 해충이나 질병 매개체를 제어하기 위해 지난 세기 초부터 DDT와 같은 다양한 화학물질이 사용되었다. 그러나 이러한 접근법은 살충제에 대한 내성을 발달시켰고 인간의 건강과 환경에 심각한 부작용을 가져왔다. 예루살렘 히브루대의 농업?식품?환경부 로버트 H. 스미스 재단 소속의 Boaz Yuval 교수는 화학물질을 사용하는 대신 &lsquo;불임충 방사법(sterile insect technique)&rsquo;으로 알려진 전문적 접근방법을 한 단계 높이는 작업을 실시하고 있다. 이 방법은 현재 수십 종의 벌레를 대상으로 이용되고 있다. 조절하고자 하는 종을 수백만 마리로 사육하여 암컷과 수컷을 분리하고, 수컷을 불임화한 후 방사하는 것이 이 접근방법의 원칙이다. 불임화된 수컷은 야생의 암컷과 짝짓기 하게 되고, 그 결과 생식력 있는 알을 낳지 못하게 되어 벌레 수가 서서히 줄어들게 되는 것이다. (후략) (2010.3.22, 한국과학기술정보연구원 정보분석본부)http://mirian.kisti.re.kr/gtb_trend/class_gtb/class_gtb_v.jsp?sub_menu=2&amp;cn=GTB2010030572&amp;dbt=TREND&amp;service_code=03&amp;user_id=betl2001 ",2010.03.22,이진필,267,섹시하지만 생식능력은 없는 수컷을 이용한 유기적인 해충 제어법,362,축산물의 잔류농약 67종 동시검사 분석법 개발,370
"특별할 것 없는 파파야는 서양의학에서 항암제로서의 역할에 대한 신뢰를 얻어가고 있다. 플로리다 대학의 Nam Dang, M.D., Ph.D.와 일본의 공동연구자들은 실험실에서 키워진 자궁 경부, 유방, 간, 폐, 이자 암세포에대한 파파야의 놀라운 항암 효과를 보고했다. 연구진은 건조시킨 파파야 잎에서 뽑은 추출물을 사용하였고, 암세포가 차(茶) 형태로 흡수하면 항암 효과가 커진다고 한다. Journal of Ethnopharmacology에 2월 17일에 발간된 논문에 따르면 Dnag과 공동연구진은 파파야 잎 추출물이 Th1 형태의 사이토카인이라고 불리는 신호 분자의 형성을 촉진한다고 보고했다. 파파야의 다양한 암세포에 대한 직접적인 항암 효과에 더불어 면역체계를 이용해 암에 맞서 싸울 수 있는 치료 방법이 가능하다고 추정할 수 있다. 파파야 추출물은 정상세포에 대한 어떤 독성 효과도 없고 많은 항암제가 가지는 일반적인 파괴적 결과도 피할 수 있다. 독성이 없이 암세포에 작용을 하는 파파야 추출물의 성공은 호주와 베트남 사람들이 보고한 것과 동일하다고 UF Shands 암센터 임상실험소와 의대 교수인 Dang이 말하였다. (2010.3.16, 한국과학기술정보연구원 정보분석본부)http://mirian.kisti.re.kr/gtb_trend/class_gtb/class_gtb_v.jsp?sub_menu=2&amp;cn=GTB2010030359&amp;dbt=TREND&amp;service_code=03&amp;user_id=betl2001 ",2010.03.16,이진필,266,파파야 추출물의 항암 효과,561,축산물의 잔류농약 67종 동시검사 분석법 개발,370
"국립수의과학검역원 질병진단센터는 최근 3년간 검역원에 의뢰된 소 질병을 검사한 결과, 소 바이러스 설사병(BVD)이 가장 많이 나와 농가에서 이에 대한 질병 관리를 강화해야 한다고 밝혔다.&nbsp;○ 최근 &lsquo;07~&rsquo;09년 의뢰된 소 관련 총 415건의 병성감정 중 소 바이러스 설사병은 37%(153건)로 가장 높게 나왔고, 다음으로는 코로나바이러스 감염증으로 나타났다.&nbsp;○ 연도별로 보면 소 바이러스 설사병은 증가 추세이나, 코로나바이러스 감염증은 점차 감소하고 있는 추세이다.질 병 명2007년2008년2009년합계소바이러스설사병185382153코로나바이러스감염증237636기 타*1165555226&nbsp;* 기타는 결핵, 로타바이러스감염증, 네포스포라병 등 임&nbsp;임상증상별로는 설사증상이 36.9%(153건)으로 가장 높게 나타났으며, 그 다음은 유산으로 27.0%(112건)였다. 총계설사유산호흡기급사기타415건153건(36.9%)112건(27.0%)63건(15.2%)26건(6.3%)61건(14.7%)&nbsp;○ 설사 증상의 주요 원인은 소 바이러스 설사병(설사형)으로 64.1%를 차지하였다.총계소바이러스설사병(설사형)*코로나바이러스감염증로타바이러스 감염증기 타153건98건(64.1%)36건(23.5%)15건(9.8%)4건(2.6%)&nbsp;* 소 바이러스 설사병은 주증상에 따라 설사형, 유산형, 지속감염우로 분류됨&nbsp;국립수의과학검역원은 이번 진단결과를 바탕으로 소 바이러스설사병 관리의 중요성을 보다 정확하게 알림과 동시에 농가 예방대책에 대하여 전문지 등을 통해 자세하게 알릴 예정이라고 밝혔다. &nbsp;○ 아울러, 소 바이러스 설사병이 우려되는 농가에서는 조기발견을 위하여 2~3주 간격으로 송아지 혈액 및 귀(耳) 조직에서 소 바이러스 설사병(BVD) 바이러스 항원 검사를 꾸준히 하여 줄 것을 당부하였다. (2010.3.12, 농리수산식품부 홈페이지 보도자료)&nbsp;",2010 소 바이러스성설사병.hwp,http://www.fact.or.kr/action.do?action=farmtech%24file&seq=265&file_seq=1,2010.03.15,이진필,265,"최근 3년간 소 질병 중 ",473
"자연에 존재하는 식물 생장 물질인 시토키닌(cytokinin)이라 불리는 식물 호르몬이 가뭄 조건 중 목화의 수율을 증가시키는데 도움이 된다는 사실이 미국 농업연구청(Agricultural Research Service, ARS) 연구원들에 의해 보고되었다. 시토키닌은 식물체에서 세포 분열과 성장을 촉진시키는 작용을 발휘하는데, 목화에 있어서 시토키닌은 주요 줄기와 가지의 성장을 북돋아준다. 상업적으로 생산된 시토키닌은 사과와 피스타치오 과수원에서 과실의 성장을 촉진시키기 위해 일상적으로 사용되고 있다. ARS 수확시스템연구실(Cropping Systems Research Laboratory) 실장인 John Burke는 관개(irrigation)의 양이 적거나 아니면 전혀 관개가 가능하지 않은 조건과 같이 물 공급이 매우 제한된 환경 하에서 목화에 시토키닌을 적용하게 되면 목화의 수율이 증가된다는 사실을 발견하고 이러한 발견에 대하여 특허권을 부여받았다. (후략) (2010.3.15, 한국과학기술정보연구원 정보분석본부)http://mirian.kisti.re.kr/gtb_trend/class_gtb/class_gtb_v.jsp?sub_menu=2&amp;cn=GTB2010030325&amp;dbt=TREND&amp;service_code=03&amp;user_id=betl2001",2010.03.12,이진필,264,"시토키닌, 가뭄 중 목화의 수율을 향상",551,"최근 3년간 소 질병 중 ",473
"유럽 공동체 위원회는 독일 화학회사 BASF에서 개발한 유전자 변형 감자 Amflora를 지난주에 승인하였다. 그 감자는 종이, 접착제, 직물 등의 산업적인 목적에서 더 좋은 전분을 형성하고 생산 되도록 변형되었다. 이는 지난 12년간 유럽 연합에서 유전자 변형 식물의 재배가 승인받은 첫번째 사례이다. Monsanto,s MON 810 maize(옥수수)는 유럽 천공충 애벌레에 대한 저항력을 가지도록 변형되어 1998년에 승인받았다. 전세계적으로 작년에 1억 3천 4백만 헥타르(1조 3천 4백억 제곱미터)에서 유전자 변형 작물이 재배되지만 유럽 연합의 농업 기관에서는 십만 헥타르(1억 제곱미터)도 되지 않는 것은 유전자 변형 작물에 대한 느린 승인 속도 때문이다. Nature는 왜 몇몇의 유전자변형 식물만이 유럽에서 승인받았는지와 이제 그것이 변하고 있는지 알아보려 한다. 유럽 연합이 유전자 변형 작물을 반대하는 것에는 어떤 책임이 따르나? 유럽 연합의 유전자 변형 생물체를 승인하기 위한 시스템은 작동하지 않고 있다. 원칙적으로 유럽 연합이 유전자 변형 작물의 재배에 대해 승인하면, 모든 회원국의 회사와 농민들은 그것을 재배할 권리를 가지게 된다. 그러나 작물의 재배에 대한 승인은 유럽 위원회에서 &lsquo;자격을 갖춘 다수&rsquo;인 27개 회원국-345표 중에서 최소한 255표-의 동의가 충족되어야 한다. 그래서 전체 지역에 걸쳐 이런 작물의 도입에 관해 반대하는 몇몇 나라들의 의견은 묵살된다. Amflora의 경우처럼 만일 의회가 이를 승인하지 못하면 유럽 공동체 위원회의 결정에 따르게 된다. (2010.3.12, 한국과학기술정보연구원 정보분석본부)http://mirian.kisti.re.kr/gtb_trend/class_gtb/class_gtb_v.jsp?sub_menu=2&amp;cn=GTB2010030307&amp;dbt=TREND&amp;service_code=03&amp;user_id=betl2001",2010.03.12,이진필,263,유전자변형식물에 대해 유럽은 새로운 국면을 맞이하는가?,466,"최근 3년간 소 질병 중 ",473
"관상식물 재배업에 있어 매년 4억5천만 달러라는 엄청난 액수의 손해를 초래하는 해충인 알풍뎅이(Japanese beetle, 그림파일 참고) 문제를 해결할 수 있는 열쇠가 양아욱(geraniums)에서 발견되었다. 알풍뎅이 Popillia japonica는 관상식물뿐만 아니라 대두, 옥수수, 과일 및 채소를 포함한 매우 다양한 식물들을 먹이로 삼는다. 그러나 흥미로운 사실은 이들 알풍뎅이들은 양아욱의 꽃잎을 먹은 후에는 30분 이내에 몸이 뒤집히고 다리와 더듬이가 서서히 경련을 일으키며 마비 상태가 몇 시간동안 계속되게 된다. 실험실 조건에서 마비는 대개 24시간 이내에 회복이 되지만, 일반 자연 상태에서는 알풍뎅이들이 이와 같이 방어력을 상실했을 때 약탈자들에게 먹히게 됨으로써 죽음에 이르게 된다. 미국 농업연구청(Agricultural Research Service, ARS) 응용기술연구실(Application Technology Research Unit)의 곤충학자 Chris Ranger는 이와 같은 양아욱을 이용하여 풍뎅이를 관리할 수 있는 기술을 개발하기 위해 연구에 몰두하고 있다. (후략) (2010.3.12, 한국과학기술정보연구원 정보분석본부)http://mirian.kisti.re.kr/gtb_trend/class_gtb/class_gtb_v.jsp?sub_menu=2&amp;cn=GTB2010030277&amp;dbt=TREND&amp;service_code=03&amp;user_id=betl2001",2010.03.12,이진필,262,"양아욱과 베고니아, 새로운 시각으로 주목해야할 식물들",543,"최근 3년간 소 질병 중 ",473
"2010년 3월 FASEB 저널에 발표된 연구에 따르면, 유전적으로 변경된 담배(연초)를 이용하여 과학명으로 microcystin-LR(MC-LR)로 불리는 독성의 연못 거품의 위험한 영향을 해결하는 데 도움을 줄 수 있다고 한다. 이 작물은 특히 개발도상국에서 사람들이 깨끗한 수원을 확보하도록 돕는데 결정적인 역할을 할 수 있을 것이다. (후략) (2010.3.12, 한국과학기술정보연구원 정보분석본부)http://mirian.kisti.re.kr/gtb_trend/class_gtb/class_gtb_v.jsp?sub_menu=2&amp;cn=GTB2010030226&amp;dbt=TREND&amp;service_code=03&amp;user_id=betl2001",2010.03.12,이진필,261,유전자 조작된 담배(연초)가 환경 독소를 정화한다.,348,"최근 3년간 소 질병 중 ",473
"슈퍼마켓 채소 진열대의 불빛이 시금치를 신선하게 유지시켜주며 새로운 비타민까지 생성케 한다는 흥미로운 연구 결과가 미국 농무부 농업연구청(Agricultural Research Service, ARS) 연구원들에 의해 보고되었다. Journal of Agricultural and Food Chemistry를 통한 보고에서 이러한 연구 결과는 시금치뿐만 아니라 다른 신선 채소에도 적용이 될 것이며, 채소를 신선하게 오랫동안 유지할 수 있는 방법의 탐색에 있어 새로운 접근법을 제공한다고 기술하였다. 이번 연구를 수행한 ARS의 Gene Lester는 일부 슈퍼마켓에서는 투명한 플라스틱 용기에 담긴 신선한 시금치를 형광등 불빛 아래 섭씨 4도 온도에서 하루 종일 진열, 판매하는 것을 보고 과연 이러한 조건이 시금치에게 좋은 것일까 아닐까에 대한 궁금증을 갖게 되면서 실험에 대한 발상을 얻게 되었다고 밝혔다.(후략) (2010.3.11, 한국과학기술정보연구원 정보분석본부)http://mirian.kisti.re.kr/gtb_trend/class_gtb/class_gtb_v.jsp?sub_menu=2&amp;cn=GTB2010030186&amp;dbt=TREND&amp;service_code=03&amp;user_id=betl2001 ",2010.03.11,이진필,260,"형광등 조사, 시금치의 신선도와 영양가를 향상",361,"최근 3년간 소 질병 중 ",473
"식물체가 세균침입을 어떻게 방어하는 지를 알게 된다면, 인체 혹은 동물성 병원균의 감염에 대해서도 효과적으로 대처할 수 있을 것으로 과학자들은 예측한다. 미국 텍사스 대학(Texas A&amp;M University)의 연구진은, 실험실에서 널리 사용하는 식물체인 아라비돕시스에는 병을 일으키지 않으면서, 토마토에는 병을 일으키는 특정 세균에 주목하여, 세균이 어떻게 감염대상을 선택하는 지에 관한 연구를 수행하였다. 연구 책임자인 히사시 코이와 (Hisashi Koiwa) 박사는 독일, 스위스의 연구팀과의 공동연구를 통해 아라비돕시스 (arabidopsis)에 돌연변이를 일으켜 면역 작용이 어떻게 변하는 지를 연구하였으며, 이 연구 성과를 국제생물화학회지(Journal of Biological Chemistry) 최근호에 발표하였다. 코이와 박사는 &ldquo;수 많은 세균이 존재하는 환경에서 인간은 어떻게 건강하게 살 수 있는가? 특정 개체의 병원균은 다른 개체에는 그렇지 않은가? 가령, 같은 병원균이 토마토는 감염시키고 아라비돕시스는 그렇지 않은가?&rdquo;라는 기본적 의문들이 이번 연구의 배경이라고 밝혔다.연구진은 식물체가 어떻게 식물체가 세균의 침입을 방어하는 지를 알기 위해서, 아라비돕시스의 돌연변이 10종을 대상으로 세균의 감염여부를 관찰하였다. 코이와 박사는 &ldquo;세균병이 감염된 돌연변이가 있다면, 보호 기작에 관여하는 유전자를 식물체로부터 찾을 수 있다&rdquo;고 설명했다. (2010.3.10, 한국과학기술정보연구원 정보분석본부)http://mirian.kisti.re.kr/gtb_trend/class_gtb/class_gtb_v.jsp?sub_menu=2&amp;cn=GTB2010030159&amp;dbt=TREND&amp;service_code=03&amp;user_id=betl2001 ",2010.03.10,이진필,259,"병원균을 탐지, 방어하는 식물체의 기작 규명",357,"최근 3년간 소 질병 중 ",473
"유&middot;청소년들에게 편리성과 기호성으로 인기가 높은 햄버거 등의 패스트푸드는 영양의 불균형을 초래하여 건강에 악영향을 미치는 것으로 알려져 이를 대체할 수 있는 새로운 제품의 개발이 절실히 요구되고 있다. 이에 강원도농업기술원(원장 박흥재)에서는 편리성과 기호성을 충족시킬 뿐만 아니라 영양적으로도 균형잡힌 유&middot;청소년의 성장에 도움이 되는 &lsquo;유기농 한국형 타코(밀쌈) 3종&rsquo;을 2009년에 개발, 산업화를 위해 도내 식품가공업체에 기술을 이전하였으며 금년 하반기 시제품이 출시될 계획이라고 밝혔다. 개발된 제품 밀쌈 3종(불고기 맛, 김치 볶음밥, 고구마 치즈)은 전통식품인 밀쌈을 서구식 기호의 즉석 편이식품으로 개량한 &lsquo;유기농 한국형 타코&rsquo;로 영양성이 뛰어난 웰빙 건강식품으로서 최근 한끼 식사대용 또는 간식 등으로 간편하게 소비되고 있는 삼각김밥 햄버거 피자 등과 같이 유 청소년 직장인 수험생들이 즐겨찾고 있는 편의점 제품들과 경쟁할 수 있는 영양이 뛰어난 우리식 전통식품이 될 것으로 기대된다. (후략) (2010.3.8, 뉴스 한국)http://www.newshankuk.com/news/news_view.asp?articleno=k2010030809233743545",2010.03.09,이진필,258,"강원도농업기술원, ",427,"최근 3년간 소 질병 중 ",473
"- 농림수산식품 연구개발사업에 3년간 정부출연금 30억원 투여농림수산식품부(장관 장태평)는 쌀 가공산업 육성을 위한 기반기술 개발 및 산업화와 실용화 기술개발 연구과제 공모에 쌀 가공기술 산업화 연구과제를 3년간 30억원을 투입한다.&nbsp;○ 연구과제 공모는「쌀 소비 촉진 가공기술 산업화 연구」라는 주제로 ① 쌀가루 용도별 제분기술 고도화 및 고품질 쌀 가공제품 개발(용도별 쌀가루의 제분특성, 물성 증진 및 쌀가루 표준 품질지표 확립, 쌀 분말화 기술개발 및 기기 국산화와 밀가루 대체 쌀가공 제품 기술의 산업)&nbsp;&nbsp;&nbsp;② 쌀 유래 기능성 소재 개발 및 쌀의 건강 기능성 구명(쌀 유용성분의 추출 기술 및 소재화 연구와 쌀 가공 부산물을 활용한 신제품 개발 및 밥 중심 식생활의 다양한 기능적 우수성 발굴)등이 포함되어 있다.&nbsp;○ 이번 쌀 가공 기술 연구개발을 희망하는 연구단은 오는 3. 26(금)일까지 인터넷(www.ipet.re.kr)으로 농림수산식품기술기획평가원에 접수하면 심사에 의하여 선정된다.(후략) (2010.3.8, 농림수산식품부 홈페이지 보도자료)http://mifaff.korea.kr/gonews/branch.do?act=detailView&amp;type=news&amp;section=b_sec_1&amp;dataId=155439288",쌀 가공 신기술연구 본격화.hwp,http://www.fact.or.kr/action.do?action=farmtech%24file&seq=257&file_seq=1,2010.03.09,이진필,257,"농식품부, 쌀 가공 신기술연구 본격화",391
"미국 농업연구청(Agricultural Research Service, ARS) 소속 연구원 Scott Yates은 Streptomyces rimosus가 생산해내는 항생 물질로서 가축들의 질병 관리를 위해 투여되고 있는 옥시테트라사이클린(oxytetracycline, OTC)이 분뇨 거름 중에서 어떻게 분해되는지를 연구하고 있다. 미국의 목축업자들은 그들이 사육하는 동물들의 질병 통제를 위해 항생제를 종종 사용하고 있으며, 미국에서 사육되는 가축들과 가금류에 의해 발생되는 분뇨 거름의 양은 매년 6380만 톤에 달한다. 동물들에게 공급된 약물은 소화관을 통해 단지 일부만이 흡수가 되며, 나머지는 약효를 지닌 상태로 배설이 된다. ARS 오염물질처리연구실(Contaminant Fate and Transport Research Unit)의 Yates는 통제된 실험실 조건하에서 OTC 분해에 관한 연구를 수행한 결과, 분뇨 거름 중의 OTC는 온도가 증가할수록 또한 수분 함량이 높을수록 더욱 빠르게 분해된다는 사실을 발견하였다. 그러나 수분 함량의 경우 수분 포화도가 거의 100 퍼센트에 달하게 되면 OTC 분해가 느려지는 것으로 나타났다. Yates는 또한 산소 농도가 OTC의 생분해를 진행시키기에 부족하게 되면 그 결과로 이러한 분해의 감속이 관찰된다는 결론도 얻어내었다.(후략) (2010.3.9, 한국과학기술정보연구원 정보분석본부)http://mirian.kisti.re.kr/gtb_trend/class_gtb/class_gtb_v.jsp?sub_menu=2&amp;cn=GTB2010030147&amp;dbt=TREND&amp;service_code=03&amp;user_id=betl2001 ",2010.03.09,이진필,256,가축 분뇨로 배출되는 항생 물질 처리 연구,405,"농식품부, 쌀 가공 신기술연구 본격화",391
"미국 농무부(US Department of Agriculture)와 아칸소 대학(University of Arkansas) 공동 연구진에 의해 크랜베리 주스 가공 부산물인 착즙 찌끼(Cranberry pomace)의 기능성 식품 혹은 보충제로서의 이용 가능성이 타진되었다. 이들 연구진은 크랜베리 찌끼와 옥수수 전분을 각각 30대 70, 40대 60 및 50대 50 비율로 혼합한 후 섭씨 150, 170 및 190도 온도 조건에서 압출 가공한 후 여러 가지 항산화 물질의 함량 변화와 항산화 활성을 측정하였다. 그 결과, 플라보놀 함량은 190도에서 압출 가공한 경우 34%까지 증가하는 것으로 나타났으며, 유해 산소 흡수 능력(oxygen radical absorbance capacity, ORAC) 분석을 이용한 항산화 활성 측정 결과도 항산화력의 증가를 보여주었다. 한편, 안토시아닌(anthocyanin)의 경우에는 압출 가공 온도 상승에 따라 부정적 영향을 받는 것으로 나타났으며, 크랜베리 찌끼가 30% 혼합된 혼합물의 경우 가장 낮은 온도인 150도에서 압출 가공을 실시했을 때 안토시아닌(anthocyanin) 보유율이 50%로 가장 높게 나타났다. 흥미로운 사실은 압출 가공물의 프로시아니딘(procyanidin) 함량도 증가한 것으로 나타났는데, 특히 단량체(monomer)의 경우 61에서 157%, 이량체(dimer)의 경우 49에서 164% 증가한 것으로 관찰되었다. (후략) (2010.3.9, 한국과학기술정보연구원 정보분석본부)http://mirian.kisti.re.kr/gtb_trend/class_gtb/class_gtb_v.jsp?sub_menu=2&amp;cn=GTB2010030146&amp;dbt=TREND&amp;service_code=03&amp;user_id=betl2001",2010.03.09,이진필,255,크랜베리 주스 부산물의 기능성 식품 원료로서의 이용 가능성,478,"농식품부, 쌀 가공 신기술연구 본격화",391
"최근 돼지 인플루엔자와 조류 인플루엔자의 대유행은 많은 과학자들에게 경각심을 불러일으키고 있으며, 각국의 정부와 제약사들이 예방백신과 치료제를 개발하기 위해 심혈을 기울이고 있다 (GTB2007080215/ GTB2008120274). 현재까지 조류인플루엔자의 치료제로 사용되는 두가지 항바이러스제는 타미플루로 알려진 oseltamivir 과, 리렌자로 알려진 zanamivir 인데, 이들 약물은 하루 두번씩 5일간 복용해야만 치료효능을 얻을 수 있다. 그러나 최근 타미플루에 내성이 생긴 H1N1 과 H5N1 의 변종이 출현하여 인류 건강에 매우 심각한 위협이 되고 있기에, 연구자들은 더 효과적인 신약개발에 나서고 있다. 이러한 가운데, 미국 위스콘신대학 (University of Wisconsin-Madison) 연구진에 의해 치명적인 조류 인플루엔자 바이러스인 H5N1에 강력한 효과를 보이는 신약물질이 개발되었다. 연구진은 유명저널인 공공과학도서관 병원균학회지(PLoS Pathogens) 최근호(2010년 2월 26일자)를 통해 자신들이 개발한 신약물질인 CS-8958이 조류 인플루엔자 바이러스를 포함한 다양한 약제 내성 병원균에 탁월한 효과가 있음을 입증하였다. (후략) (2010.3.8, 한국과학기술정보연구원 정보분석본부)http://mirian.kisti.re.kr/gtb_trend/class_gtb/class_gtb_v.jsp?sub_menu=2&amp;cn=GTB2010030127&amp;dbt=TREND&amp;service_code=03&amp;user_id=betl2001",2010.03.08,이진필,254,"미국 연구진, 새로운 조류인플루엔자 치료제",455,"농식품부, 쌀 가공 신기술연구 본격화",391
"우리나라 토종 가축인 한우의 유전체가 완전히 해독돼 미국 소와는 다른 한우만의 맛의 세계의 비밀이 풀리게 됐다.농촌진흥청은 4일, 가천의대 이길여 암당뇨연구원, 테라젠 바이오연구소와 공동으로 한우의 유전체를 완전히 해독하는데 성공했다고 밝혔다.이에 따라 우리나라는 세계에서 소의 유전체를 완전히 해독한 3번째 나라가 됐다.(후략) (2010.3.5, 노컷뉴스)http://www.cbs.co.kr/nocut/show.asp?idx=1409027",2010.03.05,이진필,253,"한우, 미국산 소와 다른 맛의 비밀 풀렸다",486,"농식품부, 쌀 가공 신기술연구 본격화",391
"질소는 식물생장에 필요한 필수성분이지만, 최근 질소비료의 과다 사용으로 강이나 호수에 유입되어 환경오염과 같은 부작용을 유발시키고 있다. 또한 아질산 가스 등으로 배출되어 지구 온난화에도 영향을 준다. 이에 따라 질소 시비량을 감소시키려는 연구가 국가별로 다양하게 수행되고 있다. 최근 미국 스탠포드 대학 연구진은 콩의 뿌리에 서식하는 질소고정 미생물의 유전적 메커니즘을 규명하여, 향후 질소비료를 대체하고 친환경 농업을 발전시킬 수 있는 획기적인 연구 성과를 사이언스 (Science) 지 (2010년 2월 26일자)에 발표하였다. (후략) (2010.3.5, 한국과학기술정보연구원 정보분석본부)http://mirian.kisti.re.kr/gtb_trend/class_gtb/class_gtb_v.jsp?sub_menu=2&amp;cn=GTB2010030099&amp;dbt=TREND&amp;service_code=03&amp;user_id=betl2001 ",2010.03.05,이진필,252,콩과 식물의 질소고정 유전자 밝혀지다,515,"농식품부, 쌀 가공 신기술연구 본격화",391
"중국에서 연구 개발되고 있는 동물, 식물, 미생물을 포함한 각종 유전자 변형 생물 품종이 100종을 넘는 것으로 전해지고 있다. 이 중 농작물 품종의 산업화가 언제 실현될 지 관심이 모아지고 있다. 지난 2월 26일에 열린 &lsquo;유전자 전이 생물 신품종 산업화 고위 층 전문가 좌담회&rsquo;(좌담회)에 따르면, 현재 중국 관련 과학자와 전문가들은 100여 종에 달하는 각종 동식물, 미생물 유전자 200여 개에 대한 연구 개발을 추진하고 있다. 이 중 몇 가지 농작물 품종은 산업화 조건이 갖춰진 것으로 전해지고 있다. 이날 좌담회에서 중국 과학원과 중국 공정원 원사 20명, 생물 기술, 식품, 생산, 가공, 안전 테스트, 환경, 법률 등 분야에 있는 수십명의 전문가들은 국가 차원에서 유전자 변형 생물 산업화를 추진해야 한다고 호소했다. (후략) (2010.3.1, 한국과학기술정보연구원 정보분석본부)http://mirian.kisti.re.kr/gtb_trend/class_gtb/class_gtb_v.jsp?sub_menu=2&amp;cn=GTB2010030015&amp;dbt=TREND&amp;service_code=03&amp;user_id=betl2001 ",2010.03.04,이진필,251,"중국, 100여 종 유전자 변형에 대한 연구 개발 강화…산업화 추진 호소",299,"농식품부, 쌀 가공 신기술연구 본격화",391
"미국 농업연구청(Agricultural Research Service, ARS)에서 수행 중인 연구 결과 맛있는 순 귀리빵(all-oat bread)과 보리빵(all-barley bread)이 선보이게 될 예정이다. ARS 서부지방연구센터(Western Regional Research Center)의 화학자인 Wallace Yokoyama와 박사후 연수과정의 영양학자 김현숙박사는 이번 연구를 통해 귀리 또는 보리 전곡(whole- grain)을 이용한 빵을 개발하여 오늘날 널리 애용되고 있는 밀로 만든 빵에서 발견되는 것과는 사뭇 다른 항산화물질, 섬유소 및 기타 유효 영양성분들이 빵을 통해 공급될 수 있도록 하고자하였다. (2010.2.27, 한국과학기술정보연구원 정보분석본부)http://mirian.kisti.re.kr/gtb_trend/class_gtb/class_gtb_v.jsp?sub_menu=2&amp;cn=GTB2010020756&amp;dbt=TREND&amp;service_code=03&amp;user_id=betl2001",2010.03.03,이진필,250,"미국 농업연구청, 순 귀리빵과 보리빵 개발",404,"농식품부, 쌀 가공 신기술연구 본격화",391
"- 동양 최대의 Foodex Japan 2010 박람회 참가(3.2~5)농림수산식품부는 3.2～5일까지 일본에서 개최되는 &lsquo;2010 동경식품 박람회(Foodex Japan 2010)&rsquo;에 107개 농식품 수출업체가 참가하여 수출확대를 위한 열띤 활동을 전개할 것이라고 밝혔다.&nbsp;○ 동경식품박람회는 동양 최대의 국제식품박람회로서 박람회 주최측은 금년에 약 60개국에서 2,400여 업체가 참가하고 내방객은 약 75천명에 이를 것으로 예상하고 있어 세계 유수 식품회사들의 시장확대를 위한 치열한 각축장이 될 전망이다.&nbsp;&nbsp;&nbsp;&nbsp;* &rsquo;09년 개최결과 : 59개국 2,393업체 / 내방객 : 78,538명&nbsp;우리나라는 금번 박람회에 &lsquo;한국관&rsquo; 형태로 약 1,980m2(600평) 규모로 참가하여, 규모면에서는 아시아국가 중 1위, 전체적으로는 이탈리아에 이어 2위 수준이다.&nbsp;○ 한국관에는 수출업체관 뿐만 아니라 대일 수출 유망품목인 김&middot;막걸리 특별홍보관, 테마관, 전략홍보관 등을 별도로 운영하여 박람회 참가 성과를 높일 계획이다.&nbsp;○ 테마관에는 국내 쌀 소비 촉진 및 지역 특산물 수출 활성화를 위하여 &lsquo;쌀 가공식품 홍보관&rsquo;과 &lsquo;지리적표시제 특산물 홍보관&rsquo;을 운영하고, &lsquo;식품기업 공동 홍보관&rsquo;도 운영하여 국내 식품기업의 해외시장개척에 대한 관심과 활동을 높인다는 계획이다.&nbsp;농식품부는 박람회장 안팎에서도 우리 농식품 홍보를 위한 활발한 활동이 전개될 것이라고 밝혔다.&nbsp;○ 박람회 개막일인 3.2일에는 박람회 인근 APA 호텔에서 일본지역 유력 바이어 및 수출 관계자 200명이 참석하는 &lsquo;바이어초청리셉션&rsquo; 행사를 개최하고,&nbsp;&nbsp;&nbsp;&nbsp;* 주요 참석기업 : 이온리테일, CGC 재팬, 코로와이드, 미야기생협 등&nbsp;○ 박람회장 내 세미나 룸에서는 김치?막걸리에 대한 특별 세미나도 개최될 예정이다.&nbsp;금번 Foodex Japan에 참석한 농식품부 민승규 제1차관은 &ldquo;작년 대일본 농식품 수출액이 극심한 일본 경제 침체에서도 &rsquo;08년 대비 10% 증가한 15.8억불을 기록했다&rdquo;는 점을 강조하면서,&nbsp;○ &ldquo;일본은 여전히 우리 농식품 수출에서 가장 큰 비중을 차지하고 있는 동시에, 앞으로도 수출 확대 가능성이 높은 국가&rdquo;라고 전망하였다.&nbsp;○ 또한, &ldquo;금번 박람회를 통해 &rsquo;10년 농식품 수출목표 64억불 달성을 위한 해외 시장개척 활동이 보다 가속화될 것&rdquo;이라고 밝혔다.(2010.3.1, 농림수산식품부 홈페이지 보도자료)http://mifaff.korea.kr/gonews/branch.do?act=detailView&amp;type=news&amp;section=b_sec_1&amp;dataId=155438173",2010 Foodex Japan 박람회.hwp,http://www.fact.or.kr/action.do?action=farmtech%24file&seq=249&file_seq=1,2010.03.02,이진필,249,107개 농식품 수출업체 해외시장개척에 출사표 던져!,325
"- 설파제와 퀴놀론계 항균물질을 각 계열별로 동시에 분석할 수 있는 잔류분석법 개발국립수의과학검역원은 축산현장에서 질병 치료 및 예방 목적으로 널리 사용되고 있는 설파제(설파메타진 등 14종)와 퀴놀론계(엔로플록사신 등 13종) 항균물질을 각 계열별로 동시에 분석할 수 있는 잔류분석법을 개발했다고 밝혔다.&nbsp;○ 설파제 및 퀴놀론계 약물은 질병의 예방 및 치료 목적으로 연간 45~162톤이 사용되고 있으며, 국내산 식육에 대한 잔류물질검사 결과 주로 검출되고 있는 물질이다.&nbsp;일선검사기관에서 잔류물질을 검사할 때 기존 분석법(HPLC법)으로는 검출물질을 확인하는데 어려움이 많았으나,&nbsp;○ 이번 개발된 잔류분석법은 최신 정밀분석장비인 액체크로마토그래프-질량분석기(LC-MS/MS)를 이용하여 특이성을 획기적으로 개선함으로써, 한꺼번에 여러 물질을 신속?정확하게 확인?정량할 수 있다는 장점이 있다.&nbsp;○ 검역원은 이러한 동시분석법을 통해 국내 축산농가에서 많이 사용되고 있는 7가지 계열, 총 70여종의 항균물질에 대한 최종 확인검사기술을 개발하였다.&nbsp;&nbsp;&nbsp;&nbsp;&nbsp;&nbsp;* 2007년 : 페니실린계(8종), 세팔로스폴린계(13종), 마크로라이드계(9종) 항생제&nbsp;&nbsp;&nbsp;&nbsp;&nbsp;&nbsp;* 2008년 : 테트라싸리클린계(5종) 및 아미노글리코사이드계(11종) 항생제&nbsp;&nbsp;&nbsp;&nbsp;&nbsp;&nbsp;* 2009년&nbsp;&nbsp;&nbsp;&nbsp;&nbsp;&nbsp;&nbsp;- 설파제 (14종) : 설파디메톡신(Sulfadimethoxine), 설파메라진(sulfamerazine), 설파메타진(sulfamethazine), 설파모노메톡신(sulfamonomethoxine), 설파퀴녹살린(sulfaquinoxaline), &nbsp;설파클로로피리다진(sulfachloropyridazine), 설파클로로피라진(sulfachlorpyrazine), 설파디아진(sulfadiazine), 설파독신(sulfadoxine), 설파메톡사졸(sulfamethoxazole), 설파메톡시피리다진(sulfamethoxypyridazine), 설파치아졸(sulfathiazole), 설파페나졸(sulfaphenazole), 설피속사졸(sulfisoxazole)&nbsp;&nbsp;&nbsp;&nbsp;&nbsp;&nbsp;&nbsp;- 퀴놀론계 (13종): 오비플록사신(Orbifloxacin), 사라플록사신(sarafloxacin), 마보플록사신(marbofloxacin), 오플록사신(ofloxacin), 엔로플록사신(enrofloxacin), 다노플록사신(danofloxacin), 페플록사신(pefloxacin), 시프로플록사신(ciprofloxacin), 노플록사신(norfloxacin), 디플록사신(difloxacin), 옥소린산(oxolinic acid), 플루메퀸(flumequine), 날리딕산(nalidixic acid)&nbsp;검역원 관계자는 &ldquo;분석기술이 개발되면 해마다 2회 이상 일선검사기관에 기술전수 교육을 함으로써 신기술이 현장에서 널리 활용되고 있다&rdquo;며,&nbsp;○ &ldquo;개발된 기술을 잔류물질 검사에 활용함으로써 수입 및 국내산 축산식품의 안전성 확보에 크게 기여할 것&rdquo;이라고 말했다. (2010.2.25, 농림수산식품부 홈페이지 보도자료)",축산식품중 정밀검사기술개선.hwp,http://www.fact.or.kr/action.do?action=farmtech%24file&seq=248&file_seq=1,2010.02.26,이진필,248,"국립수의과학검역원, 축산식품 중 잔류 항생제 정밀검사기술 획기적 개선",355
"전라남도 산림자원연구소가 국내 최초로 참바늘버섯(일명 침버섯)의 인공재배 방법을 개발해 특허출원(10-2009-0128824)한데 이어 항당뇨효과를 과학적으로 입증하는데 성공했다.17일 전남산림자원연구소에 따르면 충남대 의약품개발연구소(김상겸 교수)와 함께 1년여 연구 끝에 참바늘버섯의 항당뇨효과를 과학적으로 입증했다.(후략) (2010.2.17, 뉴스웨이브)http://newswave.kr/sub_read.html?uid=86378&amp;section=",2010.02.23,이진필,247,"전남산림자원연구소,참바늘버섯 당뇨병 치료효과 입증",363,"국립수의과학검역원, 축산식품 중 잔류 항생제 정밀검사기술 획기적 개선",355
"중국에서 초;음파를 이용하여 사과의 유기염소계 농약을 효과적으로 분해할 수 있는 기술이 개발되었다. 이 기술이 기타 과일의 농약 제거에 적용될 지 관심이 모아지고 있다. 최근에 있은 중국 과학협회 과학기술정기간행물 브리핑에서 초음파 기술 사용하면 농약 잔류량이 관련 표준을 넘은 사과의 유기염소계 농약이 효과적으로 제거되는 기술이 소개되었다. 또한 이 기술을 사용하면 사과의 유기염소계 농약이 효과적으로 분해되지만 사과의 주요 품질에는 큰 변화가 나타나지 않고 모두 국가 표준과 주요 수출 표준에 도달되는 것으로 나타났다. 초음파를 이용한 사과의 유기염소계 농약 분해 기술은 중국 시베이(西北)농림과학기술대학 식품과학 공학원 웨톈(岳田) 교수팀에 의해 연구 개발되었으며 이 연구 성과는 중국의 정기간행물인 &lsquo;농업공학보&rsquo;에 게재되었다. (후략) (2010.2.18, 한국과학기술정보연구원 정보분석본부)http://mirian.kisti.re.kr/gtb_trend/class_gtb/class_gtb_v.jsp?sub_menu=2&amp;cn=GTB2010020501&amp;dbt=TREND&amp;service_code=03&amp;user_id=betl2001",2010.02.22,이진필,246,사과 중의 농약 제거 쉬워진다,432,"국립수의과학검역원, 축산식품 중 잔류 항생제 정밀검사기술 획기적 개선",355
"캘리포니아대학의 Mark Mascal 및 Edward Nikitin은, 탄수화물뿐만 아니라 식물성 유지작물(oil seed plants; 대두, 해바라기, 자트로파, camelina, 홍화 및 캐놀라 등)에 모두 적용가능하며, 전통적인 에스테르교환반응(transesterification)보다 높은 수율로 하이브리드 지질/셀룰로오스 바이오디젤을 생산할 수 있는 방법을 개발하였다. 본 연구결과는 Energy &amp; Fuels지 2월 12일자로 온라인으로 게재되었다. (후략) (2010.2.15, 한국과학기술정보연구원 정보분석본부)http://mirian.kisti.re.kr/gtb_trend/class_gtb/class_gtb_v.jsp?sub_menu=2&amp;cn=GTB2010020408&amp;dbt=TREND&amp;service_code=03&amp;user_id=betl2001",2010.02.22,이진필,245,하이브리드 바이오디젤 생산을 위한 Co-processing 개발,465,"국립수의과학검역원, 축산식품 중 잔류 항생제 정밀검사기술 획기적 개선",355
"소 결핵 감마인터페론 진단 키트 국산화국립수의과학검역원은 소 및 사슴에서 지속적으로 매년 결핵 발생이 증가되고 있어 이에 대한 대책으로 특이성이 높은 대체 진단법을 개발하였다고 밝혔다.&nbsp;&lt;&nbsp;가축 결핵병 발생 두수 &gt;- 소 : &lsquo;05 726두 &rarr; &rsquo;06 656두 &rarr; &lsquo;07 839두 &rarr; &rsquo;08 1,194두 &rarr; &lsquo;09 1,507두- 사슴 : &lsquo;05 22두 &rarr; &rsquo;06 27두 &rarr; &lsquo;07 132두 &rarr; &rsquo;08 228두 &rarr; &lsquo;09 960두 ○ 기존의 피부 내에서 진단하는 방법(피내진단법)을 대체할 수 있는 진단법을 산업체((주)바이오노트)와 공동으로 개발?국산화하는데 성공한 것이다.&nbsp;○ 이번에 개발된 소 결핵 감마인터페론 진단키트는 기존에 사용하던 수입 진단키트와 96.9%의 높은 일치율(360두 검사)을 나타냈다.&nbsp;이번에 개발된 진단키트는 결핵병 진단의 효율성을 증진시켜 국내 소 결핵병 근절과 아울러, 사슴 결핵 진단키트 개발에도 적용할 수 있을 것으로 기대된다.&nbsp;&nbsp;※ 수입키트(호주, Bovigam)에 비해 개발된 국내 키트는 진단비용을 절반으로 줄일 수 있음(약 2만원/두 &rarr; 1만원/두)&nbsp;또한, 우형결핵(Mycobacterium bovis) PPD와 조형결핵(Mycobacterium avium) PPD를 항원으로 동시에 사용함으로써 피내진단의 단점인 비특이 반응을 줄이고, 피내진단과 같이 세포성 면역반응을 측정함으로써 피내진단의 문제점을 보완?대체할 수 있는 진단법이다.&nbsp;&nbsp;※ 세계동물보건기구(OIE)에서는 이미 소의 결핵병검사에 감마인터페론 진단법을 피내진단의 대체 진단법으로 승인한 바 있음.&nbsp;이번에 개발된 키트의 우수성은 높은 특이성뿐만 아니라 결핵병 의(疑)양성우 피내진단 재검사기간을 단축시킴으로써, 이동제한에 의한 농가의 경제적 피해를 감소시킬 수 있다는 데 있다.&nbsp;○ 피내진단 의양성우의 재검사는 면역무응답(탈감작)을 회복할 수 있도록 &nbsp;60~90일 간격을 두고 실시하여야 하지만, 인터페론검사는 체외진단이기 때문에 10일 이내에 실시할 수 있어 기간을 단축시킬 수 있다.&nbsp;검역원 관계자는 &ldquo;소 결핵 감마인터페론 키트 국산화는 진단비용 절감 등 수입대체효과뿐만 아니라, 특이성 높은 진단키트의 국내 공급으로 결핵 의심 소의 신속한 검사를 가능하게 하여 소 결핵의 조기진단에 기여함은 물론이고, 의심 소 이동제한 기간 단축으로 농가의 경제적 피해감소에도 기여할 것으로 기대된다&rdquo;고 말했다.(2010.2.17, 농림수산식품부 홈페이지 보도자료)http://mifaff.korea.kr/gonews/branch.do?act=detailView&amp;type=news&amp;section=b_sec_1&amp;dataId=155435795",소결핵병 진단법.hwp,http://www.fact.or.kr/action.do?action=farmtech%24file&seq=244&file_seq=1,2010.02.17,이진필,244,결핵병 근절을 위한 특이성 높은 진단법 개발,457
"국립 한국농수산대학(총장 김양식)은 2월 12일 필리핀 현지에서 국제미작연구소(IRRI, International Rice Research Institute)가 도입하는 &lsquo;복토점파기술 및 볍씨 철분&middot;규산코팅기술&rsquo;의 현지시험을 성공적으로 마쳤다고 밝혔다.&nbsp;○ 국제미작연구소는 국립 한국농수산대학이 연구개발한 복토조파, 복토점파, 볍씨 철분&middot;규산코팅기술을 도입하여 시험연구포장에서 지속적으로 현지 시험을 추진 중에 있으며,&nbsp;○ 복토조파기술은 지난 1월 8일 파종하여 현재 초기 생육이 매우 양호한 것으로 평가받고 있다.&nbsp;특히, 복토점파기술은 무논점파기술의 문제로 지적된 조류피해를 비롯해, 파종 이후 발아된 볍씨의 건조피해나 파종 후 비가 오거나 논에 물을 대는 과정에서 볍씨가 떠서 뿌리를 &nbsp;내리지 못하던 것을 해결함은 물론 생산량 증대에도 도움을 준다.&nbsp;○ 복파점토기술이란 기존의 무논점파기술과 달리 &lsquo;복파점파기&rsquo;가 14～15cm 간격으로 발아된 볍씨를 논에 뿌리고 그 위에 규산질 비료로 구성된 모래를 덮어 처리하는 기술이다.&nbsp;&lsquo;볍씨?철분 규산 코팅 기술&rsquo;은 가벼운 볍씨의 단점을 보완하기 위해 볍씨 표면에 철분과 규산을 덮어씌우는 기술로 볍씨의 무게를 높이는 것은 물론 단단한 표면 덕분에 조류 피해로부터 안전하다는 장점이 있다.&nbsp;복토점파에 관련된 기술을 개발한 박광호 교수는 &quot;경지정리지역과 비경지정리지역, 건답직파와 무논&middot;담수직파 등에 모두 적용할 수 있는 기술로서 동남아, 아프리카, 중남미 등 세계 논, 밭농사에 적용되어 생산비 절감으로 소득증대에 크게 기여할 것&quot;이라고 말했다.(2010.2.17, 농림수산식품부 홈페이지 보도자료)http://mifaff.korea.kr/gonews/branch.do?act=detailView&amp;type=news&amp;section=b_sec_1&amp;dataId=155435794",2010.02.17,이진필,243,“복토점파기술 및 볍씨 철분·규산코팅기술 필리핀 현지 시험 성공”,449,결핵병 근절을 위한 특이성 높은 진단법 개발,457
"곰팡이 독소(3종) 특이항체를 이용한 효소면역 검출 킷트국립수의과학검역원은 사료 및 식품에서 주로 문제가 되는 3종의 곰팡이 독소(아플라톡신, 제랄레논, 데옥시니발레놀)를 신속하게 검출할 수 있는 검출 킷트를 개발하였다고 밝혔다. &nbsp;&nbsp;○ 곰팡이 독소는 사료나 식품에 오염되어 가축이나 사람에서 면역억제, 암발생, 간독성, 신장독성 등을 유발하는 물질로서 사료나 식품 중에 허용기준이 정해져 있어 수입되는 사료나 식품 등에서 잔류검사를 하고 있다.&nbsp;연구팀은 아플라톡신, 제랄레논, 데옥시니발레놀의 일부 특수 구조를 변경하여 이들 곰팡이에 대한 특이항체를 생산하는 특이성이 우수한 세포를 개발하는데 성공하였으며, 개발 특이세포는 특허출원 중에 있다. 금번 연구는 이를 이용하여 효소면역검출 방법을 확립한 것이다.&nbsp;○ 검역원은 개발된 곰팡이 독소 특이항체 생산세포와 사료 및 식품중의 효소면역검출방법을 산업체에 이전할 계획이다.&nbsp;그동안은 곰팡이에 대한 특이적인 항체를 만드는 것이 매우 어려워 많은 비용을 지불하고 외국에서 고가의 킷트를 수입하여 사용하였으나, 금번 기술개발로 값이 싸고 우수한 국산 검출킷트를 생산할 수 있게 되었다.&nbsp;○ 이번 신속검출 검출킷트가 산업화되면, 국내에서 사용하고 있는 고가의 수입 검출킷트를 대체할 수 있을 것으로 기대된다.(2010.2.16, 농림수산식품부 홈페이지 보도자료)http://mifaff.korea.kr/gonews/branch.do?act=detailView&amp;type=news&amp;section=b_sec_1&amp;dataId=155435462",곰팡이독소 검출킷트.hwp,http://www.fact.or.kr/action.do?action=farmtech%24file&seq=242&file_seq=1,2010.02.17,이진필,242,3종의 곰팡이독소 신속검출용 킷트 개발,455
"감귤에서 인공피부로 활용할 수 있는 소재가 개발됐다.농촌진흥청(이하 농진청)은 감귤부산물을 발효시켜 새로운 신소재인 감귤유래 겔을 개발했고 이 물질은 물성이 우수해 인공피부 등 의료용과 산업용 소재로 활용이 가능하다고 16일 밝혔다.농진청에 따르면 인공피부로 사용하려면 순수한 물질이고 수분확산능이 기본적으로 갖춰져야 하는데 이점에서 순수 셀룰로오즈는 섬유 입자가 나노형이기 때문에 고르고 탄성이 뛰어나 활용가능성이 높다.(후략) (2010.2.16, 메디컬투데이)http://www.mdtoday.co.kr/mdtoday/index.html?no=117450",2010.02.17,이진필,241,감귤에서 '인공피부' 소재 개발,316,3종의 곰팡이독소 신속검출용 킷트 개발,455
"아리조나 주립대학의 과학자들은 낮은 가격으로 빠르게 DNA 유전자 코드를 읽을 수 있는 방법을 마련하는 과정에서 새로운 기술을 개발했다. 이들은 처음으로 다용도 DNA 분석기를 개발했다. 이 장비는 DNA의 네 가지 기본핵심 화학물 사이의 차이를 이용해서 인간유전과 건강 이면에 존재하는 부호를 해석할 수 있게 되었다. 아리조나 주립대학의 바이오디자인 연구소 단일입자생물리학센터 (Biodesign Institute&rsquo;s Center for Single Molecule Biophysics)의 디렉터이며 교수인 스튜어트 린지 (Stuart Lindsay)와 연구팀은 DNA 유전체 염기서열분석을 일상적인 의학적 진단으로 사용하기 위해 국립보건원 (NIH)의 부분인 국립인간유전체연구 이니셔티브 (National Human Genome Research Initiative)의 격려연구비를 받은 소수의 연구팀 중의 하나이다. (후략) (2010.2.15, 한국과학기술정보연구원 정보분석본부)http://mirian.kisti.re.kr/gtb_trend/class_gtb/class_gtb_v.jsp?sub_menu=2&amp;cn=GTB2010020386&amp;dbt=TREND&amp;service_code=03&amp;user_id=betl2001",2010.02.17,이진필,240,빠르고 낮은 가격의 염기서열분석방법,331,3종의 곰팡이독소 신속검출용 킷트 개발,455
"농업회사법인 ㈜뜰아채는 아위버섯을 개량한 '머쉬마루버섯'을 지난달 30일부터 농협하나로 클럽 창동점ㆍ성남점에 입점, 본격적으로 판매한다고 밝혔다. (후략) (2010.2.10, MT뉴스)http://www.mt.co.kr/view/mtview.php?type=1&amp;no=2010020912374886111&amp;outlink=1 ",2010.02.16,이진필,239,"농업회사법인 (주)뜰아채, '머쉬마루' 특허 출원 및 판매 개시",392,3종의 곰팡이독소 신속검출용 킷트 개발,455
"홍삼과 맥문동(麥門冬)의 효능을 한데 모은 건강보조식품이 시장에 나왔다. 부여군은 농업인기술개발사업으로 농촌진흥청과 금산인삼약초시험장, 농업기술센터, 순홍삼영농법인(대표 소순이)과 2년간의 협력연구 끝에 새로운 건강보조식품 &lsquo;홍(紅)&middot;맥(麥)&middot;산(山)&rsquo;을 최근 출시했다. &lsquo;홍맥산&rsquo;은 홍삼에 볶은 맥문동을 7대 3의 비율로 혼합해 추출한 것으로 홍삼만으로 추출했을 때보다 쓴맛을 줄여줘 맛이 좋아지고, 항산화 효과가 높은 것으로 나타났다.(후략) (2010.2.11, 대전일보)http://www.daejonilbo.com/news/newsitem.asp?pk_no=866646 ",2010.02.16,이진필,238,홍삼과 맥문동(麥門冬)의 효능을 한데 모은 건강보조식품 특허 출원,373,3종의 곰팡이독소 신속검출용 킷트 개발,455
"미국 캘리포니아주립대학 연구원들의 연구 결과, 맥주가 체내 골밀도(bone mineral density)를 증가시키는데 있어 주요 성분으로 작용하는 실리콘에 대하여 매우 우수한 공급원이라는 사실이 밝혀졌다. 이들 연구팀은 시판 맥주를 대상으로 맥주 양조 공정이 실리콘 함량에 미치는 영향을 연구하였으며, 맥주가 실리콘에 대하여 우수한 식이 급원이라는 사실을 발견하고 이러한 연구 결과를 Journal of the Science of Food and Agriculture 2월호에 보고하였다. (후략) (2010.2.11, 한국과학기술정보연구원 정보분석본부)http://mirian.kisti.re.kr/gtb_trend/class_gtb/class_gtb_v.jsp?sub_menu=2&amp;cn=GTB2010020296&amp;dbt=TREND&amp;service_code=03&amp;user_id=betl2001 ",2010.02.12,이진필,237,맥주의 실리콘 함량과 뼈 건강,350,3종의 곰팡이독소 신속검출용 킷트 개발,455
"호르몬에 관한 기존 상식을 뒤엎는 새로운 발견이 미국, 일리노이 대학의 연구진들에 의해서 발표되었다. 연구진은 인체 여성호르몬인 프로제스테론이 식물체내에서도 존재하고 있음을 밝혔다. 이번 발견은 미국 화학회(American Chemical Society)에서 발간하는 국제 천연물학회지 (progesterone)이 Journal of Natural Products) 2010년 1월, 온라인판에 게재되었다. (2010.2.7, 한국과학기술정보연구원 정보분석본부)http://mirian.kisti.re.kr/gtb_trend/class_gtb/class_gtb_v.jsp?sub_menu=2&amp;cn=GTB2010020176&amp;dbt=TREND&amp;service_code=03&amp;user_id=betl2001 ",2010.02.11,이진필,236,식물체에서 여성 호르몬인 프로제스테론 최초 발견,398,3종의 곰팡이독소 신속검출용 킷트 개발,455
"미국 농업연구청(Agricultural Research Service, ARS) 연구원들은 Montana Microbial Products(MMP)와 공동으로 송어를 비롯한 상업용 양식 어류에게 사료로 공급할 수 있는 보리 단백질 농축물(barley protein concentrate)을 개발하였다. ARS 소형곡류 및 감자생식질연구실(Small Grains and Potato Germplasm Research Unit)의 생리학자인 Rick Barrows는 보리 단백질을 효소적인 방법에 의해 농축함으로써 여러 가지 용도로 사용될 수 있는 유용한 원료를 생산할 수 있는 기술을 개발하여 이 기술에 대하여 MMP와 공동으로 특허 신청 중에 있다. 이 같은 효소 처리 공정에 의해 고단백질의 원료가 생산됨으로써 양식 어류에게 공급되는 어분(fishmeal)과 대두 단백질 농축물과 같이 가격이 비싼 원료들을 대체할 수 있게 된다. (후략) (2010.2.6, 한국과학기술정보연구원 정보분석본부)http://mirian.kisti.re.kr/gtb_trend/class_gtb/class_gtb_v.jsp?sub_menu=2&amp;cn=GTB2010020143&amp;dbt=TREND&amp;service_code=03&amp;user_id=betl2001",2010.02.10,이진필,235,보리 단백 농축물로 양식용 어분 사료를 대체,473,3종의 곰팡이독소 신속검출용 킷트 개발,455
"미국 미주리(University of Missouri) 대학 교수에 의해 닭고기와 맛은 물론 조직감까지 유사한 콩으로 만든 닭고기가 개발되었다(그림파일 참고). 이번에 새롭게 개발된 콩 닭고기는 콜레스테롤 저감 효과 및 뼈 건강 유지에 도움이 되는 등 여러 가지 건강에 좋은 효과들을 지니고 있어 많은 관심이 집중되고 있다. 콩으로 만든 소고기 대체물(soy meat alternatives)이 콩 고기 버거(soy burger) 등과 같은 형태로 최근 더욱 인기가 상승하여 2007년에서 2008년 사이 판매액이 8%나 증가한 바 있다.(후략) (한국과학기술정보연구원 정보분석본부)http://mirian.kisti.re.kr/gtb_trend/class_gtb/class_gtb_v.jsp?sub_menu=2&amp;cn=GTB2010020140&amp;dbt=TREND&amp;service_code=03&amp;user_id=betl2001 ",2010.02.10,이진필,234,맛은 물론 조직감까지 유사한 콩으로 만든 닭 가슴살,464,3종의 곰팡이독소 신속검출용 킷트 개발,455
"미국 에너지부 산하 바이오에너지 연구소(JBEI; Joint BioEnergy Institute) 연구진이 주도하는 공동 연구팀은 바이오매스(biomass)에서 직접 개량 바이오연료(advanced biofuel)를 생산할 수 있는 미생물(microbe)을 개발했다. 합성 생물학적 도구를 개발하여 연구팀은 대장균(E. coli; Escherichia coli) 박테리아의 가계를 유전자 조작하여 바이오디젤 연료와 지방산(fatty acid)에서 유도된 다른 중요한 화학 물질을 생산할 수 있는 박테리아를 얻는 데 성공했다. JBEI 최고 책임자인 Jay Keasling은 연구팀이 개발한 미생물이 부가적인 화학적 조작 없이 바이오매스에서 디젤 연료를 직접 생산할 수 있다는 사실이 흥미롭고 중요하다고 밝혔다. 바이오디젤을 회수하기 위하여 소요되는 비용은 에탄올을 증류하는 데 필요한 비용에 근접하지 못하고 있으며, 연구팀의 결과는 비용 효율적으로 개량 바이오연료 및 재생 가능한 화학 물질을 생산하는 궁극적인 목표에 크게 기여하게 될 것이라고 Keasling은 밝혔다. (2010.2.1, 한국과학기술정보연구원 정보분석본부)http://mirian.kisti.re.kr/gtb_trend/class_gtb/class_gtb_v.jsp?sub_menu=2&amp;cn=GTB2010020007&amp;dbt=TREND&amp;service_code=03&amp;user_id=betl2001",2010.02.05,이진필,233,바이오매스에서 직접 연료를 생산하는 미생물의 개발,484,3종의 곰팡이독소 신속검출용 킷트 개발,455
"듀퐁 다니스코 셀룰로식 에탄올(DuPont Danisco Cellulosic Ethanol, DDCE), 테네시 대학(University of Tennessee), 제네라 에너지(Genera Energy) 등의 지도자들이 테네시주에 있는 보노르(Vonore)에 셀룰로오스계 에탄올 시연 설비의 기공을 축하하였다. 74,000입방피트의 플랜트는 에탄올을 생산하기 시작하였으며 옥수수대, 스위치그래스 등과 같은 농업 부산물들, 바이오 에너지 곡물들 등으로부터 에탄올의 상업용 생산을 위한 저비용 복합 기술을 제공할 것이다. 이 플랜트는 듀퐁사가 개발한 차세대 알카라인 기술에 기반한 전처리 기술과 다니스코사의 단백질 엔진니어링 기술과 상업 규모의 효소 생산 기술에 기반한 당화를 위한 저비용 효소 기술이 결합되어 있다. 듀퐁사의 지모모나스(Zymomonas) 기술에 기반한 혁신적인 에타노로젠-부산물의 발생을 최소화하면서 당류를 에탄올로 전환시키는 기술-은 최적의 공정과 수율을 위한 당류의 공동 발효에서 높은 성능을 제공한다. (2010.1.31, 한국과학기술정보연구원 정보분석분부)http://mirian.kisti.re.kr/gtb_trend/class_gtb/class_gtb_v.jsp?sub_menu=2&amp;cn=GTB2010010864&amp;dbt=TREND&amp;service_code=03&amp;user_id=betl2001 ",2010.02.04,이진필,232,셀룰로오스 물질의 당화를 이용한 에탄올 생산 기술 개발,482,3종의 곰팡이독소 신속검출용 킷트 개발,455
"미국 농업연구청(Agricultural Research Service, ARS) 연구원들에 의해 사탕수수 재배에서 문제가 되고 있는 오렌지 및 갈색 녹병(rusts)에 대한 유전적 분석이 이루어져 이들 질병에 대한 저항성을 갖는 사탕수수를 육종하는데 커다란 도움이 될 전망이다. 녹병 발생은 사탕수수 산업에서 가장 골칫거리가 되는 문제로서 정확하게 어떠한 녹병이 발병된 것인가를 진단하는 것이 매우 중요한 일이다. ARS 분류균학 및 미생물학 실험실(Systematic Mycology and Microbiology Laboratory)의 균학자인 Lisa Castlebury 연구팀은 25개국으로부터 채취한 160종 이상의 사탕수수 녹병 시료의 유전적 특성을 분석하여 매우 가치있는 결과들을 얻어내었다. Castlebury는 녹병 분리물을 외관상의 차이점만을 근거로 정확하게 구분하는 것은 이들의 형태와 구조가 매우 유사하기 때문에 매우 어렵다고 설명하였다.(2010.1.30, 한국과학기술정보연구원 정보분석본부)http://mirian.kisti.re.kr/gtb_trend/class_gtb/class_gtb_v.jsp?sub_menu=2&amp;cn=GTB2010010846&amp;dbt=TREND&amp;service_code=03&amp;user_id=betl2001 ",2010.02.03,이진필,231,유전자 서열 분석으로 사탕수수 녹병을 정확하게 진단,330,3종의 곰팡이독소 신속검출용 킷트 개발,455
"식빵 제조시 이눌린(inulin)을 첨가하게 되면 식빵의 영양가가 증대될 뿐만 아니라 제빵 공정이 가속화되고 식빵의 갈색화 반응도 가속화된다는 사실이 밝혀졌다. 빵 껍질(crust)의 수분활성도(water activity), 수분 함량 및 밝기 정도가 빵과 튀김 식품에 갈색과 풍미를 제공해 주는 반응인 마이얄 반응(Maillard reaction)에 있어 훌륭한 지표로 작용한다. 마이얄 반응은 당류와 아미노산인 아스파라긴이 반응하여 갈색 물질을 생성하는 갈변화 반응이다. 이러한 연구는 EU Freshbake 프로젝트로부터 연구비 지원을 받아 진행이 되었으며 그 결과가 Food Chemistry지에 보고되었다. 빵 굽는 공정의 역학을 연구하기 위해 혁신적인 온라인 빵 추출 장치가 개발되기도 하였다. 이번 연구에서 식빵 제조에서 마이얄 반응의 가속화는 이눌린이 분해되어 노출된 프럭탄 사슬(fructan chain)로 인해 포도당, 과당, 서당 및 di-d-프럭토오스 di-안하이드라이드(di-d-fructose di-anhydrides)와 같은 분자량이 낮은 물질들이 식빵 껍질 표면에 형성되었기 때문인 것으로 해석되고 있다. (후략) (한국과학기술정보연구원 정보분석본부)http://mirian.kisti.re.kr/gtb_trend/class_gtb/class_gtb_v.jsp?sub_menu=2&amp;cn=GTB2010010821&amp;dbt=TREND&amp;service_code=03&amp;user_id=betl2001",2010.02.02,이진필,230,"이눌린, 제빵 공정을 가속화",367,3종의 곰팡이독소 신속검출용 킷트 개발,455
"이귀로 국과위 첨단융&middot;복합위 위원장, (중략) 앞으로 5년 뒤에 뜰 바이오 기술로 &ldquo;화이트 바이오(White Bio)를 주목하라&rdquo;고 주문했다. &ldquo;바이오를 세 분야로 나눌 수 있어요. 레드(Red) 바이오, 그린(Green) 바이오, 화이트 바이오예요. 레드 바이오는 의료, 보건 분야입니다. 현재 가장 많은 인력과 투자가 몰린 곳이죠. 그린 바이오는 농업이나 식품 분야입니다. 화이트 바이오는 산업 분야의 바이오죠. 즉 바이오 소재, 바이오연료, 환경 등이죠.&rdquo;(후략) (2010.1.25, 동아시아언스)http://news.dongascience.com/HTML/News/2010/01/25/20100125200000113261/201001252000001132610103000000.html ",2010.02.01,이진필,229,“화이트 바이오에 주목하라”,448,3종의 곰팡이독소 신속검출용 킷트 개발,455
"미국 농업연구청(Agricultural Research Service, ARS) 연구원들에 의해 피스타치오와 아몬드를 비롯한 견과류에서 문제가 되는 악성 곰팡이를 환경 친화적인 방법으로 제거할 수 있는 새로운 기술이 개발되었다. 견과 나무에 Pichia anomala라 불리는 효모를 분무함으로써 견과류에서 골칫거리로 작용하는 곰팡이인 Aspergillus flavus가 이용하게 될 영양분을 경쟁적으로 소비하게하고 또 성장에 필요한 공간을 차지하게 함으로써 문제가 되는 곰팡이의 생육 기회를 박탈한다는 것이 이번 기술의 골자이다. (후략) (한국과학기술정보연구원 정보분석본부)http://mirian.kisti.re.kr/gtb_trend/class_gtb/class_gtb_v.jsp?sub_menu=2&amp;cn=GTB2010010795&amp;dbt=TREND&amp;service_code=03&amp;user_id=betl2001 ",2010.02.01,이진필,228,효모 분무를 통해 아플라톡신 문제를 해결,365,3종의 곰팡이독소 신속검출용 킷트 개발,455
"식물 육종(plant breeding)과 고강도 x-선(high-intensity x-rays) 기술을 조합한 선구적 연구가 앞으로 사람의 생명을 구하는 역할을 할 수도 있는 무기질이 강화된 밀가루 생산용 밀 개발을 위해 진행되고 있다. 이 같은 연구는 생명공학 생물과학 연구위원회(Biotechnology and Biological Sciences Research Council, BBSRC)로부터 연구비 지원을 받아 이루어지고 있다. BBSRC의 연구기관인 Rothamsted Research 소속 연구원들은 3세대 싱크로트론(synchrotron)인 Diamond Light Source사의 고 강도 x-선을 사용하여 기존의 전통적인 방법인 염색 기술을 대신하여 건강 증진 효과를 지닌 밀 품종을 탐색해내기 위해 형광성 분석 연구를 진행하고 있다.(후략) (한국과학기술정보연구원, 정보분석본부)http://mirian.kisti.re.kr/gtb_trend/class_gtb/class_gtb_v.jsp?sub_menu=2&amp;cn=GTB2010010624&amp;dbt=TREND&amp;service_code=03&amp;user_id=betl2001 ",2010.02.01,이진필,227,x-선을 이용하여 무기질이 풍부한 밀을 신속하게 선별,370,3종의 곰팡이독소 신속검출용 킷트 개발,455
"낙농 원료로부터 석유계 포장 제품을 현실적으로 대체할 수 있는 식품 포장 제품을 생산해낼 수 있다는 내용이 신간 서적 &ldquo;낙농 원료: 식품과 영양치료제로서의 응용(Dairy-Derived Ingredients: Food and Nutraceutical Uses)&rdquo;을 통해 보고되었다. 이 서적은 여러 나라 관련 전문인들에 의해 집필되어 영국 런던 소재 출판사 Woodhead Publishing에 의해 2009년 10월에 출간된 것으로, 낙농 및 식품의약 관련 산업계 및 연구계에 새로운 제품 개발에 관한 지침을 제공해 주고 있다. (한국과학기술정보연구원 정보분석본부)http://mirian.kisti.re.kr/gtb_trend/class_gtb/class_gtb_v.jsp?sub_menu=2&amp;cn=GTB2010010621&amp;dbt=TREND&amp;service_code=03&amp;user_id=betl2001 ",2010.02.01,이진필,226,낙농 원료를 활용한 식품 포장재의 개발,422,3종의 곰팡이독소 신속검출용 킷트 개발,455
"봉군붕괴증후군(蜂群崩壞症候群; Colony Collapse Disorder)으로 불리는 괴상한 질병으로 꿀벌 무리들이 대량으로 사라져가고 있다. (중략)&nbsp;&nbsp;2007년 봄 미국양봉협회가 시행했던 조사 통계에 의하면 미국 양봉업자의 1/4가량이 이 증후군으로 큰 손실을 입었고 전체 봉군의 30% 이상이 사라졌다. 그 해 겨울 벌들의 대량 실종이 다시 시작되었고, 타 지역으로 확대되어 미국 양봉업자의 36%에서&nbsp;봉군붕괴증후군이 발생하였다. 호주, 브라질, 캐나다, 중국, 유럽 같은 지역에서도 비슷한 현상이&nbsp;일어났다. 이&nbsp;질병의 특징은 벌통 내에서 죽은 벌들은 전혀 발견되지 않은 채 일벌들의 숫자가 급속히 줄어드는 양상을 보이는데&nbsp;종종 벌통 내 꿀과 유충들이 그대로 있는 것도 흔히 볼 수 있는 또 다른 특징이다. 현재 전세계의 곤충학자들과&nbsp;농학자들은 이 꿀벌 집단의 실종에 대한 정확한 원인을 밝히고자 여러 가지 가설들을 제시하며 활발한&nbsp;연구를 수행 중에 있다. 이러한 가운데&nbsp;미국 몬타나대학 연구진이 이 병의&nbsp;감염체에서 유력한 원인 바이러스와 병원균을 규명하였다. 이 연구 결과는 온라인 학술지인 PLoS&nbsp;ONE 2010년 10월호에 게재되었다. (중략)첫&nbsp;번째 의심 병원균은 곤총무지개바이러스(insect iridescent virus IIV)로 20년 전에 인도에서 보고된 바이러스와 나방에서&nbsp;검출된 바이러스와 유사하다. 감연된 조직이 청녹색이나 보라색을 띄므로 무지개 바이러스라고 불린다. 두 번째&nbsp;의심 병원균은&nbsp;Nosema ceranae라고 불리는 곰팡이로, 꿀벌이 이 곰팡이의 포자를 먹게 되면 장내에 이 곰팡이가 퍼진다. 무지개 바이러스나 곰팡이 병원균 독자적으로는 벌에게 이 증후군을 유발시키지는 않지만, 공동 감염시에는&nbsp;큰 병해를 일으키는 것으로 추정된다. 연구진이 수집한 시료들은 메릴랜드에 소재한 미국 국방연구소의 에지우드 화학생물센터에서 분석하였다. 액체크로마토 그라피-단백질 질량 분석기를 이용하여 각 시료당 3만 여개의 단백질을 동정하여 정량하였다. 이&nbsp;대량 분석을 통해, 무지개 바이러스와 곰팡이가 모든 증후군 시료에서 검출되었다. (후략)&nbsp;&nbsp;(2010.10.15, 한국과학기술정보연구원 정보분석본부)http://mirian.kisti.re.kr/global/global_v.jsp ",2010.10.18,이진필,225,"미 연구진, 꿀벌 집단붕괴증후군의 주용 원인체 규명",496,3종의 곰팡이독소 신속검출용 킷트 개발,455
"□ 국립종자원(원장 김창현)은 종자산업법 일부 개정안이 9월1일자로 발효됨에 따라 전자출원제도 도입 등으로 품종보호 절차가 크게 간소화되었다며, 육종가 등 민원인들이 전자출원 절차를 적극 활용해 줄 것을 당부하였다.&nbsp;○ 이번에 전자출원제도가 신설(개정법 제9조)됨으로써 인터넷으로 신청&#8228;등록이 가능해지고, 60일의 출원공고기간이 폐지(기존법 제30조 등)되어 신품종의 조기 확산을 촉진할 것으로 기대된다.&nbsp;○ 또한, 품종명칭 등록 시 제한 법규를 완화하여 육성자의 품종명칭 선택의 폭을 확대하고, 품종보호권 취소결정에 대한 심판청구제도 도입으로 소송에 따른 비용을 절감하고 처리기간을 단축할 수 있게 되었다.&nbsp;○ 이밖에 유통종자의 표시단위를 &lsquo;종자의 수량&rsquo;에서 &lsquo;무게&rsquo; 또는 &lsquo;립수&rsquo;로 변경하여 재배농업인과 생산업체 사이에 수량 부족 으로 인한 갈등을 줄였다.&nbsp;○ 종자업 등록&#8228;취소는 시&#8228;도지사에서 기초자치단체장(시장, 군수, 구청장)이 수행하도록 위임함으로써 관련업무의 신속한 처리와 종자업자 등의 편의를 도모하는 등 여러 조항들이 신설 및 개정되었다.(2010.9.15, 농림수산식품부 홈페이지 보도자료)http://www.mifaff.go.kr/gonews/content_view.jsp?newsid=155439630&amp;section_id=b_sec_1 ",2010.09.16,이진필,224,"국립종자원, 전자출원 도입 등 민원 편의 도모",525,3종의 곰팡이독소 신속검출용 킷트 개발,455
"□ 국립식물검역원(원장 박종서)은 7.12일부터 한달 간 불법으로 밀반입한 외국곤충을 애완용으로 판매&#8228;유통한 자에 대한 특별단속을 실시하여 식물방역법 위반사범 3명을 적발, 입건 조치하였다고 밝혔다.&nbsp;&nbsp;○ 이번에 식물방역법 위반으로 적발된 자들은 애완용곤충 사육 붐에 편승하여 외국의 애완용곤충을 주로 국제우편물로 불법 반입하여 인터넷 카페 등을 통해 판매&#8228;유통해 왔었다.&nbsp; - 충북 청주시 소재 조모씨(25세) 등 3명은 금년 4월과 5월 일본 및 대만산 풍뎅이류 등 성충 20마리(시가 180만원 상당)와 장수풍뎅이 유충 등 10여종 74마리(시가 100만원 상당)를 품목과 수취인을 허위로 기재, 국제우편물로 부정하게 수입하여 사육하다 적발되었다.&nbsp;○ 인터넷 카페 등을 통해 구입한 외래곤충을 애완용으로 사육해 온 미성년 학생 18명에 대하여는 외래곤충 불법 사육으로 인한 환경 위해성을 설명하고 선도 조치하였다.&nbsp;○ 이번 단속으로 사슴벌레 등 6종 성충 115마리, 뮤엘러리 사슴벌레 등 10여종의 유충 218마리 총 333마리 외래곤충을 수거하여 폐기 조치하였다.□ 국립식물검역원은 이들 불법 유통 외국곤충이 자연환경에 유출될 때에는 농업은 물론 자연생태계에 미치는 영향이 지대하고 박멸하기도 어렵다며,&nbsp;&nbsp;○ 앞으로 불법으로 외국곤충을 수입&#8228;판매&#8228;사육하는 행위에 대하여 지속적인 단속 활동을 실시함은 물론, 적발될 경우 역추적을 통해 관련자를 모두 처벌할 것이라고 밝혔다.□ 또한, 국립식물검역원은 애완용 외래곤충 사육의 불법성에 대한 국민들의 인식이 낮음에 따라 이를 계도하기 위한 캠페인도 지속적으로 전개할 계획이라고 밝혔다.(2010.9.3, 농림수산식품부 홈페이지 보도자료)http://www.mifaff.go.kr/gonews/content_view.jsp?newsid=155439559&amp;section_id=b_sec_1",외국곤충 단속.hwp,http://www.fact.or.kr/action.do?action=farmtech%24file&seq=223&file_seq=1,2010.09.06,이진필,223,외국곤충 신고 없이 수입하면 처벌,664
"농림수산식품부 후원 및 한국쌀가공식품협회 주관으로 우수쌀가공제품 선정을 통해 생산자에게는 신제품 개발과 제품개선을 유도하고, 소비자에게는 구매기회를 확대 제공함으로써 쌀가공식품의 시장활성화를 촉진하고자 다음과 같이「2010 우수쌀가공제품TOP10」선정계획을 공고합니다.2010년 8월 23일한국쌀가공식품협회장(2010.8.23, 농림수산식품부 홈페이지 공고)http://www.mifaff.go.kr/list.jsp?id=27393&amp;pageNo=1&amp;NOW_YEAR=2010&amp;group_id=3&amp;menu_id=123&amp;link_menu_id=123&amp;division=B&amp;board_kind=C&amp;board_skin_id=C2&amp;parent_code=58&amp;link_url=&amp;depth=2&amp;code=top&amp;link_target_yn=&amp;menu_introduction=&amp;menu_name=&amp;popup_yn=&amp;reference=&amp;tab_yn=N",2010.09.06,이진필,222,「2010 우수 쌀가공제품 TOP10」선정계획 공고,503,외국곤충 신고 없이 수입하면 처벌,664
"건강에 도움되는 항산화제가 다량 함유된 신선한 블루베리나 블랙베리의 가격 때문에 구입을 망설이는 웰빙 소비자들은 경제적인 대안을 찾았다. 240번재 미국화학협회(American Chemistry Association; ACS) 발표에 따르면 그 정답은 흑미다. 과거 중국에서는 지배층이 모든 흑미를 감추고 일반인이 먹지 못하도록 했기 때문에 &quot;숨겨진 쌀&quot;이라고 불렸었다. &quot;한 스푼의 블루베리보다 한 숟가락의 흑미 껍질에 안토시아닌 항산화제를 더 많이 함유하고 있으면서도 당분은 낮고 더 많은 섬유질과 비타민&nbsp;E 항산화제를 갖고 있다. 만약 딸기류가 건강을 증진시킨다면 흑미와 흑미 껍질은 왜 그렇지 않겠는가? 특히 흑미 껍질은 항산화제를 함유한 독특하면서도 경제적인 재료이다&quot; 라고 Louisians State University의 식품공학과 교수인 Zhimin Xu는 말했다. 과일처럼 흑미도 심장질환, 암 등에 도움이 되는 안토시아닌 항산화제를 매우 풍부하게 함유하고 있다. 식품 생산업체는 흑미 껍질이나 여기서 뽑아낸 추출물을 이용하여 시리얼, 음료, 케익, 쿠키 등의 음식을 사용하여 건강식품을 만들 수 있다고 XU 교수와 연구진은 말했다.(후략) (2010.9.3, 한국과학기술정보연구원 정보분석본부)http://mirian.kisti.re.kr/global/global_v.jsp",2010.09.06,이진필,221,항산화제가 풍부한 블루베리를 필적하는 흑미,351,외국곤충 신고 없이 수입하면 처벌,664
"- 「농림어업인 삶의 질 향상 특별법」일부개정법률 공포지난 6월 29일 국회를 통과한「농림어업인 삶의 질 향상 및 농산어촌지역 개발촉진에 관한 특별법」일부개정법률이 7월 23일 공포되었다.&nbsp;개정법률에서는 국민이 국토 어디에 살든지 일정 수준의 공공서비스를 누릴 수 있도록 하기위해 농어촌 서비스 기준의 제정 및 운용 근거를 마련하였다.○ 농어촌 서비스 기준은 농어촌 주민들이 일상생활을 하는 데 요구되는 공공서비스 항목과 목표치로서, 내년부터 목표달성 여부에 대한 이행 실태조사를 거쳐 농어촌 서비스 기준이 충족되도록 적극적으로 정책을 추진해 나갈 계획이다.&nbsp;농어촌의 지역공동체 활성화 사업을 추진하면서 농어촌 일자리 창출에 기여하거나 공공서비스를 제공하는 법인, 회사 등을 지원할 수 있는 근거도 마련되었다.○ 최근 일부 농어촌 지역을 중심으로 지역주민들이 자발적으로 참여해 기업방식으로 공동 경영함으로써 지역발전에 기여하는 사례가 등장하고 있어 이를 보다 활성화하고 체계적으로 지원하기 위한 것이다.○ 이를 통해 정부의 복지예산 부담을 감소시키고, 농어촌 주민의 일자리 창출을 통한 실질적인 복지향상 효과가 나타날 것으로 기대된다.&nbsp;또한, 고령농 어업인 등의 영양개선을 위해 국가와 지방자치단체가 시책을 마련하고, 자동차 손해배상에서 농어업인에 대한 보험금이 현실소득에 따라 지급될 수 있도록 정부가 시책을 마련하도록 하고 있다.○ 그 밖에 농어촌산업 육성 근거, 농어촌 지역발전협의회 운영근거 등을 마련함으로써 농어촌 지역개발이 보다 활성화 될 것으로 기대된다.&nbsp;농림수산식품부는 법시행일(&lsquo;11.1.24)에 맞춰 농어촌 서비스 기준 제정 및 운용 방법, 지역공동체 활성화 사업의 지원방법 등에 대해 하위법령 개정을 추진할 예정이다.(2010.7.26, 농림수산식품부 홈페이지 보도자료)http://mifaff.korea.kr/gonews/branch.do?act=detailView&amp;type=news&amp;section=b_sec_1&amp;dataId=155628454",농어촌서비스 삶의질.hwp,http://www.fact.or.kr/action.do?action=farmtech%24file&seq=220&file_seq=1,2010.07.26,이진필,220,농어촌 공공서비스 기준 제정 근거 마련,352
"- 생산성 향상 등을 통해 15년까지 7천억 달성 &nbsp;농림수산식품부는 양봉산업을 녹색성장 생명산업으로 육성하기 위해 생산자단체, 농협, 농촌진흥청, 산림청 등으로 구성된 대책반 논의를 통해 「양봉산업 육성 종합대책」을 마련하였다고 밝혔다.&nbsp;&nbsp;농식품부는 ①생산성 향상, ②고부가가치 신제품 개발, ③제도 개선, ④교육시스템 개선 등에 정책역량을 집중하여 국내 양봉산업의 경쟁력을 높이는 한편,&nbsp;&nbsp;생산량 증대, 고부가가치 제품개발 등을 통해 &rsquo;15년까지 양봉산업 규모를 7천억 원 수준으로 확대시켜 나갈 계획임을 밝혔다.&nbsp;아울러, 꿀벌이 자연생태계에 미치는 공익적 가치를 고려하여 전 세계적으로 사라지고 있는 꿀벌의 개체 수 확대 등을 위해 생산자단체 등과 공동으로 꿀벌 살리기 캠페인도 적극적으로 추진할 계획이다.&nbsp;&nbsp;&nbsp;꿀벌 살리기 캠페인의 국민 참여 확대를 위해 양봉산물 시식행사, 허니허니데이(5.21일 부부의 날) 행사, 도시민 1가구 1벌통 갖기 운동, 내 꿀벌 나무가꾸기 운동 등을 추진할 계획이다.&nbsp;또한, 농식품부는 봄철 이상 기온으로 피해를 입은 양봉 농가의 경영안정을 위해 경영안정자금 상환기간을 1년간 연장하고, 농축산경영자금 240억원을 신규로 지원할 계획임을 밝혔다.&nbsp;농식품부는 관련 기관별로 역할을 분담하고 상호 협조체계를 구축하여 종합대책을 원활히 추진해 나갈 계획이다.&nbsp;&nbsp;농협중앙회와 양봉조합은 판매조직 구축, 선유꿀(농협중앙회 브랜드) 점유율 확대, 농가교육 등을 추진하고&nbsp;&nbsp;양봉협회는 민간브랜드의 규모화(60여개 &rarr; 4&sim;5개), 우수 꿀벌 선발 보급, 양봉 대표조직 육성 등을 추진한다.&nbsp;&nbsp;농촌진흥청은 꿀벌 종자개량 및 보급, 전문 육종장 육성, 고부가가치 신제품 및 병해충 방제기술 개발?보급 등을 담당하고,&nbsp;&nbsp;산림청은 밀원수 다양화 및 확대, 도단위 군락지 시범&middot;운영, 경제적 가치 밀원수 연구 개발 등을 담당할 계획이다.&nbsp;한편, 양봉산업이 녹색성장 생명산업으로 발전해 나가기 위한 국민적 공감대를 형성과 분위기 확산을 위해 오는 8월말 양봉농가, 전문가, 농협, 협회, 정부 등이 참여하는 양봉산업 심포지엄을 개최하여 기관별 역할과 세부추진계획 등을 발표하고 공개토론을 가질 계획이다.(2010.7.26, 농림수산식품부 홈페이지 보도자료)http://mifaff.korea.kr/gonews/branch.do?act=detailView&amp;type=news&amp;section=b_sec_1&amp;dataId=155628470",양봉산업육성대책.hwp,http://www.fact.or.kr/action.do?action=farmtech%24file&seq=219&file_seq=1,2010.07.26,이진필,219,양봉산업을 녹색성장 생명산업으로 육성하기 위한 「양봉산업 육성 종합대책」마련·추진,383
"- 사업 효율화, 선택과 집중 강화, 수직계열화 촉진농림수산식품부는 수직계열화 촉진, 선택과 집중 강화, 사업 통&middot;폐합 및 효율화 등을 골자로 한 &ldquo;산지유통 사업체계 개선방안&rdquo;을 확정?발표하였다.&nbsp;○ 기존 산지유통 관련 사업들이 중첩된 지원구조와 정책 간 연계성 부족으로 시너지 효과를 내지 못할 뿐 아니라, 오히려 조직화&middot;규모화를 저해하는 역효과를 내고 있다고 판단했기 때문이다.&nbsp;개선방안은 산지유통조직을 공동계산매출액 기준으로 등급을 세분화하고, 정부자금 지원 3년 후 등급 승급을 못할 경우, 자금지원을 중단한다는 방침을 담고 있다.&nbsp;○ 반면, 우수조직에 대해서는 무이자 인센티브자금 등 지원 금액이 대폭 확대된다.&nbsp;○ 농식품부는 이를 통해 실적부진 조직이 우수 상위등급 조직의 산하계열조직으로 편입되는 산지유통조직 간 수직계열화를 촉진시킨다는 구상이다.&nbsp;또한, 산지관련 다양한 사업을 &ldquo;산지유통활성화사업(산지조직육성 기본사업)&rdquo;과 연계되도록 개선할 계획이다.&nbsp;○ 먼저, &ldquo;시군유통회사사업&rdquo;은 &ldquo;광역유통주체 육성사업&rdquo;으로 바꾸고, 산지유통활성화사업 조직 중 기업적 경영방식(출자비례 의결권), 전문CEO 책임경영체제 등 일정요건을 갖춘 대형조직이 지원할 수 있도록 했다.&nbsp;○ 원예&middot;과실브랜드 육성사업과 농산물산지유통센터(APC)&middot;거점APC&middot;물류표준화사업&middot;표준규격공동출하사업 등 개별사업도 일정등급 이상의 산지유통조직에 한해 신청자격을 부여하기로 했다.&nbsp;아울러, 사업 통합관리 시스템을 도입하는 한편, 유사사업 간 통&middot;폐합도 적극 추진할 계획임을 밝혔다.&nbsp;○ 우선, 개별사업 별로 지원되고 있는 자금을 일괄 신청&middot;지원하도록 하는 통합 매뉴얼 방식이 도입된다. &nbsp;&nbsp;○ 채소&middot;과실수급안정사업(계약재배사업)의 경우는, 수급불안 정도 등 품목별 특성 분석을 토대로, 지원조건(무이자)을 산지유통활성화사업(금리 1&sim;3%)과 선별적으로 통합하기로 했다.&nbsp;○ 유통시설 지원 사업(APC, 거점APC 등)도 앞으로는 지자체의 先 산지유통시설 종합계획(시설별 권역 구분 포함) 수립&middot;평가를 전제로 지원된다.&nbsp;박현출 농식품부 식품산업정책실장은 &ldquo;농산물 시장개방 확대, 소비지 대형유통업체 영향력 확대 등 유통환경 변화를 고려할 때, 산지 조직화&middot;규모화는 더 이상 미룰 수 없는 절박한 과제&rdquo;라며,&nbsp;○ &ldquo;산지가 서로 단결하여 힘을 키우지 않는다면, 생산자는 영원히 약자로 남을 수밖에 없다&rdquo;고 강조했다.(2010.7.16, 농림수산식품부 홈페이지 보도자료)http://mifaff.korea.kr/gonews/branch.do?act=detailView&amp;type=news&amp;section=b_sec_1&amp;dataId=155602843",산지유통사업개편.hwp,http://www.fact.or.kr/action.do?action=farmtech%24file&seq=218&file_seq=1,2010.07.19,이진필,218,산지유통 사업체계 개선방안 확정,385
"녹색사업단에서는 산림의 환경기능 증진을 위한 &#65378;2011년도 녹색자금 지원사업&#65379;을 다음과 같이 공모합니다.□ 사업개요1. 사업명 : 2011년도 녹색자금 지원사업2. 사업기간 : 2011.1～2011.123. 지원방식 : 보조지원4. 모집방식 : 일반 공모□ 공모사업 범위 : 4개 분야1. 녹색공간 조성사업 : 7,713백만 원ㅇ 소외계층을 위한 숲 조성 및 프로그램 개발사업2. 녹색나눔숲 조성사업 : 4,000백만 원ㅇ 생활권역 내 장애인 등의 이용이 가능한 숲 조성3. 녹색체험 교육사업 : 700백만 원ㅇ 녹색체험 교육사업(소외계층, 청소년, 사회인 등)4. 녹색홍보&#65381;문화사업 : 1,200백만 원ㅇ 기획홍보, 영상물제작, 컨텐츠개발&#65381;보급, 시상 등□ 응모자격 및 심사기준 : 사업단 홈페이지 공고문 참조(http://www.kgpa.or.kr)□ 행정사항1. 응모기한 : 2010. 8. 13.(금) 17:00까지2. 응모방법 : 사업단 홈페이지 온라인 접수(마감일까지 접수분에 한하여 유효)3. 응모 제출 서류ㅇ 2011년도 녹색자금 지원사업 제안서(소정양식) 1부※ 제안서 및 작성에 관한 사항은 사업단 홈페이지에서 다운받아 사용하시기 바랍니다.4. 유의사항ㅇ 사업제안서 제출 시 세부 사업내용을 포함한 기본계획(안)을 제출하여야 합니다.ㅇ 선정된 사업자와 &lsquo;사업수행 협약&rsquo;을 체결하며, 체결과정에서 포기/탈락사업 발생 시 차순위 사업자를 선정할 수 있습니다.ㅇ 필요할 경우 사업신청자로부터 제안사업에 대한 설명을 받을 수 있습니다.ㅇ 국가&#65381;지자체 예산사업 성격의 사업은 제외됩니다.□ 심사결정 통보ㅇ 2010년 9월 중 사업단 홈페이지 게재 및 개별 통지(심사일정에 따라 변동될 수 있음)□ 기타1. 제출된 서류는 반환치 않음.2. 기타 자세한 사항은 홈페이지 참조 및 녹색사업단으로 문의하여 주시기 바랍니다.(☎ : 042-603-7315, 7312), (FAX : 042-603-7310)2010. 7. 14.(수)녹색사업단 (2010.7.13, 녹색사업단 홈페이지)http://www.kgpa.or.kr/boards/view/notice/20900",2010.07.15,이진필,217,2011년도 녹색자금 지원사업 공모,407,산지유통 사업체계 개선방안 확정,385
"- 퇴비 품질등급제 도입으로 퇴비의 품질향상 기대농림수산식품부는 &lsquo;10. 7. 1일부터 지원되는 퇴비에 대하여 품질등급을 포장지에 표시하도록 하고, 아울러 정부지원 보조금도 품질등급에 따라 차등 지원한다고 밝혔다.&nbsp;&nbsp;○ 퇴비 종류별(가축분퇴비, 일반퇴비)로 3등급으로 품질등급을 분류하고, 정부보조금은 품질등급과 퇴비종류를 고려하여 차등(1,200원～700원/20kg) 지원한다.&nbsp;퇴비의 등급은 유기물&middot;수분&middot;무기물함량 및 부숙도 등 품질항목과 중금속(8종) 잔류허용 기준의 안전성 항목을 평가하여 구분한다.&nbsp;&nbsp;○ 유기물?수분 및 무기물함량을 각각 점수화하여 등급을 평가하는데, 퇴비는 토양에 유기물 공급이 목적이므로 유기물함량은 높을수록, 무기물은 낮을수록 좋다. 수분은 미생물 생활환경에 적정한 수준(40～45%)이 가장 좋다.&nbsp;&nbsp;&nbsp;&nbsp;* 등급기준 : 1등급(17～23점), 2등급(12～16점), 3등급(11점 이하)&nbsp;&nbsp;&nbsp;&nbsp;* &ldquo;비료공정규격 설정 및 지정&rdquo; 고시를 개정(&lsquo;10.3.29)하여 부숙도 기준을 신설하고, 중금속 기준을 대폭 강화함&nbsp;또한, 퇴비의 품질과 종류에 관계없이 일률적으로 정액(1,160원/20kg) 지원하던 정부보조금을 품질등급제의 실효성을 거두기 위해서 등급제와 연계하여 차등 지원한다.&nbsp;&nbsp;○ 퇴비의 종류를 가축분퇴비와 일반퇴비로 구분하여 비료종류별로 3등급으로 품질등급을 분류하고, 지원단가는 품질등급과 퇴비종류를 고려하여 6개로 구분하여 차등 지원한다.&nbsp;&nbsp;&nbsp;&nbsp;* 지원기준 : 가축분 퇴비(1등급 1,200원, 2등급 1,100, 3등급 900) 일반 퇴비(1등급 1,000원, 2등급 900, 3등급 700)&nbsp;퇴비 품질등급제 및 가격차등제 시행에 따라 농가에서는 포장지의 등급을 보고 쉽게 퇴비의 품질을 알 수 있게 된다. 또한 품질이 좋은 퇴비에 대하여는 인센티브를 제공함으로써 국내 퇴비의 품질이 단기간 내에 향상될 것으로 기대된다.&nbsp;&nbsp;○ 농식품부는 포장지의 표시 품질등급이 제대로 지켜지는지를 지자체를 통하여 수시로 점검하여, 위반한 업체에 대해서는 정부지원 공급량 감축 등 다양한 패널티를 부과할 계획이다.&nbsp;농식품부는 자원순환 농업 정착과 지속 가능한 농업을 위해서 앞으로도 양질의 퇴비 공급을 확대하고, 퇴비의 안전성과 품질기준을 지속적으로 강화해 나갈 계획이라고 밝혔다.&nbsp;&nbsp;○ &lsquo;13년 친환경농산물 생산비율 10% 목표 달성과 화학비료 사용량 감축을 위해서 양질의 퇴비를 &rsquo;10년 250만톤에서 &lsquo;15년까지 350만톤 수준으로 지속적으로 확대 공급할 계획이다.&nbsp;&nbsp;○ 퇴비의 원료로 사용되는 톱밥 등에 대한 규격과 안전성 기준을 마련하고, 원료 및 완제품에 대한 이력을 추적할 수 있도록 원료수불대장 및 판매대장 의무비치 등 세부적인 품질관리 대책도 병행하여 추진한다. (2010.7.14, 농림수산식품부 홈페이지 보도자료)http://mifaff.korea.kr/gonews/branch.do?act=detailView&amp;type=news&amp;section=b_sec_1&amp;dataId=155593506",2010.07.15,이진필,216,퇴비를 품질등급 표시판매 및 등급별 차등지원,467,산지유통 사업체계 개선방안 확정,385
"유기농법을 사용하여 생산해낸 계란이나 일반적인 방법을 통해 생산된 계란이나 그 품질에 있어서는 사실상 차이가 없다는 사실이 미국 농업연구청(Agricultural Research Service, ARS)에서 진행된 연구 결과 밝혀졌다.ARS 계란 안전성 및 품질연구실(Egg Safety and Quality Research Unit) 소속 식품학자인 Deana Jones 연구팀은 걔란의 품질과 관련된 여러가지 연구를 진행한 결과 평균적으로 볼 때 계란의 종류별로 그 품질에 있어서는 실제로 차이가 없기 때문에 특별히 고급 계란을 구입했다 하더라도 다른 계란과 비교하여 그 품질은 거의 유사하다는 사실을 보고하였다.(후략) (한국과학기술정보연구원 정보분석본부) http://mirian.kisti.re.kr/global/global_v.jsp ",2010.07.12,이진필,215,"비싼 계란들의 품질, 과연 우수한가?",500,산지유통 사업체계 개선방안 확정,385
"- 첨단유리온실 시범사업 본격적 추진을 위한 사업협약 체결농림수산식품부는 7월 7일(11:00～12:00) 화성시청에서 화성시, 한국농어촌공사, (주)세이프슈어 등 4개 기관과 「첨단유리온실 시범사업」의 성공적 추진을 위한 사업협약을 체결한다고 밝혔다.&nbsp;○ 첨단유리온실 시범사업은 경기도 화성시 소재 화옹간척지구에 15ha 부지 내에 10ha 규모로 건립될 예정이며, 정부는 간척지에 인프라를 조성하여 주고, 민간이 유리온실 시설을 투자하는 방식으로 추진하게 된다.&nbsp;농식품부와 농어촌공사는 30년 이내의 간척지 임대지원 및 첨단유리온실이 간척지에 들어설 수 있도록 기반공사 등 인프라 조성사업을 수행하게 되다.&nbsp;○ 화성시는 각종 인&middot;허가 절차 및 행정적 지원과 단지 진입로 개설 등 기반시설을 지원하고, 사업자로 지정된 (주)세이프슈어는 수출지향적, 에너지절감형 첨단유리온실을 건립하게 된다.(2010.7.6, 농림수산식품부 홈페이지 보도자료)http://mifaff.korea.kr/gonews/branch.do?act=detailView&amp;type=news&amp;section=b_sec_1&amp;dataId=155577831",첨단유리온실.hwp,http://www.fact.or.kr/action.do?action=farmtech%24file&seq=214&file_seq=1,2010.07.09,이진필,214,경기 화성에 첨단유리온실 들어선다,567
"&lsquo;10.7.8(목), 제65차 비상경제대책회의에서 &ldquo;농&middot;공&middot;상 융합형 중소기업 육성전략&rdquo; 확정&lt;&nbsp;대책 주요 내용 &gt;◆ &lsquo;12년까지 농&middot;공&middot;상 융합형중소기업 300개, 일자리 5,000여개 창출① (정책금융시스템) &lsquo;12년까지 최대 5,000억원 수준의 농식품 모태펀드조성, 농림수산업자 신용보증&middot;기술신용보증기금 특례 마련 등②(농식품산업특구개발) 농식품산업에 특화된 &lsquo;산업특구제도&rsquo; 개발③(R&amp;D 투자 강화) &lsquo;12년까지 400개 과제에 1,000억원 지원 목표④기초원천, 산업화기술의 중소기업 이전 및 신속한 특허&middot;인증 획득 지원⑤(창업촉진&middot;규제완화) 농수산물 가공처리용 파일럿플랜트(&lsquo;12년까지 12개소) 확충, 융합기업 창업촉진센터(&lsquo;12년까지 17개소)설치, 공장설립 간소화, 소규모 제조&middot;가공업체 환경규제 완화 등⑥ (시장확대 지원)테스트코너 및 특별판매장 설치, 해외 수출지원기관 연계 강화 등 (2010.7.8, 농림수산식품부 보도자료)http://mifaff.korea.kr/gonews/branch.do?act=detailView&amp;type=news&amp;section=b_sec_1&amp;dataId=155586485",농공상 비대위.hwp,http://www.fact.or.kr/action.do?action=farmtech%24file&seq=213&file_seq=1,2010.07.09,이진필,213,"‘12년까지 농·공·상 융합형 중소기업 300개 육성, 서민층을 위한 직·간접 일자리 5,000여개 창출키로",470
"2010년도 가축분뇨 에너지화 시범사업자를 2개소(정읍, 영광)를 선정한 바 있으며, 금번 나머지 1개소에 대한 시범사업자 선정 계획을 첨부와 같이 알려드립니다.(2010.7.8, 농림수산식품부 홈페이지 공지공고)http://www.mifaff.go.kr/USR/BORD0201/m_156/DTL.jsp?id=B10301010&amp;cate=&amp;key=subject&amp;search=&amp;search_regdate_s=&amp;search_regdate_e=&amp;order=&amp;desc=asc&amp;srch_prc_stts=&amp;pg=1&amp;mode=view&amp;idx=27261",가축분뇨 에너지화 시범사업자 선정계획(3차).hwp,http://www.fact.or.kr/action.do?action=farmtech%24file&seq=212&file_seq=1,2010.07.09,이진필,212,가축분뇨 에너지화 시범사업자 선정 계획(3차),474
"저탄소 녹색성장 사업의 하나로 추진중인 가축분뇨 에너지화 시범사업의 성공적인 추진을 위하여 「가축분뇨 에너지화 공법 및 기본설계 제안」을 받고자 하니 공모에 참여하고자 하는 자는 첨부파일을 참고하여 해당 시군에 신청하여 주시기 바랍니다.(2010.7.8, 농림수산식품부 홈페이지 공지공고)http://www.mifaff.go.kr/USR/BORD0201/m_156/DTL.jsp?id=B10301010&amp;cate=&amp;key=subject&amp;search=&amp;search_regdate_s=&amp;search_regdate_e=&amp;order=&amp;desc=asc&amp;srch_prc_stts=&amp;pg=1&amp;mode=view&amp;idx=27260 ",2010.07.09,이진필,211,가축분뇨 에너지화 공법 및 기본설계 제안서 신청 공모(정읍시/영광군),293,가축분뇨 에너지화 시범사업자 선정 계획(3차),474
"농림수산식품부는 쌀 수급 안정화 방안으로 쌀 재고과잉 해소를 위해 정부와 농협이 보유하고 있는 2005년산 묵은쌀에 대해 사료용 특별공급을 적극 검토하고 있다고 밝혔음&nbsp;○ 2005년산 묵은 쌀은 장기보관에 따른 품위저하로 밥쌀로 사용하기 어렵고, 현재도 대부분 주정용 이외에는 특별한 용도가 없는 점과 일본도 재고미를 사료용으로 사용하고 있는 점 등을 종합적으로 감안한 조치임&nbsp;&nbsp;&nbsp;&nbsp;* 일본 : &lsquo;90년부터 재고미를 사료용으로 사용(&rsquo;04～&lsquo;06년 연평균 228천톤)&nbsp;○ 사료업계는 연간 사용가능 수요량을 약 36만톤(월 3만톤) 정도로 추정하고 있음&nbsp;사료용으로 공급할 경우, 주정용 공급가격보다 kg당 약 20～50원 비싸 정부 재정측면에서 유리하고, 재고관리비용도 절약될 것으로 예상&nbsp;○ 부가적으로 사료용 옥수수 수입대체 효과도 있어 외화절약도 가능&nbsp;내년도 사료용 사용 여부는 금년도 실시결과와 쌀 수급상황, 국제 곡물가격 등을 종합적으로 고려하여 추후 결정할 계획임",사료용쌀.hwp,http://www.fact.or.kr/action.do?action=farmtech%24file&seq=210&file_seq=1,2010.07.06,이진필,210,2005년산 묵은쌀“사료용”특별 공급 적극 검토,313
"농림수산식품부는 &lsquo;제9회 친환경유기농무역박람회 2010&rsquo;이 7.2(금)～4(일)까지 서울 COEX 3층 홀C에서 개최된다고 밝혔다.&nbsp;이번 박람회는 국내외 유기가공식품 전시 확대, 정보 교류, 해외바이어 수출상담 등 경쟁력 제고의 기회가 될 것으로 예상된다.&nbsp;○ 친환경유기농축산물, 유기농 가공품(미용제품, 화장품), 유기농 농자재, 바이오 농업, 아토피 관련 제품, 건강차 등이 전시될 예정이다.&nbsp;○ 또한, 해외바이어(12개국, 30명)를 초청하여 친환경농산물 및 유기가공식품의 우수성을 알리고 전시부스 관람을 통한 국내업체 상담을 유도하여 수출 활로가 확대될 것으로 기대된다.&nbsp;병행행사로는 친환경유기화장품 특별관이 동시에 개최되며, 부대행사로는 우수상품 품평회, 유기가공식품 세미나, 블루베리 특별관, 주부대상 솜씨자랑 경연대회, 친환경유기농 화장품 컨퍼런스 및 유통바이어 초청설명회와 각종 체험행사가 열릴 예정이다.&nbsp;농식품부 관계자는 &ldquo;이번 박람회를 통하여 친환경농업이 2~3차 부가가치를 창출할 수 있는 농식품 산업으로 도약하는 계기가 될 것&rdquo;으로 전망했다.&nbsp;&lsquo;제9회 친환경유기농무역박람회 2010&rsquo;에 참관을 희망하는 참관객은 박람회 홈페이지 http://www.organicshow.co.kr에 접속하여 무료입장 사전등록을 하면 무료로 입장할 수 있다. (2010.6.28, 농림수산식품부 홈페이지 보도자료)http://mifaff.korea.kr/gonews/branch.do?act=detailView&amp;type=news&amp;section=b_sec_1&amp;dataId=155561872",2010 유기농 무역박람회.hwp,http://www.fact.or.kr/action.do?action=farmtech%24file&seq=209&file_seq=1,2010.06.30,이진필,209,제9회 친환경유기농무역박람회 2010 개최,374
"농림수산식품부는 2009년 한 해 동안 다른 용도로 전용된 농지면적이 22,680ha로 집계되었다고 밝혔다.&nbsp;○ 이는 2008년(18,215ha)에 비해 24.5%(4,465ha)가 증가한 규모로, 여의도 면적(약 848ha)의 약 27배에 해당하며 전국의 시&middot;군 &nbsp;중에서 경지면적이 열네 번째로 큰 전라남도 영암군의 전체 경지면적(22,699ha)과 비슷한 규모이다.&nbsp;○ 1995년 이후 연간 농지 전용면적은 1만 5천ha수준을 유지해왔는데, 2009년의 농지전용 면적은 가장 많은 농지가 전용된 2007년의 24,666ha에 이어 두 번째로 큰 규모이다.&nbsp;&nbsp;&nbsp;※ (&lsquo;05)15,659ha &rarr; (&rsquo;06)16,215 &rarr; (&lsquo;07)24,666 &rarr; (&rsquo;08)18,215 &rarr; (&lsquo;09)22,680&nbsp;&nbsp;&nbsp;※ 2007년에는 세종시&middot;혁신도시&middot;기업도시 등 대규모개발에 5,722ha 전용&nbsp;농림수산식품부는 2009년의 농지전용이 2008년보다 증가한 것은 도로&middot;철도 등 공공시설 설치와 산업단지 조성 등 공장 설치를 위한 농지전용이 많았기 때문이라고 설명했다.&nbsp;○ 농지가 전용된 용도별로 보면, 도로&middot;철도 등 공공시설에 9,427ha, 산업단지 등 공장설치에 5,370ha가 전용되어 공공시설과 공장 설치를 위한 농지전용이 14,797ha로 전체 농지전용 면적의 65%를 차지했다.&nbsp;○ 도로&middot;철도&middot;항만 등 공공시설 설치를 위한 농지전용은 고속도로 신설, 호남고속철도 및 동해선철도 신규 착공 등에 따라 증가한 것으로 분석된다.&nbsp;&nbsp;&nbsp;&nbsp;* 공공시설 : (&lsquo;00) 4,059ha &rarr; ('05) 7,396 &rarr; ('08) 8,369 &rarr; ('09) 9,427&nbsp;&nbsp;※ 1」 울산-포항간 고속도로 : 농지면적 100ha(진흥지역 38)&nbsp;&nbsp;&nbsp;&nbsp;&nbsp;2」 호남고속철도(오송-광주) : 농지면적 447ha(진흥지역 250)&nbsp;&nbsp;&nbsp;&nbsp;&nbsp;3」 동해선(울산-삼척간) 복선전철 : 농지면적 373ha(진흥지역 211)&nbsp;○ 지난 해에는 국가산업단지(4개소)와 일반산업단지의 조성 등으로 공장 설치를 위한 농지전용이 2008년에 비해 두 배 이상 증가 하였다.&nbsp;&nbsp;&nbsp;&nbsp;* 공업시설 : (&lsquo;06) 1,334ha &rarr; ('07) 2,249 &rarr; ('08) 2,490 &rarr; ('09) 5,370&nbsp;&nbsp;※ 국가산업단지(2009년, 4개소) : 대구 사이언파크, 광주&middot;전남 빛그린, 구미 하이테크밸리, 포항 블루베리 등에 포함된 농지면적 1,450ha(농업진흥지역 517ha)&nbsp;반면에, 택지개발을 위한 농지전용은 2008년에 비해 소폭 증가에 그쳤고, 농어업용시설 설치를 위한 농지전용은 감소 추세가 계속 되었다.&nbsp;○ 농어업용시설 설치를 위한 농지전용의 감소는 2007년 7월부터 &nbsp;축사부지를 농지의 범위에 포함시키는 내용으로 농지법을 개정&middot;시행한 데 따른 것이다.&nbsp;&nbsp;※ 주거시설 : (&lsquo;06) 3,517ha &rarr; ('07) 3,949 &rarr; ('08) 2,424 &rarr; ('09) 2,632&nbsp;&nbsp;&nbsp;&nbsp;&nbsp;농어업용시설 : (&lsquo;06) 2,442ha &rarr; ('07) 1,570 &rarr; ('08) 893 &rarr; ('09) 849&nbsp;한편, 지난 해에는 농업진흥지역 농지가 8,551ha(38%), 농업진흥지역밖 농지가 14,129ha(62%) 전용되었는데,&nbsp;○ 이처럼 농업진흥지역 농지전용이 증가한 것은 농업진흥지역의 농지가격이 상대적으로 낮아 산업단지&middot;택지 등 대규모 개발수요가 집중되고, 농업진흥지역의 농지를 전용할 경우 이에 상응하는 면적의 농지를 농업진흥지역으로 대체 지정하는 제도가 2008년 6월 폐지되었기 때문이다.&nbsp;&nbsp;※ 진흥지역 농지전용 : (&lsquo;05) 4,123ha (&lsquo;06) 3,953 ('07) 9,688 ('08) 4,145 ('09) 8,551&nbsp;○ 농업진흥지역에서는 산업단지 개발이나 택지조성을 할 수 없지만, 농업진흥지역을 해제하여 이러한 시설의 설치가 가능한 용도지역으로 지정한 후 개발하는 것은 가능하다.&nbsp;농림수산식품부는 국토의 균형개발에 필요한 농지전용절차를 간소화하되, 식량의 안정적 공급을 위해 우량농지를 최대한 보전해 개발과 보전이 조화를 이루도록 해 나가겠다고 밝혔다.&nbsp;○ 개발용지는 도시지역&middot;계획관리지역 등의 농지가 우선적으로 전용되도록 하고, 농업진흥지역의 농지는 공공시설 등 불가피한 경우에 한해 제한적으로 전용을 허용한다는 계획이다.(2010.6.28, 농림수산식품부 홈페이지 보도자료)&nbsp;",2009년 농지전용실적.hwp,http://www.fact.or.kr/action.do?action=farmtech%24file&seq=208&file_seq=1,2010.06.30,이진필,208,2009년 한 해 동안 농지 2만 3천ha 타용도로 전용,336
"- 7. 1(목)~4(일) 서울 코엑스 개최, 신나는 농산어촌 휴가정보 풍성도시에서는 느껴볼 수 없는 이색 체험들로 도시민들의 마음을 사로잡을 국내 숨은 여행지들이 한자리에 모이는「2010 농어촌 여름휴가 페스티벌」(www.huegafestival.com)이 농림수산식품부 주최, 한국농어촌공사 주관으로 7월 1일(목)부터 4일(일)까지 서울 삼성동 코엑스 전시장에서 열린다.○ 강원도 삼척 장호어촌마을 등 160여 농산어촌 체험마을과 경기, 전남, 화천군, 금산군, 무안군 등 12개 지방자치단체가 참여하여 우리 농어촌의 아름다운 자연과 문화 등 다양한 정보를 제공하고 직접 체험해 보게 하여 도시민의 휴가고민을 한방에 해결할 계획이다.&nbsp;이번 행사에서는 지역특색에 따라 달라지는 농어촌체험마을의 이색 체험프로그램을 크게 &lsquo;자연이 살아 있는 마을&rsquo;, &lsquo;옛 정취가 있는 마을&rsquo;, 특별한 추억이 있는 마을&lsquo;, &lsquo;맘껏 놀 수 있는 마을&rsquo; 등으로 분류하여 도시민들의 휴가지 기호에 부응할 계획이다.○ 자연이 살아있는 마을로는 감식초 만들기 체험과 자연생태습지를 관찰할 수 있는 경남 창원 감미로운 단감마을과 축령산 편백숲 피톤치드로 아이들 아토피 완화에 도움을 주는 전남 장성 홍길동 숲마을 등이 있다.○ 옛 정취의 향수가 있는 마을로는 경북 봉화 닭실마을로 한문 서예에 조예 깊은 훈장님께 예절&middot;인성교육을 받는 서당체험이 가능하다.○ 자녀에게 특별한 추억을 마련해주고 싶다면 충남 청양군 칠갑산 산꽃마을에서 &lsquo;워낭소리&rsquo;가 있는 소달구지를 타고 가서 미꾸라지를 잡는 것은 자녀들에게 잊지 못할 소중한 추억을 만들어 줄 것이다.○ 자연과 함께 맘껏 놀고 싶다면, 쏘가리와 다슬기 잡기를 하는 충북 영동군 비단강숲마을과 오징어맨손잡기체험을 하는 강원도 속초시 장사어촌체험마을 등을 주목할 만하다.&nbsp;매일 무대에서 열리는 &lt;체험마을 하우머치&gt; 이벤트는 마을운영진이 직접 &lsquo;쇼호스트&rsquo;가 되어 마을과 여름휴가 상품을 소개&middot;판매하는 코너로서 할인, 덤 등의 패키지를 구성하여 현장관람객의 예약도 유도한다.&nbsp;한편 G-20 정상회의 유치와 관련하여 대한민국 농어촌을 세계에 알리기 위해 대한민국 대표 농어촌 지역 20개소를 선정하여 「Rural-20 홍보관」을 설치한다. 이 홍보관에서는 국내 체류 중인 외국인을 초청하여 농어촌체험행사를 갖고 이를 세계에 홍보한다.&nbsp;공동체험장에서는 어린이들이 도시생활에서 쉽게 접촉해보지 못한 동물 및 곤충을 직접 만져보고, 병아리장 및 풀반지만들기, 풀피리 연주 등 전통문화, 고누 및 비석치기 등 민속놀이를 체험할 수 있고○ 8도 카페테리아에서는 쌀엿, 삶은 감자, 홍삼아이스크림 등 8도에서 준비한 음식들을 맛볼 수 있다.&nbsp;「2010 농어촌 여름휴가 페스티벌」은 기존의 정보제공 형태 행사에서 한 걸음 더 나아가 삼촌과 도시민이 함께 어우러질 수 있는 친근하고 생동감 넘치는 축제의 장이 될 것이다.○ 농촌, 산촌, 어촌을 아우르는 &lsquo;삼촌&rsquo;은 각 지역의 특색에 어울리는 삼촌과 이모 캐릭터를 통해 행사장 전반 운영에서 매개체 역할을 하며, 체험마을에 도시민을 초대하는 주체로 도시민에게 정(情)을 나누어 주고 함께 즐기는 체험의 주체로 활용된다.○ 전시장 구성도 기존의 단조로운 시스템 부스에서 스토리텔링이 있는 팝업부스로 만들어 마을과 지자체의 경관 및 전통문화 등을 나타내는 오브제와 함께, 각 마을과 지자체의 특징을 생동감 있게 표현하여 관람객의 흥미를 더욱 높일 것이다.&nbsp;개막식 또한 기존의 단순한 테이프컷팅이나 터치버튼의 형태에서 벗어나, 일반 전시회에서는 드물게 오프닝 퍼포먼스로 진행한다.○ (주)상상공작소 노승국 대표가 총예술감독을 맡아 기획?연출한 &nbsp;&lsquo;대한민국의 아침&rsquo;을 재현하는 이 퍼포먼스는 농어촌체험마을에 아침이 밝아오는 모습을 떠오르는 태양의 정기와 대형 닭 조형물(높이 7m, 폭 4m)을 가지고 활기찬 농어촌의 아침을 여는 모습을 배우들이 연출한다.○ 페스티벌의 문을 열 주인공은 여름방학 때 농어촌에 가서 신나게 놀 어린이들(청와대 기자단)로 민승규 농식품부 차관과 함께 개막식을 진행하고, 민승규 차관 인터뷰와 병아리장도 직접 만들어 본다.&nbsp;이번 행사를 주최하고 있는 농림수산식품부 농촌정책국 정황근 국장은 &ldquo;2010 농어촌 여름휴가 페스티벌은 농어촌에 관심을 가진 사람들은 누구나 부담없이 와서 &lsquo;情(정)&rsquo;이 넘치는 농산어촌을 보고, 즐기고, 느낄 수 있도록 마련하였으며, 앞으로 이러한 행사를 1사1촌 등 다양한 도농교류활동과도 연계하여 농어촌에 실질적인 혜택을 줄 수 있는 행사로 지속 발전시켜나갈 것&rdquo;이라고 말했다.(2010.6.29, 농림수산식품부 홈페이지 보도자료)http://mifaff.korea.kr/gonews/branch.do?act=detailView&amp;type=news&amp;section=b_sec_1&amp;dataId=155562365",2010.06.30,이진필,207,"도시에서 볼 수 없는 이색체험들 한자리에, 「2010 농어촌 여름휴가 페스티벌」개막",374,2009년 한 해 동안 농지 2만 3천ha 타용도로 전용,336
"- 농수산분야 관련 상호 입장 파악에 주력한-콜롬비아 FTA 제3차 협상이 6.14(월)～18(금), 서울 신라호텔에서 개최되었다.&nbsp;&nbsp;○ 농림수산식품부는 상품, 원산지, 위생&middot;검역 분과에 참석하여 관련 협상을 진행하였으며, 양국은 농수산 분야와 관련하여 적극적인 의견 교환을 통해 상호 입장을 파악하는 데 주력하였다.&nbsp;농수산물 양허와 관련하여 양국은 6월 초 교환한 양허 개선 요구안을 바탕으로 품목별 관심사항과 민감성을 설명하는 등 본격적인 논의를 진행하고, 차기 협상 전에 상품양허 수정안을 교환키로 하였다.&nbsp;&nbsp;○ 콜롬비아는 육류, 과일, 화훼류, 커피 등에 대한 시장접근 개선을 희망하였으며, &nbsp;&nbsp;&nbsp;○ 우리 측은 동 품목들의 국내 민감성 때문에 양허 개선이 어려움을 설명하고 예외적 취급을 강조하였다.&nbsp;한편, 상품협정문에 농업섹션을 별도로 구성하자는 콜롬비아 측 입장에 대해 우리 측은 양국 농산물 교역 규모가 크지 않은 점을 감안하여 불필요하다는 기존 입장을 견지하였다.&nbsp;제4차 협상은 10월 초 콜롬비아 보고타에서 개최될 예정이다.(2010.6.18, 농림수산식품부 홈페이지)http://mifaff.korea.kr/gonews/branch.do?act=detailView&amp;type=news&amp;section=b_sec_1&amp;dataId=155552091",한콜FTA 3차 협상 이은경.hwp,http://www.fact.or.kr/action.do?action=farmtech%24file&seq=206&file_seq=1,2010.06.21,이진필,206,한-콜롬비아 FTA 제3차 협상 결과,414
"- 국가 위기 경보 수준을 &ldquo;주의&rdquo;단계에서 &ldquo;관심&rdquo;단계로 하향농림수산식품부는 6.19일자로 구제역 방역을 위해 실시하였던 마지막 발생지 충남 청양 지역에 대한 이동제한을 해제한다.&nbsp;○ 이 지역은 지난 6.4일 이동제한 해제를 위한 정밀검사과정에서 한 농가의 가축(멧돼지 9두)이 항체 양성반응을 보임에 따라 이동제한 조치가 2주간 연장되었으며, 이후 지속적으로 임상관찰을 실시한 결과 이상이 없는 것으로 확인되어 마지막으로 이동제한이 해제되는 것이다.&nbsp;&nbsp;&nbsp;※ 지역별 해제일 : 강화. 김포. 충주 - 경계지역(5.27), 위험지역(6.7)&nbsp;&nbsp;&nbsp;&nbsp;&nbsp;&nbsp;&nbsp;&nbsp;&nbsp;&nbsp;&nbsp;&nbsp;&nbsp;&nbsp;&nbsp;&nbsp;&nbsp;&nbsp;&nbsp;&nbsp;&nbsp;&nbsp;&nbsp;&nbsp;&nbsp;&nbsp;&nbsp;&nbsp;&nbsp;&nbsp;&nbsp;&nbsp;&nbsp;&nbsp;&nbsp; 청양 - 경계지역(6.7), 위험지역(6.8, 6.14, 6.19)&nbsp;○ 이동제한 해제와 함께 그동안 폐쇄되었던 충남지역의 가축시장 8개소도 6.19일자로 개장된다.&nbsp;이번 이동제한 해제로 지난 4.8일 인천 강화에서 시작되어 5.6일까지 4개 시&middot;도, 4개 시&middot;군(인천 강화, 경기 김포, 충북 충주, 충남 청양)에 발생한 구제역 긴급상황이 72일(4.8&sim;6.18) 만에 종료되는 것이다.&nbsp;○ 이에 따라 농식품부는 6.19일자로 국가 위기 경보수준을 &ldquo;주의&quot; 단계에서 &ldquo;관심&quot; 단계로 하향 조정하고, 향후 추가 발생이 없을 경우 9월중에 OIE에 구제역 청정국 지위 회복 신청을 할 예정이다.&nbsp;&nbsp;&nbsp;※ 위기 경보 : 관심(Blue) &rarr; 주의(Yellow) &rarr; 경계(Orange) &rarr; 심각(Red)&nbsp;○ 아울러 구제역 발생으로 중단된 돼지고기&middot;유제품 등의 수출 재개를 위해 관련 국가와 협의도 추진한다.&nbsp;&nbsp;&nbsp;※ 구제역 발생상황, 매몰처리 현황, 예산 소요액 등 : [별첨 1]&nbsp;&nbsp;&nbsp;※ 과거 구제역 발생 및 방역상황 비교 : [별첨 2]&nbsp;하지만 농식품부는 일본&middot;중국&middot;동남아 지역 등 주변 국가에서 구제역이 계속 발생하고 있기 때문에 안심할 상황이 아니라고 보고, 평시보다 강화된 방역태세를 유지하기로 하였다.&nbsp;&nbsp;&nbsp;※ 일본 발생(4.9～6.17기준) : 발생 290건, 살처분 대상 199천두(실적 167)&nbsp;&nbsp;&nbsp;&nbsp;&nbsp;- 최근 동향 : 미야코노죠시(미야자키현 축산중심지, 소 7만두, 돼지 40만두. &lsquo;06년 축산 생산액 전국 1위)에서 신규 발생, 가고시마현 인접 지역까지 확산(미야자키현에서 52km)&nbsp;○ 이들 발생국으로부터 바이러스 추가 유입 방지를 위해 해외여행 축산농가 관리 강화, 발생국발 비행노선 등에 대한 검역 강화 등 구제역 발생시와 동일한 수준의 국경검역체계를 유지하고,&nbsp;○ 주 1회 일제 소독, 상시 예찰 및 축산농가에 대한 교육&middot;홍보 등 국내 방역활동도 지속적으로 추진할 계획이다.&nbsp;농식품부는 이번 구제역 발생을 계기로 국내 축산업 및 가축 방역체계를 한 단계 선진화시킨다는 계획이다.&nbsp;○ 이를 위해 구제역&middot;AI 등 악성 가축질병 발생 요인이 최소화될 수 있도록 축산환경 개선과 함께 평시 방역체계를 확립하고, 발생시 일사불란한 초동 방역체계 등을 갖추기 위한 &ldquo;가축질병 방역체계 개선방안&rdquo;을 마련하여 추진하기로 하였다.&nbsp;&lt; 가축질병 방역체계 개선방안 주요내용 &gt;&nbsp;① 예방 중심의 평시 방역체계 확립을 위한 축산환경 개선&nbsp;&nbsp;○ 차단방역, 환경&middot;분뇨관리 등 축산관련 기본 소양을 갖춘 자 &nbsp;만이 축산업을 영위할 수 있도록 축산업 면허제 도입&nbsp;&nbsp;○ 가축 거래상인에 대한 신고제 도입 및 축산업 등록대상 확대&nbsp;&nbsp;&nbsp;&nbsp;※ 등록 축종 확대 : 소, 돼지, 닭, 오리 &rarr; 모든 우제류&middot;조류&nbsp;&nbsp;&nbsp;&nbsp;※ 등록 농가 확대 : 사육시설 50&sim;300㎡ 초과 &rarr; 50㎡ 초과&nbsp;&nbsp;○ 축산농가가 외국인 근로자를 채용시 신고를 의무화하고 이를 위반할 경우 500만원 이하의 과태료 처분&nbsp;&nbsp;○ 축산농장에 출입하는 모든 차량(탑승자 포함) 및 관계자에 대해 소독과 기록관리를 의무화&nbsp;&nbsp;○ 악성 가축질병 발생국가를 여행한 축산농가는 입국시 공&middot;항만에서 검역관에 신고를 의무화&nbsp;&nbsp;○ 농장 소독장비 설치 및 소독 실시, 외국인 근로자 관리 등에 관한 의무 위반으로 구제역 등을 발생하게 하거나 확산시킨 농장주 등에 대한 보상금 삭감, 가축시설 폐쇄명령 근거 마련&nbsp;② 질병 발생시 신속한 초동 방역 등 대응태세 강화&nbsp;&nbsp;○ 초동단계부터 한층 더 신속하고 강화된 대응 조치가 이루어지도록 구제역 방역실시요령(고시), 가축질병 위기 관리 &nbsp;메뉴얼, SOP 등을 개정하여 위기단계별 대응조치 보완&nbsp;&nbsp;&nbsp;&nbsp;- 특히, 유사시 기반 축산시설에 대한 통제조치 강화와 구제역 확산의 원인이 되는 축산관련 종사자의 이동을 최소화&nbsp;&nbsp;&nbsp;&nbsp;&nbsp;&nbsp;&nbsp;* 기반 축산시설 : 국가 및 지자체 종축장, 농협 개량사업소 등&nbsp;&nbsp;&nbsp;&nbsp;&nbsp;&nbsp;&nbsp;* 축산관련 종사자 : 사료&middot;동물약품&middot;수의사&middot;인공수정사&middot;AI센터&middot;컨설팅&middot;축산기자재업체&middot;HACCP 관계자 등&nbsp;&nbsp;○ 지자체별 도상 훈련 등 실시 및 도상훈련 결과 등을 반영하여 지자체 공무원 워크숍 개최&nbsp;&nbsp;○ 방역과정에서 나타난 미비점 보완을 위해 구제역 방역실시요령(고시), 가축질병위기관리메뉴얼, SOP 개정&nbsp;③ 이동제한 및 폐쇄조치로 영업이 불가능해지는 수의사&middot;도축장 등에 보상금 지급 근거 마련 등 보상 관련 제도개선&nbsp;④ 종축 분산사업소를 추가 설치하여 종축 분산 관리체계 구축&nbsp;&nbsp;&nbsp;&nbsp;&nbsp;* 한우 : 서산, 무주 &rarr; 12년까지 2개소(경북, 대관령) 추가 조성&nbsp;&nbsp;&nbsp;&nbsp;&nbsp;* 젖소 : 경기 고양 &rarr; 11년까지 2개소(영양, 천안) 추가 조성□ 농식품부는 이 같은 &ldquo;가축방역체계 개선방안&rdquo;을 6월말까지 제도개선 T/F(팀장 : 식품산업정책실장) 논의를 거쳐 확정하고, 사안에 따라 즉시 SOP에 반영하거나 축산법령, 가축전염병예방법령 등 개정을 추진할 계획이다.□ 농식품부는 또한 효율적이고 일관된 국경검역 및 국내방역 체계 구축을 위해 농수산식품 검역&middot;검사기관(수의과학검역원, 식물검역원, 수산물품질검사원) 통합, 별도 기관 설립을 추진한다.&nbsp;○ 이는 외국과의 인적&middot;물적 교류 확대로 해외 질병 및 해충의 상시 유입이 우려되고 있고 국내 발생시 총력 대응으로 피해를 최소화할 필요성이 커지고 있으나,&nbsp;○ 검역&middot;검사 및 방역 업무가 기관별로 분리되어 있어 효율성이 떨어지고 있으므로 이들 기관을 통합하여 별도의 전문기관을 설립함으로써 시너지 효과를 창출하여 업무의 효율성을 높이고자 하는 것이다.□ 농식품부는 가축 이동제한과 가축시장 폐쇄, 도로에서의 차량 소독 등 그간의 방역조치로 어려움과 불편을 겪은 발생지역 축산농가와 주민, 그리고 방역에 적극 협조해 주신 국민 여러분께 감사의 뜻을 전함과 아울러 앞으로도 구제역 등 예방을 위해 적극적인 협조를 당부했다.□ 농식품부 관계자는 국민들에게 &lsquo;구제역 발생국가 여행과 외국 축산농장 방문을 자제하고, 입국 시 육류 등 축산물을 가지고 들어오지 말 것&rsquo;을 요청하였다.&nbsp;○ 특히, 축산농가에게는 &lsquo;긴장을 늦추지 말고 농장 소독&middot;예찰 등을 철저히 수행하고 구제역 의심 가축 발견 시 신속히 방역기관에 신고(1588-4060)해 줄 것과&nbsp;○ 구제역 발생국가 여행은 최대한 자제하고, 만약 이들 국가를 여행한 경우 입국 시 반드시 공&middot;항만에 상주하는 국립수의과학검역원 관계자에게 신고하여 소독 절차를 밟고, 5일 이내에는 축사에 출입하지 말 것&lsquo;을 당부하였다.□ 한편, 장태평 농림수산식품부장관은 6.20일 지난 1월 구제역 발생으로 사육하던 가축을 모두 땅에 묻어야 했던 포천의 한 축산 농가를 방문, 가축 재입식 상황을 살펴보고 해당 농가를 격려하기로 하였다.&nbsp;&nbsp;○ 또한, 양주&middot;동두천 지역을 방문, 이 지역의 축산농가 대표들이 참여하는 오찬 간담회를 열어 &ldquo;가축질병 방역체계 개선방안&ldquo;을 설명하고 축산농가들의 의견 청취와 아울러 적극적인 참여와 협력을 당부한다.(2010.6.18, 농림수산식품부 홈페이지 보도자료)http://mifaff.korea.kr/gonews/branch.do?act=detailView&amp;type=news&amp;section=b_sec_1&amp;dataId=155551265",구제역 브리핑자료.hwp,http://www.fact.or.kr/action.do?action=farmtech%24file&seq=205&file_seq=1,2010.06.21,이진필,205,구제역 관련 이동제한 모두 해제 축산환경·가축 방역체계 개선 추진,457
"- 건대추슬라이스, 스포츠한지의류, 숨쉬는 연잎밥, 영양고추세트, 황금울금, 상주곶감 등 좋은 평가를 받아 &nbsp;&ldquo;대추의 변신을 아시나요&middot; 과학적&middot;위생적인 방법으로 생대추의 씨를 뽑아 슬라이스로 건조시켜 과자처럼 아삭아삭, 씹는 느낌을 살린 건대추 슬라이스(사진)! 당도와 영양분이 그대로 살아있어 월드컵용 간식거리로 최고입니다.&rdquo;&nbsp;○ 이처럼 농어촌에서 지역의 농수축산물을 원료로 기술력을 갖고서 제품화하여 시장에서 호평받고 있는 제품들을 한자리에 모아 그 중에서도 좋은 평가를 받은 명품들을 골랐다.&nbsp;농림수산식품부는 5월 중순부터 전국 각 시?군으로부터 183개 상품을 추천받아 관련 전문가(1차) 및 바이어(2차)의 심사를 거쳐 45개 시&middot;군 58개 제품을 명품으로 선정하였다.&nbsp;○ 선정된 제품 은 7월 한 달 동안 웰촌포털(www.welchon.com) 등 인터넷 포털에서 네티즌의 투표를 통해 1시군 1명품으로 최종 선정할 예정이다.&nbsp;&nbsp;&nbsp;&nbsp;* 우수평가 제품 목록 : &lsquo;별첨&rsquo; 자료 참고&nbsp;전문가 심사에서는 상품성, 지역성, 역사&middot;문화성, 대중성 및 사회성 등 공급자적인 측면을 중심으로 평가하였고,&nbsp;○ 바이어 심사에서는 독창성, 시장성, 마케팅요소, 경쟁성, 지속성 등을 기준으로 소비자적 관점을 중심으로 평가하였다.&nbsp;이번 심사에 참여한 전문가와 바이어들은 최근 2~3년 동안 영세한 농어촌기업들이 제품의 기술성, 포장디자인 등에서 괄목할 만한 성장을 했으며, 이러한 추세가 3~5년간 지속된다면 머지않아 세계적인 제품이 탄생될 것이라 평가했다.&nbsp;○ 특히 이들 제품들은 지역의 농수축산물을 원료로 사용한다는 점에서 기업의 성장은 곧 농어업인들의 안정적인 소득증대와 직결된다는 점에서 매우 고무적인 현상임을 강조했다.&nbsp;1시군&middot;1명품으로 최종 선정된 제품들은「제2회 농어촌산업박람회(7.29~8.1, COEX)」에 전시하여 그 품질과 우수성을 널리 알릴 계획이다.(2010.6.16, 농림수산식품부 홈페이지 보도자료)http://mifaff.korea.kr/gonews/branch.do?act=detailView&amp;type=news&amp;section=b_sec_1&amp;dataId=155548966&nbsp;",2010 1시군 1명품.hwp,http://www.fact.or.kr/action.do?action=farmtech%24file&seq=204&file_seq=1,2010.06.21,이진필,204,"2010년 농어촌산업분야 1시군1명품, 58개 선정",467
"- 농업분야 비용절감 『경영혁신단』이 책임진다비용절감운동본부(위원장 성진근 교수)는 농업분야 비용절감운동을 현장으로 전파할 『경영혁신단』* 순회 워크숍을 6.15일 경북지역부터 개최한다고 밝혔다.&nbsp;* 경영혁신단 : 시군별 경쟁력 있는 작목반, 영농조합법인, 공선출하회 등에 소속되어 있고, 주 품목 소득이 상위 20% 이내인 우수 경영체 리더를 대상으로 비용절감운동본부에서 3,000명 선발&nbsp;&nbsp;* 6.15(경북), 6.22(충북), 6.23(충남), 6.24(전북), 6.29(강원), 7.2(제주), 7.7(전남), 7.8(경기), 7.9(경남)&nbsp;ㅇ 이번 경영혁신단 워크숍은 비용절감에 대한 공감대를 형성하고 비용절감운동의 필요성 등을 농업현장으로 조기 확산시키는데 목적이 있다.&nbsp;비용절감운동본부는 2차례 전체 위원회를 개최하여 비용절감 운동 추진 동력인 경영혁신단 3,000명을 선정한 바 있으며, 지자체?농협 관계자 워크숍을 통해 추진체계를 완비하였다.&nbsp;ㅇ 경영혁신단(3,000명)의 주된 역할은 자신이 보유한 비용절감 기법(Know-how)과 품질향상 신기술을 조직 내 다른 농가들에게 전파하여 농가 소득을 증대시키는 첨병 역할을 담당하게 된다.&nbsp;ㅇ 또한, 관련기관(농식품부, 지자체, 농협 등)에서도 비용절감 조기 확산을 위해 경영혁신단이 실천하는 비용절감 활동을 적극 지원해 나갈 계획이다.&nbsp;비용절감운동본부가 비용절감을 추진하게 된 배경은 &lsquo;05년 이후 농가소득 정체와 농업소득 감소의 주 요인이 농업경영비 증가에 기인한 것이라고 농식품부 관계자는 밝혔다.&nbsp;ㅇ 아울러, &ldquo;&lsquo;비용절감&rsquo;은 생산성 향상, 농업경영혁신과 동일한 개념이나 농업인들에게 친숙하게 다가간다는 차원에서 선택되었다&rdquo;고 설명하였다.&nbsp;농식품부는 초기 경영혁신단 활동을 통해 소득 수준이 높은 상위그룹의 농가 경영기법 등을 전체 그룹의 농가로 전파하는 모방단계에서 시작하여, 단계적으로 교육&middot;컨설팅을 통해 경영마인드를 확산시켜 나갈 계획이다.&nbsp;ㅇ 궁극적으로는 R&amp;D사업과 접목한 신기술 개발&middot;보급, 수익창출을 위한 투자 활성화 단계로 발전시켜 실질적인 농가 소득 증대로 이어지게 한다는 계획이다.(2010.6.14, 농림수산식품부 홈페이지 보도자료)http://mifaff.korea.kr/gonews/branch.do?act=detailView&amp;type=news&amp;section=b_sec_1&amp;dataId=155544476",비용절감 경영혁신단 워크숍.hwp,http://www.fact.or.kr/action.do?action=farmtech%24file&seq=203&file_seq=1,2010.06.15,이진필,203,"비용절감 운동으로 경영비는 낮추고, 소득은 Up하자!!",479
"&nbsp;6.14일자 연합뉴스의 &ldquo;한국 쌀 재고량 2년전보다 64% 급증할 것&rdquo; 제하의 보도 내용에 대해 일부 오해를 불러일으킬 소지가 있어 다음과 같이 설명 드립니다.【보도요지】&nbsp;연합뉴스는 미국 농무부 자료를 인용하면서 &ldquo;올해 한국의 쌀 재고량이 2008년 100만톤, 2009년 146만톤에 이어 2010년 164만톤에 이를 것으로 예상&rdquo;된다고 보도&nbsp;&nbsp;&middot; 2009년도 쌀 생산량 492만톤, MMA 물량 30만톤, 소비량은 475만톤으로 줄어 쌀 재고량이 146만톤으로 급증【쌀 재고량 전망】&nbsp;연합뉴스가 인용한 미국 농무부 자료 중 08/09연도는 &lsquo;09 양곡연도, 09/10연도는 &rsquo;10 양곡연도를 의미&nbsp;&nbsp;&middot; 따라서 미국 농무부 자료에서 &lsquo;09 양곡연도 재고량 100만톤은 사실과 같으며 &rsquo;10 양곡연도 재고량은 약 6만톤 차이&nbsp;&nbsp;&middot; 재고량을 인용하는 과정에서 회계연도와 양곡연도를 혼동한 것으로 보임&nbsp;정부는 양곡연도말 기준으로 연도별 전체 쌀 재고량을 2008년 68만톤, 2009년 100만톤, 2010년 140만톤으로 전망&nbsp;&nbsp;&nbsp;&nbsp;* 양곡연도는 전년도 11월 1일부터 해당연도 10월 31일까지임&nbsp;&nbsp;&middot; 정부는 쌀 소비대책을 적극 추진하여 미국 농무부에서 예측한 재고량보다 6만여톤이 줄어듬&nbsp;&nbsp;&middot; 2009년의 경우 생산량 484만톤, 수입량 26만톤, 소비량 479만톤으로 재고량은 100만톤(2010.6.14, 농림수산식품부 홈페이지 보도자료)http://mifaff.korea.kr/gonews/branch.do?act=detailView&amp;type=news&amp;section=b_sec_1&amp;dataId=155544927",2010 쌀재고량-미농무부.hwp,http://www.fact.or.kr/action.do?action=farmtech%24file&seq=202&file_seq=1,2010.06.15,이진필,202,2010년 전체 쌀 재고량은 약 140만톤 수준 전망,477
"-『농업인등의 농외소득 활동 지원에 관한 법률』, 6.10일 본격 시행농림수산식품부(장관 장태평)는 농외소득 활동 지원을 통해 농업인의 소득 증대에 실질적으로 기여하기 위한 목적으로 제정된 「농업인등의 농외소득 활동 지원에 관한 법률(이하 &lsquo;농외소득 활동 지원법&rsquo;)」을 6월 10일부터 시행한다고 밝혔다.&nbsp;이번 농외소득 활동 지원법 시행의 의의는 농업인의 농외소득 활동을 체계적으로 지원할 수 있는 제도적 기반을 마련하였다는데 있다.&nbsp;&nbsp;○ 농외소득 활동 지원법은 국가 및 지방자치단체에 농외소득 활동을 지원하기 위한 행정적?재정적 지원방안을 마련토록 책무를 부여하고 있다.&nbsp;&nbsp;○ 또한, 농외소득 활동에 필요한 인력&middot;기술&middot;정보&middot;기술 등을 포함하는 농외소득 활동 지원 종합계획을 5년 단위로 수립토록 함으로써 농외소득 정책을 일관성 있게 추진하기 위한 근거를 마련하였다.&nbsp;또한, 농산물가공시설 및 교육, 기술개발, 컨설팅 등을 지원하는 농산물가공기술활용센터 설치 근거를 마련함으로써 현장에서 농업인들이 농산물가공품을 생산하고 창업하는데 도움을 줄 수 있도록 하였다.&nbsp;다양하게 나타나고 있는 농외소득 활동을 파악하여 현실성 있는 농외소득 활동 지원정책을 수립하는데 기초자료를 제공할 수 있도록 실태조사를 실시한다.&nbsp;&nbsp;○ 농외소득 활동 지원법은 농외소득 활동에 대한 실태조사를 실시할 수 있는 근거를 정함으로써 체계적이고 일관성 있는 농외소득 지원정책 추진을 가능토록 하였다.&nbsp;농식품부 정황근 농촌정책국장은 &ldquo;농외소득 활동 지원법이 시행됨으로써 직접적인 법적 근거 없이 분산 추진되었던 농외소득 지원 사업들이 앞으로는 체계적이고 종합적으로 추진될 것&rdquo;이라고 말하면서,&nbsp;&nbsp;○ &ldquo;농외소득 지원 정책의 효율적인 추진을 위해 농림수산식품부 내부의 농외소득 관련 사업들을 통합 정비하고, 농업인의 농외소득 증대를 위한 부처간 협력 및 공동사업 체계를 구축하는데 힘써 나가겠다&rdquo;고 밝혔다.(2010.6.9, 농림수산식품부 홈페이지 보도자료)http://mifaff.korea.kr/gonews/branch.do?act=detailView&amp;type=news&amp;section=b_sec_1&amp;dataId=155539160",농외소득법.hwp,http://www.fact.or.kr/action.do?action=farmtech%24file&seq=201&file_seq=1,2010.06.11,이진필,201,"농외소득 활동, 정부가 지원합니다!",346
"남아프리카(South Africa) University of the Free State in Bloemfontein의 밀병리학자 Zacharias Pretorius등의 연구 결과에 따르면, Ug99 줄기 녹병균(stem rust)으로 알려진 두 가지 새로운 형태의 치명적인 밀 곰팡이가 남아프리카 공화국에서 관찰되었다.이 두 남아프리카 녹병균은 이 균이 밀에 뿌리내리지 못하게 하는 밀이 가진 저항성 유전자를 극복할 수 있다. 밀이 가지는 이 저항성 유전자는 감염 위치 주변의 식물세포를 죽게 함으로써 더 이상 확산되지 못하게 한다. 이 저항성 유전자는 밀이 가지는 가장 중요한 유전자에 속하는 두 개로 세계적으로 작물 교배 프로그램 작성에서 선택된다.&nbsp;이 연구에 따르면 새로운 유형의 녹병균에 대한 이번 발견은 핵심적인 유전적 저항성에 대항하여 병원성을 나타내는 줄기 녹병 곰팡이가 동아프리카 우간다에서 그 중심이 남쪽으로 이동한 최초의 사례에 해당된다. (후략) (2010.5.31, 한국과학기술정보연구원 정보분석본부)http://mirian.kisti.re.kr/gtb_trend/class_gtb/class_gtb_v.jsp?sub_menu=2&amp;cn=GTB2010050451&amp;dbt=TREND&amp;service_code=03&amp;user_id=betl2001 ",2010.06.01,이진필,200,악성의 밀 곰팡이 남 아프리카 침략,380,"농외소득 활동, 정부가 지원합니다!",346
"- 「농림수산식품투자조합 결성 및 운용에 관한 법률」시행령&middot;시행규칙 공포(5.26일)와 함께 전격 시행농림수산식품부(장관 장태평)는 금년 1.25일 제정 공포된 「농림수산식품투자조합 결성 및 운용에 관한 법률*」이 오는 5.26일 본격 시행됨에 따라,&nbsp;&nbsp;○ 투자관리전문기관의 지정요건, 농식품투자조합의 등록요건, 농식품투자조합의 투자의무비율 등 법에서 위임한 사항과 그 시행에 필요한 사항을 정한 시행령을 제정하였다고 밝혔다.&nbsp;&nbsp;○ 동 시행령은 1.25일 관계부처 협의를 시작으로 입법예고, 규제심사 및 법제처 심사, 차관회의(5.13), 국무회의 심의(5.18)를 거쳤고&nbsp;&nbsp;○ 법 시행일에 맞추어 공포와 동시에 시행규칙과 함께 관보에 개제될 예정이다.&nbsp;&nbsp;&nbsp;&nbsp;*농식품 분야의 전문화된 투자펀드 조성을 통해 농산업 전반에 민간자본 유치를 촉진하고 향후 성장잠재력이 높은 농어업경영체를 적극 육성하여 농어업분야의 경쟁력을 제고하기 위해 제정 (법률 제9953호)&nbsp;금번 시행령 등 하위법령 제정으로 생산, 유통, R&amp;D, 신성장동력분야 등 농림수산식품산업 전반에 걸쳐 민간자본을 활성화하기 위한 법적 기반이 마련되었다.&nbsp;&nbsp;○ 특히, 농식품투자조합의 결성 및 등록요건, 농식품경영체에 대한 투자의무비율 등이 구체화되어 농식품분야 투자를 전문으로 하는 펀드 결성을 제도적으로 뒷받침하게 되었다.&nbsp;동 시행령의 주요 내용을 보면 다음과 같다.&nbsp;&nbsp;① 투자관리전문기관의 지정요건&nbsp;&nbsp;&nbsp;&nbsp;- 투자관리전문기관의 전문성 확보를 위해 농림수산식품분야 투자실적이 200억원 이상이어야 하며,&nbsp;&nbsp;&nbsp;&nbsp;- 변호사, 공인회계사 등 투자업무관련 경력자를 2명 이상 보유하고 사무실, 전산장비 등 시설을 갖추고 있어야 함&nbsp;&nbsp;② 농식품투자모태조합의 존속기간&nbsp;&nbsp;&nbsp;&nbsp;- 장기간 안정적인 농림수산식품분야의 투자재원을 확보하기 위해 농식품투자모태조합의 존속기간을 30년으로 정함&nbsp;&nbsp;③ 농식품투자조합을 운용하는 업무집행조합원의 출자지분, 조합원 수 등 농식품투자조합의 등록에 관한 사항&nbsp;&nbsp;&nbsp;&nbsp;- 농식품투자조합으로 등록하려면 업무집행조합원의 출자지분이 출자금 총액의 100분의 1이상, 유한책임조합원의 수는 49인 이하, 출자 1좌의 금액은 100만원이상이어야 함&nbsp;&nbsp;④ 농림수산식품분야 투자를 촉진하기 위한 농식품투자조합의 결성취지에 맞게 농식품경영체에 대한 투자의무비율을 정함&nbsp;&nbsp;&nbsp;&nbsp;- 농식품투자조합은 등록 후 3년이 지난 날부터 그 다음날까지 농식품경영체에 출자금 중 100분의 60이상의 금액을 투자하되,&nbsp;&nbsp;&nbsp;&nbsp;- 그 금액의 100분의 20 이상은 농림수산식품부령으로 정하는 규모 이하의 농식품경영체에 우선적으로 투자하도록 함.&nbsp;정부는 시행령이외에도 법 시행을 위해 필요한 사항을 시행규칙에 정하였다.&nbsp;&nbsp;① 농림수산식품산업 관련 업무에 종사하는 자의 범위&nbsp;&nbsp;&nbsp;&nbsp;-「염관리법」에 따른 염제조업자,「곤충산업 육성 및 지원에 관한 법률」에 따라 곤충의 생산, 가공, 유통의 신고를 한 자 등으로 규정&nbsp;&nbsp;② 농식품투자조합이 우선 투자해야 하는 농식품경영체의 범위&nbsp;&nbsp;&nbsp;&nbsp;- 상용근로자수가 100명 이하이거나 연 매출액이 100억원 이하인 농식품경영체로 정함&nbsp;&nbsp;② 농식품경영체에 대한 정보제공&nbsp;&nbsp;&nbsp;&nbsp;- 농림수산식품부장관 또는 투자관리전문기관은 농식품투자조합 등에 필요한 정보 등을 제공할 때에는 해당 농식품경영체의 동의를 받도록 함□ 한편, 정부는 농식품모태펀드 관리 및 운용을 위한 투자관리전문기관의 지정(6월 중순), 투자조합 선정 및 결성(7～9월) 등 일련의 절차를 거쳐 금년 하반기부터 본격적인 민간투자 유치에 나선다는 계획이다.(2010.5.25, 농림수산식품부 홈페이지 보도자료)http://mifaff.korea.kr/gonews/branch.do?act=detailView&amp;type=news&amp;section=b_sec_1&amp;dataId=155507422",농림수산식품투자조합법 시행령.hwp,http://www.fact.or.kr/action.do?action=farmtech%24file&seq=199&file_seq=1,2010.05.26,이진필,199,“농식품전문펀드 결성 촉진을 위한 제도적 기반 마련”,389
"농림수산식품부는 5월 25일 국무회의에서 『&lsquo;10년산 정부보리매입가격 및 매입량(안)』이 심의?의결되었다고 밝혔다.&nbsp;2010년산 보리의 매입은 5.31일부터 7.31일까지 약 2개월간, 농협이 농가와 약정한 60천톤(조곡)을 지역농협을 통해 매입할 예정이다.&nbsp;&nbsp;산물매입은 5.31일부터 6월 18일까지, 포대매입은 6.14일부터 7월 31일까지이나, 지역별 매입 기간은 장마 등을 고려, 탄력적으로 운용될 계획이다.&nbsp;&nbsp;매입가격은 1등품기준 조곡 40kg당 겉보리는 28,450원, 쌀보리는 29,060원이며, 보리매입량은 겉보리 17천톤, 쌀보리 43천톤이라고 밝혔다.* 자세한 내용은 붙임 자료를 참고하시기 바랍니다.http://mifaff.korea.kr/gonews/branch.do?act=detailView&amp;type=news&amp;section=b_sec_1&amp;dataId=155506918",2009년산 쌀변동직불금.hwp,http://www.fact.or.kr/action.do?action=farmtech%24file&seq=198&file_seq=1,2010.05.26,이진필,198,’10년산 정부보리 매입가 및 매입량 확정,379
"최근 연구자들이 말한 바로는 대기 중의 이산화탄소의 증가는 농작물의 단백질 함량을 20%까지 감소시킬 수 있다고 한다. 이러한 효과를 없애기 위해서는 새로운 비료가 요구될 수도 있다고 그들은 말한다.연구진은 식물들이 이산화탄소가 증가된 환경에서 자랄 때 경작지 토양에 있어 질소의 가장 흔한 형태인 질산염을 다량 흡수하여 단백질과 같은 유기 화합물로 전환하는 능력을 상실한다는 사실을 발견했다.5월 14일 Science에 게재된 이번 연구의&nbsp;대표 저자인 Arnold&nbsp;Bloom(켈리포니아 주립대학교 데이비스&nbsp;캠퍼스 소속 연구자)은&nbsp;문제는 &quot;대부분의 농작물은 질소의 주된 형태로서 질산염을 사용한다&quot;라는 점이라고 밝혔다. 그는 이산화탄소가 증가하면 인간이 섭취하기에 단백질이 모자라는 농작물, 즉 &quot;질소에 굶주린&quot; 농작물을 낳게 도니다고 말했다.(후략)&nbsp;(2010.5.25, 한국과학기술정보연구원 정보분석본부)http://mirian.kisti.re.kr/gtb_trend/class_gtb/class_gtb_v.jsp?sub_menu=2&amp;cn=GTB2010050360&amp;dbt=TREND&amp;service_code=03&amp;user_id=betl2001&nbsp;",2010.05.25,이진필,197,"이산화탄소(CO2) 증가, 농작물의 단백질을 감소시켜",429,’10년산 정부보리 매입가 및 매입량 확정,379
"비싼 가격에 팔리는 유기농 밀보다 비료와 농약으로 재배한 일반 밀을 야생조류들이 더 선호한다는 흥미로운 연구결과가 나왔다. 영국의 일간신문인 Telegraph는 5월 18일자 인터넷판 기사에서 영국화학공업협회(SCI, Society of Chemical Industry)가 발행하는 Journal of Science of Food and Agriculture 인터넷판 최신호 논문을 인용하여 이 연구 결과를 보도하였다.영국 뉴캐슬 대학의 Ailsa McKenzie박사는 물새(robin), 참새(house sparrow)와 같은 야생 조류들이 본능적으로 비유기농 먹이를 유기농 먹이보다 더 선호한다는 사실을 실험적으로 입증하였다. 연구팀이 야생 조류에게 두 종류의 밀을 공급하였을 때, 새들은 이 두 가지 밀을 구분하였고, 비유기농밀을 유기농밀에 비해 20%&nbsp;정도를 더 많이 섭취하였다. 이 결과에 대해&nbsp;McKenzie박사는&nbsp;&quot;이것은 일반적으로 알려진 사실,&nbsp;즉 유기농식품이 일반식품보다 동물들이 더 선호한다는 사실은 실제로 맞지않다는 것을 입증&quot;한 것이라며&nbsp;유기농식품의 상대적 우수성에 대한&nbsp;논쟁을 불러올&nbsp;수 있을 것이라고 밝혔다. 또한 &quot;오랜세월 생물체가 진화하면서 본능적으로 영양분이&nbsp;풍부한 음식을 찾는 능력이 사람에서는 상실된 반면에 조류는&nbsp;아직도&nbsp;이 능력을 지니고 있는데,&nbsp;이번 실험에서 우리의 예상과 달리 조류들은 비유기농 먹이를 본능적으로 선택했다&quot;고 덧붙였다.&nbsp;(후략) (2010.5.25, 한국과학기술정보연구원 정보분석본부)* 이 게시물은 농업기술실용화재단의 공식적인 견해가 아니며 영국의 연구결과를 소개하는 것입니다. 자세한 내용은 다음을 참고하시기 바랍니다.http://mirian.kisti.re.kr/gtb_trend/class_gtb/class_gtb_v.jsp?sub_menu=2&amp;cn=GTB2010050331&amp;dbt=TREND&amp;service_code=03&amp;user_id=betl2001 ",2010.05.25,이진필,196,유기농 먹이보다 일반 먹이를 선호하는 새들의 선택,438,’10년산 정부보리 매입가 및 매입량 확정,379
"일리노이 대학에서 이루어진 연구에 따르면 재배방법을 바꾸면 브로콜리와 토마토 속의 항암작용을 하는 식품성 화합물(phytochemicals)의 양을 상당히 증가시킬 수 있다고 한다.&nbsp; 일리노이 대학교 식품영양학과 교수인 Elizabeth Jeffery는 &quot;우리는 수확 전 브로콜리를 강화하여 서로 다른 생활성 성분을 지니게 했다. 그런 다음, 이 작물로 만든 가루를 쥐에게 먹여 항암 효소의 수준을 측정했다.&quot; 라고 말했다.해독작용을 하는 효소는 셀레늄 처리된 브로콜리를 먹은 쥐에서 가장 많이 검출되었다. 브로콜리의 항암성분은&nbsp;표준 브로콜리 가루보다 셀레늄 강화 브로콜리에서 여섯 배나 더 많이&nbsp;검출되었다. 셀레늄 처리된 브로콜리는 또는 간에서 활성이 두드러져 실험에 사용되었던 다른 식품들을 능가하는 수준의 생활성(bioactivity)을 나타냈다. &quot;셀레늄이 이만큼의 생활성을 나타낸다는 사실은 매우 흥미로웠다.&quot; 라고 제프리는 말했다. (후략) (2010.5.25, 한국과학기술정보연구원 정보분석본부)http://mirian.kisti.re.kr/gtb_trend/class_gtb/class_gtb_v.jsp?sub_menu=2&amp;cn=GTB2010050329&amp;dbt=TREND&amp;service_code=03&amp;user_id=betl2001&nbsp; ",2010.05.25,이진필,195,"브로콜리와 토마토, 재배방식을 바꾸면 영양가를 더 높일 수 있다-미국",482,’10년산 정부보리 매입가 및 매입량 확정,379
"농림수산식품부공고 제2010-200호해외자원개발사업법 제11조 및 같은법 시행령 제11조의 규정에 따라 2010년 하반기 해외농업개발 융자사업자 모집을 다음과 같이 공고합니다.&nbsp;2010. 5. 20&nbsp;농림수산식품부장관&nbsp;ㅇ 자세한 사항은 붙임&nbsp;공고문을 참조하시기 바랍니다.* 본 공고와 관련 문의사항은 한국농어촌공사 해외사업추진단(031-420-4202)으로 하시기&nbsp; 바랍니다(제출서류 양식 등 확인 가능).(2010.5.20, 농림수산식품부 홈페이지 공고)http://www.mifaff.go.kr/USR/BORD0201/m_156/DTL.jsp?id=B10301010&amp;cate=&amp;key=subject&amp;search=&amp;search_regdate_s=&amp;search_regdate_e=&amp;order=&amp;desc=asc&amp;srch_prc_stts=&amp;pg=1&amp;mode=view&amp;idx=27124",2010 하반기 해외농업개발사업 융자사업자모집 공고문.hwp,http://www.fact.or.kr/action.do?action=farmtech%24file&seq=194&file_seq=1,2010.05.24,이진필,194,2010년 하반기 해외농업개발 융자사업자 모집공고,488
"주요 해충에 독성을 가지도록 유전적으로 변형된 작물재배가 수많은 다른 곤충의 변성을 초래할 수 있다는 것이 중국북부에서 10년동안의 연구를 통해서 발견되었다.1997년 중국정부는 세균 Bacillus thuringiensis(Bt)의 독소-다래벌레(Helicoverpa armigera)에 치명적인-를 만들도록 유전적으로 변형된 면화의 상업적 재배를 승인했다. 1990년대 초반에 목화다래벌레*의 대 번성으로 작물 생산과 소득에 심각한 피해가 있었고, 그 다래벌레 퇴치를 위해 사용한 제초제는 환경 피해를 야기시켰으며 매년 수천 명이 중독되게 했다.현재 중국에는 Bt 면화가 4백만 헥타르 이상 재배되고 있다. 이 작물 재배가 승인된 이래, 베이징에 있는 중국농업과학원(Chinese Academy of Agricultural Science, CASS)의 곤충생물학자인 Kongming Wu 연구팀은 3백만 헥타르의 면화 재배재배지와 26백만 헥타르의 다른 작물 재배지를 아우르는 중국 북부 38개 지역에 대해 해충 집단을 모니터 해왔다.이전에는 중국 북부지역의 소수 해충에 불과했던 노진재류의 수가 1997년 이래 12배 증가한 것으로 나타났으며, 이러한 증가는 Bt 면화 재배 규모와 연관이 있었다고 한다. (후략) (2010.5.20)http://mirian.kisti.re.kr/gtb_trend/class_gtb/class_gtb_v.jsp?sub_menu=2&amp;cn=GTB2010050275&amp;dbt=TREND&amp;service_code=03&amp;user_id=betl2001* 큰담배밤나비-절지동물 곤충강 나비목 밤나비과의 곤충으로 담배, 목화, 고추, 삼, 옥수수, 수수, 콩, 토마토 등을 해침(네이버 백과사전, 편집자 주) ",2010.05.24,이진필,193,GM 작물 이용이 소수 곤충을 주요 골칫거리화-중국,439,2010년 하반기 해외농업개발 융자사업자 모집공고,488
"- 품관원, 카네이션 등 원산지표시 집중단속(5.4~5.15)국립농산물품질관리원(원장 하영효, 이하 &lsquo;품관원&rsquo; 이라함)은&nbsp;&nbsp;어버이 날ㆍ스승의 날을 맞이하여 카네이션 등 화훼류 수요가 증가하여 값싼 수입 화훼류가 국산으로 둔갑판매 될 우려가 있어 5.4일부터 15일까지 전국적으로 수입화훼류 원산지표시 특별단속을 실시한다고 밝혔다.&nbsp;○ 대상품목은 카네이션, 장미, 국화, 안개꽃 등 수입 절화류로 전국화훼공판장, 꽃 도매시장, 도ㆍ소매 꽃집 등에서 수입 화훼류를 국산으로 둔갑판매 하는 행위가 집중 단속대상이다. 인터넷 등 통신판매 화훼류에 대한 단속도 실시한다.&nbsp;○ 단속결과 위반자에 대해서는 형사입건하거나 과태료를 부과하는 등 부정유통 근절에 최선을 다할 방침이다.&nbsp;&nbsp;&nbsp;- 허위표시 : 7년이하의 징역 또는 1억원이하의 벌금&nbsp;&nbsp;&nbsp;- 미 표 시 : 1천만원이하의 과태료 처분&nbsp;한편 품관원 관계자는 &ldquo;농산물 원산지표시제가 정착되기 위해서는 사회적 감시기능이 중요하다&rdquo;며, &ldquo;농산물을 구입할 때는 반드시 원산지를 확인하고, 원산지가 의심스러우면 전국 어디서나 전화 1588-8112번 또는 인터넷[www.naqs.go.kr]으로 신고하여 줄 것&rdquo;을 당부하였다.(2010.5.3, 농림수산식품부 홈페이지 보도자료)http://mifaff.korea.kr/gonews/branch.do?act=detailView&amp;type=news&amp;section=b_sec_1&amp;dataId=155463869",2010 화훼류 특별단속.hwp,http://www.fact.or.kr/action.do?action=farmtech%24file&seq=192&file_seq=1,2010.05.04,이진필,192,수입 화훼류 원산지표시 특별단속 실시,470
"- 5월 7일 서울 양재동 aT센터 떡볶이페스티벌 개막왕이 먹는 떡볶이인 정통 궁중 떡볶이, &nbsp;전통 소스를 기본으로 한 떡볶이로 고추장 떡볶이, 된장 크림 떡볶이, 김치 떡볶이, 꿀 떡볶이, 이름만 들어도 힘이 불끈 솟아오를 것 같은 홍삼과 마늘 떡볶이를 만날 수 있다.&nbsp;○ 농림수산식품부는 오는 5월 7일부터 9일까지 3일 동안 서울 양재동 aT센터에서 「제2회 서울떡볶이페스티벌」을 개최(주관 : 한국쌀가공식품협회)한다고 밝혔다.&nbsp;○ 이 밖에도 떡볶이 떡을 기본으로 세계 유명소스가 만나 연인들이 좋아 하는 카레 떡볶이, 칠리 새우 떡볶이, 바베큐 떡볶이, 스파이시 누룽지 떡볶이, 상하이 떡볶이, 스테이크 떡볶이 등도 선을 보인다.&nbsp;이번 행사에는 떡볶이의 식문화와 영양학적 가치를 소개하고, 쌀 떡볶이를 통해 한식 세계화의 가능성을 보여주는 행사로 100가지 이상의 떡볶이 요리를 선보인다.&nbsp;○ 이 밖에도 새로운 개념의 차가운 떡볶이로 발사믹 드레싱 샐러드 떡볶이, 검은깨 드레싱 샐러드 떡볶이 등이 다채롭다. &nbsp;&nbsp;○ 퓨전 떡볶이는 매운 토마토 떡볶이, 연어 크림 떡볶이, 단호박 크림 떡볶이 등 다양한 소스로 세계인의 눈과 입맛을 사로잡는 떡볶이 요리들이 시민을 만난다.&nbsp;또한 주한 외국대사부인회와 다문화 가정들도 참여하여 세계적 음식을 요리하고, 많은 연인들이 참가 하는 떡볶이 커플 선발대회 등 이벤트도 다양하다.&nbsp;○ 한편 떡볶이 산업전시관에는 시중에 유명브랜드인 아딸, 떡기뽁기, 신당동 떡스떡스 등이 참여하고 떡볶이 떡과 소스를 만드는 (주)대상 쌀 고추장 등 13개의 기업도 참가하는 한편 프랜차이즈 영업점 상담도 함께 진행된다.&nbsp;농식품부 식량정책과 임정빈 과장은 &ldquo;지난해 보다 훨씬 넓은 공간을 확보하고, 기간을 하루 더 늘렸다&rdquo;며 &quot;지난해 떡볶이 산업대책 추진이후 쌀 떡볶이 사용량이 8천 톤 이상 늘었다&ldquo;고 밝혔다.&nbsp;○ 임 과장은 또 &ldquo;현재 떡볶이 프랜차이즈도 1천2백여 개 이상 늘어 떡볶이가 국민들로부터 많은 사랑을 받는 상황&rdquo;이라고 밝혔다.(2010.5.3, 농림수산식품부 홈페이지 보도자료)http://mifaff.korea.kr/gonews/branch.do?act=detailView&amp;type=news&amp;section=b_sec_1&amp;dataId=155463861",2010 떡볶이 페스티벌.hwp,http://www.fact.or.kr/action.do?action=farmtech%24file&seq=191&file_seq=1,2010.05.04,이진필,191,‘골라먹는 재미’ 100가지 떡볶이 여행,344
"□ 사업목적&nbsp;&nbsp;&nbsp;&nbsp;- 「고부가 식품산업」의 발전을 위하여 녹색성장 및 미래 유망 기술을 구사할 수 있는 식품산업체 고급 인력 양성으로 국제적 경쟁력 있는 수출산업 및 신성장동력으로 육성&nbsp; □ 사업내용&nbsp;&nbsp;&nbsp;&nbsp;&nbsp;- 산업체 재직자를 대상으로 신성장동력 지원대상 기술(붙임1)을 교육 (석사급 이상) 시킬 수 있는 국내 소재 4년제 대학 및 연구소를 선정(5~10개소) 하여 기술 교육 비용의 50%를 지원하는 교육 프로그램을 운영&nbsp;&nbsp;&nbsp;&nbsp;&nbsp;&nbsp;&nbsp; - 지원내용: 교재개발비, 문제해결형 과제 실습비(시약 및 재료사용&nbsp; 경비 등), 산업체 교육생 학자금(50% 보조) 등&nbsp; □ 신청자격&nbsp;&nbsp;&nbsp;&nbsp;&nbsp;- 신성장동력 대상기술(10개) 교육이 가능한 산업체 참여 컨소시엄&nbsp;&nbsp;&nbsp;&nbsp;&nbsp;&nbsp;&nbsp;* (수행기관) 국내 소재 4년제 대학 또는 연구소&nbsp;&nbsp;&nbsp;&nbsp;&nbsp; &nbsp;* (참여기관) 최소 3개 이상의 식품기업, 수행기관 이외의 대학 또는 연구소&nbsp;&nbsp; □ 신청방법&nbsp;&nbsp;&nbsp;&nbsp;&nbsp;- 제출서류 : 사업신청서 15부 (붙임3)&nbsp;&nbsp;&nbsp;&nbsp;&nbsp;&nbsp;* 수행기관 및 참여기업(기관)임을 입증할 수 있는 자료(법인등기부 등본 등) 각1부, 산업체 교육참가자 재직증명서, 졸업증명서 및 신분증 사본 등&nbsp;&nbsp;&nbsp;&nbsp;&nbsp;- 제출기한 : 2010년 5월 25일(화) 18:00까지&nbsp;&nbsp;&nbsp;&nbsp;&nbsp;- 접수방법 : 등기 우편접수 및 E-mail(hmj@kfia.or.kr) 접수&nbsp;※ 제출된 서류는 일체 반환하지 않으며, 우편접수는 접수마감일 도착분에 한함&nbsp;&nbsp;&nbsp;&nbsp;- 제출처 : 한국식품공업협회 산업진흥부 산업교육팀&nbsp;&nbsp;&nbsp;&nbsp;&nbsp;&nbsp;&nbsp;&nbsp;* 주소 : 서울시 서초구 방배동 1002-6&nbsp;&nbsp; □ 문의처&nbsp;&nbsp;&nbsp;&nbsp;&nbsp;- 산업교육팀&nbsp; 이효순 팀장, 홍민주 (02-3470-8126, 8120)&nbsp;&nbsp;&nbsp;&nbsp;&nbsp;&nbsp;&nbsp;&nbsp;&nbsp;* 관련홈페이지 : www.kfia.or.kr&nbsp;(2010.5.3, 농림수산식품부 홈페이지 공고)http://www.mifaff.go.kr/USR/BORD0201/m_156/DTL.jsp?id=B10301010&amp;cate=&amp;key=subject&amp;search=&amp;search_regdate_s=&amp;search_regdate_e=&amp;order=&amp;desc=asc&amp;srch_prc_stts=&amp;pg=1&amp;mode=view&amp;idx=27055",2010 고부가 식품산업 공고문.hwp,http://www.fact.or.kr/action.do?action=farmtech%24file&seq=190&file_seq=1,2010.05.04,이진필,190,2010년도 고부가 식품산업 전문인력양성사업 전문교육기관 모집 공고,337
"딸기는 제품 출하 과정에서 매우 쉽게 부서지고 물리적인 손상을 받을 수 있다. 그래서 딸기 재배농가는 과일의 손상을 방지하는 처리법이나 온도 관리법에 대해 관심이 많습니다. Brazilian Agriculture Research Corporation과 Embrapa and University of Florida 연구진은 딸기 출하시에 손상을 방지하는 몇가지 방법을 발견하였다.깨지기 쉬운 특성 때문에 딸기를 수확할 때는 흠이 생기지 않아야만 한다. 딸기는 충격이나 압축력, 진동으로 인해서 손상이 생길 수 있다. 충격에 의한 흠은 다른 물건이나 땅에 덜어지거나 다른 물체와 붇ㅈ혔을 때 생긴다. 압축에 의한 흠은 달기가 수확될 때 손에 쥐고 있는동안 지속적인 업력이 가해지거나 상자에 적재될 때 바닥에 있는 과일들이 눌려서 생긴다.(후략) (2010.5.4, 한국과학기술정보연구원 정보분석본부)http://mirian.kisti.re.kr/gtb_trend/class_gtb/class_gtb_v.jsp?sub_menu=2&amp;cn=GTB2010050006&amp;dbt=TREND&amp;service_code=03&amp;user_id=betl2001 ",2010.05.04,이진필,189,딸기 출하시 손상을 줄이는 수냉법(水冷法),356,2010년도 고부가 식품산업 전문인력양성사업 전문교육기관 모집 공고,337
"- 농림수산식품분야 全 R&amp;D를 종합분석, 향후 추진 계획 마련농식품부는 그동안 농진청, 산림청 등 각 기관별 계획에 따라 추진되어오던 농림수산식품 관련 R&amp;D를 7대산업분야 20개부문으로 재편하고 농식품부의 종합계획에 따라 추진하는 세부계획을 마련하였다고 밝혔다.&nbsp;○ 이는 전년도에 제정된 농림수산식품과학기술육성법에 따라 수립한 것으로 그동안 제기되어오던 농림수산식품분야의 중복성 문제를 해결하고, 농식품산업의 지속적인 성장을 위한 식품, 생명산업 등을 강화하는데 중점 투자한다는 내용을 담고 있다.&nbsp;&nbsp;&nbsp;* &nbsp;농림수산식품산업의 2% 성장을 달성하기 위해서는 현재 8천억 수준의 2배인 연간 1.5조원의 R&amp;D 예산 필요〔KREI〕&nbsp;○ 4월 29일(목) &lsquo;제5차 농림수산식품과학기술위원회&rsquo;에서는 이런 내용을 담고 있는 「농림수산식품과학기술 육성 종합계획 5개년 실천계획(안)」을 원안 의결하고, 향후 5년간의 농림수산식품분야 R&amp;D 추진방향도 확정하였다.&nbsp;○ 또한 이번 세부추진계획에는 농식품부, 농진청, 산림청 등 기관별 역할 분담을 명확히 구분하여 제시한 바,&nbsp;○ 농식품부는 국가연구기관 및 민간 R&amp;D의 균형적 발전을 견인하는 R&amp;D 정책 총괄부서로서의 역할을 수행하고, 농진청, 산림청, 수산과학원, 수의과학검역원 등 국가연구기관은 소관 분야의 전문성을 기반으로 세부추진계획을 충실히 수행해 나갈 것임을 밝혔다.&nbsp;○ 이와 함께, 농림수산식품 R&amp;D 관련정보를 일원화하는 통합 DB를 구축하고 이를 기반으로 부&middot;청 공동수요조사 및 공동 기획 등 지식순환형 R&amp;D 시스템을 구축해 나갈 예정이다.&nbsp;○ 그동안 미흡하였던 민간 R&amp;D 활성화를 위해 CRO&middot;CMO, 연구개발 보상제도, 제도개선 등 투자촉진 제도 및 지원 활성화 기반을 구축하고 부&middot;청의 역할과 특성에 맞게 R&amp;D 투자방향을 조정해 나갈 계획임을 밝혔다.&nbsp;농식품부 관계자는 이번 계획 수립을 기점으로 체계적 R&amp;D 기획&middot;집행 시스템이 구축되고 효율적이고 성과가 높은 R&amp;D가 추진될 것으로 기대된다고 밝혔다.",5개년 세부실천계획.hwp,http://www.fact.or.kr/action.do?action=farmtech%24file&seq=188&file_seq=1,2010.05.03,이진필,188,"농식품부, 농림수산식품 R&D 종합 세부추진계획 최초 마련",358
"- 농식품 산업의 새로운 성장&middot;도약을 위한 발판&nbsp;농림수산식품부(장관 장태평)는 지난해에 이어 오는 5.4일 증권사&middot;자산운용사&middot;벤처투자사 등의 투자자들과 농식품 기업을 대상으로 「농식품 모태펀드 투자로드쇼」를 개최한다.&nbsp;&nbsp;○ 이번 행사는 민&middot;관 합작투자(Joint Venture) 형태의 재원조달 시스템이 제도화?체계화되면서 새로운 투자대상으로서 부각되고 있는 농식품 산업의 진면목을 확인할 수 있는 장이 될 것이다.&nbsp;이날 행사에는 장태평 농림수산식품부장관, 이낙연 국회 농식품위원회 위원장, 조진래 국회의원를 비롯하여 주요 증권사&middot;자산운용사&middot;벤처투자사 등의 임직원, 지방자치단체 관계자, 농식품 기업들이 대거 참여할 것으로 알려졌다.&nbsp;이낙연 국회농식품위원회 위원장은 이번 투자로드쇼를 통해 농식품산업이 신성장동력으로 부각되고 있는 녹색성장의 중심축으로 우뚝 서기를 바란다는 내용으로 축사할 예정이다.&nbsp;2009년 10월 농식품모태펀드의 근거법률인「농림수산식품투자조합 결성 및 운용에 관한 법률」을 대표 발의하여 농림수산식품산업 투자분야에 새로운 지평을 열어준 조진래 의원의 축사가 이어질 예정이다.&nbsp;장태평 농림수산식품부 장관은 기조연설을 통해 농림수산식품산업의 여건변화에 따라 첨단농업, 녹색성장산업, 식품산업 등 새로운 투자기회가 발생하고 있고,&nbsp;&nbsp;○ 농식품 산업도 IT등 지식경제시대의 새로운 기술과 결합하여 미래의 성장동력으로 발돋움하고 있다는 점을 강조할 계획이다.&nbsp;이번 행사는 농식품 산업의 전망 및 시장의 역할, 농식품 모태펀드 운용방안, 농식품 분야 투자활성화 방안(오전)과 농식품 기업 투자사례 및 설명회(오후)로 나뉘어 진행된다.&nbsp;&nbsp;○ 오전에는 대우증권 리서치센터 백운목 이사가「농식품산업의 성장전망과 자본시장의 역할」이라는 발제를 통해 농식품 산업이 투자가치가 있고 성장가능성 높은 사업임을 전망하고 그에 따른 시장의 역할을 제시할 예정이다.&nbsp;&nbsp;&nbsp;&nbsp;- 다음으로 녹색성장정책관이「농식품모태펀드 운용방안」이라는 정책발표를 통하여 모태펀드 도입 필요성, 기대효과, 운용방안 등을 소개한 후,&nbsp;&nbsp;&nbsp;&nbsp;- 미래에셋벤처투자 김남기 이사가 &ldquo;농업전문펀드의 운용현황 및 개선방안&rdquo;을 주제로 전문 투자자 입장에서 발표하고, 마지막으로 &ldquo;농식품분야 투자활성화 방안&rdquo;에 대하여 패널토론이 있을 예정이다.&nbsp;&nbsp;○ 오후에는 농업정책자금관리단 이사장의 &ldquo;농림수산정책금융 운용현황과 전망&rdquo;과 큐브벤처파트너스(Cube Venture Partners)의 &quot;농식품벤처기업 투자사례&quot; 발표가 있을 예정이다.&nbsp;&nbsp;&nbsp;&nbsp;- 이어서 있을 농식품경영체의 투자유치 설명회(IR)는 투자자들에게 많은 관심을 불러일으킬 것으로 보인다.&nbsp;농식품부 관계자는 &ldquo;앞으로 투자설명회를 정례화하고 지역단위로 수시 개최하여 보다 많은 농식품벤처기업들이 충분한 자금을 제공받을 수 있는 기회의 장을 마련하겠다&rdquo;고 밝혔다.(2010.4.29, 농림수산식품부 홈페이지 보도자료)http://mifaff.korea.kr/gonews/branch.do?act=detailView&amp;type=news&amp;section=b_sec_1&amp;dataId=155462183",농식품모태펀드 투자로드쇼.hwp,http://www.fact.or.kr/action.do?action=farmtech%24file&seq=187&file_seq=1,2010.04.30,이진필,187,“농식품모태펀드 투자로드쇼”개최,342
"지난 3월 이상기온으로 인한 피해가 집계된 전북의 복분자, 제주의 조생종 양파 및 경북 시설하우스, 약 1,400여 농가에 2,400백만원(보조 1,864, 융자 536)이 지원된다.&nbsp;&nbsp;&middot; 농림수산식품부는 4월 29일 개최된 농어업재해대책심의위원회에서 최근 이상기온으로 인한 농작물 피해를 동해로 인정하고, 피해농가에 재해복구비를 신속하게 지원하기로 하였다.&nbsp;&nbsp;&nbsp;&nbsp;* 농어업재해대책심의위원회 : 위원장(농식품부 제2차관) 등 20명으로 구성&nbsp;&nbsp;&nbsp;&nbsp;* 재해복구비 : 대파비용(代播, 다시 파종하는데 들어가는 종묘비용), 농약비용, 생계유지비(쌀 5가마 비용), 농축산경영자금 상환연기 및 이자감면(1～2년)&nbsp;&nbsp;&middot; 금번 피해는 겨울철(&lsquo;09.12～&rsquo;10.3)에 영하기온이 약 80일간 지속됨에 따라 전북지역의 복분자가 고사하였으며, 제주지역의 조생종 양파는 구(球) 비대기(肥大期)인 3월에 이상저온으로 (3.10, 최저 -3.2&sim;-1.4℃, 3.27 -4.1℃) 고사한 것이다.&nbsp;&nbsp;&nbsp;&middot; 아울러 지난 3.20&sim;3.21에는 경북지역에 강풍(30m/sec)이 불어 영덕 및 울진지역의 시설하우스 파손 등 피해가 발생 했다.&nbsp;전체적인 피해면적은 2,464ha로 여의도 전체 면적의 약 3배 수준이며, 전북지역 복분자 동해 피해가 2,185ha, 제주지역 양파 동해 피해가 266ha, 경북지역의 강풍피해가 13ha이다.&nbsp;&nbsp;&nbsp;&nbsp;* 전북 복분자피해(2,186ha) : 고창 1,011ha, 순창 554, 정읍 506, 기타 115&nbsp;&nbsp;&nbsp;&nbsp;* 제주 양파피해(266ha) : 제주시 241ha, 서귀포 25&nbsp;재해복구비 지원내역별로는 대파대 1,060백만원(보조 718, 융자 342), 농약대(보조) 273백만원, 생계지원비(보조) 739백만원, 시설하우스파손에 따른 복구비 328백만원(보조 134, 융자 194) 등 이다.&nbsp;&nbsp;&middot; 또한 피해농가 중 농가가 1천만원 이내에서 매년 사용하는 &nbsp;농축산경영자금 융자액 1,337백만원도 1～2년 상환을 연기 하고, 해당 이자를 감면한다.&nbsp;&nbsp;&nbsp;&nbsp;* 1년 상환연기 및 이자감면(30&sim;50% 피해농가 46호) : 287백만원&nbsp;&nbsp;&nbsp;&nbsp;* 2년 상환연기 및 이자감면(50%이상 피해농가 138호) : 1,050백만원&nbsp;또한 농림수산식품부는 지난 1월과 이달 4월에 동해를 입은 과수피해 농가에 대한 신속한 지원을 위해 지난 4.23일 전국 시&middot;도에 신속한 피해조사를 지시하였으며, 시&middot;도의 피해조사가 완료되는 되로 농어업재해대책심의회의 심의절차를 거쳐 신속하게 지원할 계획이다.(2010.4.29, 농림수산식품부 홈페이지 보도자료)http://mifaff.korea.kr/gonews/branch.do?act=detailView&amp;type=news&amp;section=b_sec_1&amp;dataId=155462772&nbsp;",이상기온 피해농가 지원.hwp,http://www.fact.or.kr/action.do?action=farmtech%24file&seq=186&file_seq=1,2010.04.30,이진필,186,이상기온으로 인한 동해 등 피해 농가에 재해복구비 지원,414
"- 농식품부, 농촌진흥청, 산림청, 16개시&middot;도가 한 자리에 모여 활성화 방안 토론농림수산식품부는 도시농업의 활성화 방안을 마련하기 위하여 4.27(화)일 농식품부, 농촌진흥청, 산림청, 각 시&middot;도 등 26개 기관이 참여하는 &ldquo;도시농업활성화 전국협의회&rdquo;를 개최하였다.&nbsp;○ 특히, 이날 협의회에서는 도시농업의 효율적 추진과 유기적인 협조를 위한 전국 Network를 구축하기로 협의하였다.&nbsp;&nbsp;&nbsp;* 도시농업활성화 전국협의회 일정(붙임1)&nbsp;협의회는 &lsquo;도시농업 현황과 발전방안&rsquo;과 &lsquo;도시생태농업 실천사례&rsquo;에 대한 발표에 이어서, 도시농업활성화 방안에 대하여 자유토론을 실시하였다. 토론된 주요내용을 보면&nbsp;○ 첫째, &ldquo;국민과 농업이 함께하는 도시농업 육성&rdquo;이라는 비전과 구체적인 목표를 설정하기로 하였다.&nbsp;&nbsp;&nbsp;- 도심속 농업활동 및 체험, 안전한 먹을거리 생산 등 녹색 생명도시 조성&nbsp;&nbsp;&nbsp;- 도시농업의 산업화로 새로운 일자리 창출&nbsp;○ 둘째, 도시농업을 육성하기 위하여 ①제도설계, ②R&amp;D, ③산업화, ④보급 및 교육, ⑤Network을 &nbsp;5대 추진전략으로 하고, 각 기관의 특성과 역할에 맞는 정책과제를 발굴&middot;추진하기로 하였다.&nbsp;&nbsp;&nbsp;- 농림수산식품부 : 종합추진계획 수립, 도시농업법 제정, 식물공장 등 산업화, 일자리 창출, Network 구축 등&nbsp;&nbsp;&nbsp;- 농촌진흥청 : 상자텃밭&middot;시민농원 조성 관련 실용기술 개발, 보급 및 교육, 지도인력양성 등&nbsp;&nbsp;&nbsp;- 산림청 : 산림분야 실용기술 개발, 보급 및 교육, 도시숲 전문가 양성 등&nbsp;&nbsp;&nbsp;- 각 시&middot;도 : 종합추진계획 시행, 생태농업 및 생활농업 확산, 도시농업실천가 발굴, 사업평가 등&nbsp;○ 셋째, 농업관련 기관이외에 중앙부처, 학계, 연구기관, 시민단체, 산업계, 실천가 등이 모두 참여하는 범정부적인 Network를 구축하여 도시농업을 확산하고 공감대를 형성하여 나가기로 하였다.&nbsp;&nbsp;&nbsp;* 도시농업 추진전략 및 전국 Network 구축계획(청사진) : (붙임2)&nbsp;전국 협의회에서 토론된 과제와 건의사항은 자체검토, 전문가 의견수렴 등의 절차를 통하여 도시농업활성화 정책과제로 채택할 예정이며&nbsp;○ 또한, 농식품부, 농진청, 산림청, 16개시도, 학계 및 산업계, 시민단체, 전문가 등이 참여하는 T/F팀을 운영하여 도시농업 종합추진계획을 수립하여 나갈 계획이다.&nbsp;붙임 : 1. 도시농업활성화 전국협의회 일정 1부.&nbsp;&nbsp;&nbsp;&nbsp;&nbsp;&nbsp;&nbsp;&nbsp;&nbsp;&nbsp;&nbsp; 2. 도시농업 추진전략 및 전국 Network 구축 계획(청사진) 1부&nbsp;&nbsp;&nbsp;&nbsp;&nbsp;&nbsp;&nbsp;&nbsp;&nbsp;&nbsp;&nbsp; 3. 도시농업 활성화 추진계획 1부.(2010.4.28, 농림수산식품부 홈페이지 보도자료)http://mifaff.korea.kr/gonews/branch.do?act=detailView&amp;type=news&amp;section=b_sec_1&amp;dataId=155461892",2010 도시농업활성화 협의회.hwp,http://www.fact.or.kr/action.do?action=farmtech%24file&seq=185&file_seq=1,2010.04.29,이진필,185,도시농업활성화 전국Network 구축,461
"농림수산식품부는 우리 국민에게 안전한 농식품 공급을 확대하기 위하여 농산물우수관리(GAP) 시설을 경유하지 않고도 GAP 인증이 가능한 품목으로 기존 수박, 포도 등 21품목에 이어 복분자, 오디, 호박 등 11개 품목을 추가하여 32품목으로 확대 고시하였다.&nbsp;&nbsp;○ GAP 인증농산물은 농약을 비롯한 미생물 등 위해요소(물리적, 화학적, 생물학적)를 체계적으로 관리하고 재배단계부터 수확 및 유통단계까지 이력 관리한 농산물을 말한다.&nbsp;GAP 인증을 받기 위해서는 사전 토양 및 수질검사는 물론 재배 과정에서 농약사용 등 인증 재배기준을 준수해야 하며, 수확한 후에도 반드시 지정된 청결(GAP 관리)시설에서 생산물을 세척 또는 선별하도록 하는 등 엄격한 위생관리를 의무화하고 있다.&nbsp;&nbsp;○ 그러나 현재 GAP 관리시설 등 인프라가 충분히 구축되지 않아 농업인이 GAP 인증을 받기 어려울 뿐만 아니라,&nbsp;&nbsp;○ 복분자, 오디와 같은 품목은 수확 후 위생관리 시설을 경유하도록 할 경우 과육이 연약하여 선별 세척 등 위생관리가 어렵고, 호두나 밤, 수박과 같은 경우는 외피가 견고하여 위생상 문제가 크지 않는 등 품목의 특성에 따라 위생관리 시설을 거치지 않아도 GAP 인증을 받을 수 있도록 예외를 허용하고 있다.&nbsp;이에 따라 농식품부가 지난 2009.11월 딸기 복숭아를 비롯한 21개 품목을 시설경유 예외품목으로 고시한바 있으나, 금년부터 국내에서 재배되는 모든 농산물이 GAP 인증을 받을 수 있도록 인증범위가 확대됨에 따라 11개 품목을 추가한 총 32품목으로 확대하여 적용할 계획이다.&nbsp;&nbsp;○ 그러나 시설을 경유하지 않을 경우 자칫 인증 농산물의 위생관리에 소홀해 질 우려가 있음에 따라 우수관리 시설을 거치지 않는 품목에 대하여는 수확이후 출하 단계까지 철저한 위생 관리가 될 수 있도록 &ldquo;농산물우수관리 기준&rdquo;을 강화할 계획이다.&nbsp;이 같은 농식품부의 조치에 따라 GAP 인증 농산물 생산에 참여하는 농업인이 증가될 것으로 전망되고, 소비자는 보다 다양한 GAP 인증농산물을 쉽게 구입할 수 있게 될 것으로 예상된다.(2010.4.28, 농림수산식품부 홈페이지 보도자료)",GAP 인증경로 다양화.hwp,http://www.fact.or.kr/action.do?action=farmtech%24file&seq=184&file_seq=1,2010.04.29,이진필,184,농산물우수관리(GAP) 인증 경로 다양화,456
"1. 최근 농수산물 물가동향과 전망&nbsp;&nbsp;- 지난 겨울 한파와 대설, 잦은 강수와 일조량 부족에 따른 생육부진과 병충해 발생으로 가격 상승 &nbsp;&nbsp;&nbsp;&nbsp;&nbsp;* 1-3월중 일조량 : (과거30년 평균) 717.0시간 &rarr; (&lsquo;10년) 575.3(평년의 80.2%)&nbsp;&nbsp;&nbsp;&nbsp;* 3월상순 일조량 : (과거30년 평균) 66.7시간 &rarr; (&lsquo;10년) 14.5(평년의 21.7%)&nbsp;- &nbsp;특히 배추의 경우 겨울배추 저장물량 부족과 봄배추 출하지연(약10일)으로 가격이 상승 &nbsp;&nbsp;&nbsp;- 수박&middot;참외 등 과채류 생산감소와 품질저하로 사과&middot;배 등&nbsp;저장과일의 수요 증가&nbsp;2. 전망과 대응방향&nbsp;&nbsp;- 앞으로 기상여건이 호전되고 시설채소가 본격적으로 출하되면 5월 말경부터 물가는 다소 안정될 것으로 전망&nbsp;- 별표 (주요 농수산물 도?소매가격 동향)를 보면, 작년 4월과 &nbsp;비교한 대비 물가는 대부분 높은 수준이나, 일부 품목은 전월(3월)과 비교할 때 도매 가격 중심으로 하락세로 전환&nbsp;&nbsp;&nbsp;&nbsp;&nbsp;* 배추 가락시장도매가격 : (3.30)15,224원/10kg &rarr; (4.26) 12,276(△19.4%)&nbsp;- 정부차원에서 물가상승세를 둔화하기 위해 최선을 다하고 있으나, 한계가 있는 것이 사실&nbsp;- 배추, 양파 등은 공급측인 산지조합과 산지유통인(3.30), 수요측인 가공업체(3.31)와 수급동향에 관한 협조 체계 구축&nbsp; - 채소 생육촉진, 온도&middot;토양 수분조절 등 영농 기술 지도를 통한 농산물 재배관리 강화로 공급 원활화 추진&nbsp; - 수산물은 정부 비축물량 방출, 민간재고 물량 출하 유도&nbsp;&nbsp;&nbsp;- 어획량 감소로 가격이 상승하는 고등어 비축물량 방출(4월말, 700톤)&nbsp;&nbsp;&nbsp;&nbsp;* 수산물 비축계획(&lsquo;10) : 고등어 955톤/30억원, 명태 1,670/28, 오징어 2,030/50&nbsp;- 소비자도 최대한 지혜를 발휘하여 어려움을 함께 극복할 필요&nbsp; - 현재 농수산물유통공사 홈페이지에서 품목별 소매가격 정보를 &nbsp;제공하고 있으므로, 이러한 동향을 점검&nbsp;&nbsp;&nbsp;- 양배추, 봄나물 등 대체 품목 소비 확대&nbsp; - 바로마켓(경마공원), 사이버거래소(www.eat.co.kr), 농협 직거래 &nbsp;장터 등을 통해 품질좋은 농산물을 값싸게 공급(2010.4.26, 농림수산식품부 홈페이지 보도자료)http://mifaff.korea.kr/gonews/branch.do?act=detailView&amp;type=news&amp;section=b_sec_1&amp;dataId=155461038",2010 농수산물 물가전망(4월).hwp,http://www.fact.or.kr/action.do?action=farmtech%24file&seq=183&file_seq=1,2010.04.29,이진필,183,농수산물 물가전망,460
"농림수산식품부는 최근 쌀값 하락 및 수급 불안에 대한 대책으로 시장의 잉여물량에 대한 격리와 논에 벼 이외의 타작목을 재배하는 농가에 대하여 ha 당 300만원을 지급하는 방안을 추진키로 하였다.&nbsp;우선 지난해 쌀값 안정을 위해 정부가 공공비축을 포함, 71만톤을 격리하였음에도 불구하고 지속적으로 쌀 가격이 떨어지고 있어 추가적인 쌀값 안정 대책이 필요하다고 판단, 시장유통 물량 중 20만톤을 격리하기로 하였다.&nbsp;○ 이를 위해 우선 5월에 적정 가격으로 10만톤을 매입한 후 나머지 물량은 시장가격 상황에 따라 추가로 매입할 계획이며,&nbsp;○ 매입대상은 농민, 지역농협, 민간 RPC에서 보유한 벼로 할 계획이다.&nbsp;○ 매입비용 등 소요예산은 농협중앙회 자금으로 활용한 후 &nbsp;손실분에 대해 정부에서 보전할 예정이다.&nbsp;○ 이번에 시장에서 매입한 벼는 정부 보관창고로 이고하여 금년 가을 수확기에 농가 벼를 매입하는데 어려움이 없도록 조치할 예정이다.&nbsp;○ 또한 정부는 최근 쌀값 하락과 관련해 일부 RPC에서 생산 원가를 낮추기 위해 싸라기 등이 포함된 저가미 유통물량을 증가시키지 않도록 시장 유통물량에 대한 표시제 점검을 적극적으로 강화해 나갈 것임을 밝혔다.&nbsp;&nbsp;&nbsp;&nbsp;&nbsp;* 시중 유통 쌀 단속결과(&lsquo;10.2～4), 품위표시 위반 사례 6건을 적발해 관련법에 의거 고발 조치&nbsp;아울러 정부는 &lsquo;10년산 예상 벼 재배면적을 감안 시 평년작(501kg/10a)일 경우에도 잉여물량이 남을 것으로 전망됨에 따라 논에 벼 이외 콩, 옥수수 등 타작목 재배를 유도하고 이에 참여하는 농가에 대하여 ha당 300만원을 지원하겠다고 밝혔다.&nbsp;○ 다만, 시설작물 및 과수, 인삼 등 다년생 작물을 재배할 경우 쌀 보다 소득이 높고 논의 형상을 유지하기 어렵기 때문에 이번 지원 대상에서 제외하기로 하였다.&nbsp;○ 또한, 금년에 우선적으로 실시한 후 가을에 평가를 거쳐 사업의 계속 추진 여부를 결정할 계획이다.&nbsp;&nbsp;&nbsp;&nbsp;&nbsp;* 금년 사업은 농협중앙회 사업으로 추진하고, 재정보전은 추후 협의&nbsp;농식품부 관계자는 &ldquo;이번 시장 잉여물량 격리와 타작목 재배 지원을 추진할 경우 &lsquo;10년도 쌀 수급은 안정될 수 있을 것&rdquo;으로 전망하였다.(2010.4.23, 농림수산식품부 홈페이지 보도자료)http://mifaff.korea.kr/gonews/branch.do?act=detailView&amp;type=news&amp;section=b_sec_1&amp;dataId=155460429",쌀 20만톤 격리.hwp,http://www.fact.or.kr/action.do?action=farmtech%24file&seq=182&file_seq=1,2010.04.26,이진필,182,쌀 20만 톤 격리 및 논에 벼 이외 타작목 재배 시 300만원/ha 지급,445
"소, 돼지 등 발굽이 2개인 동물에서 발생하는 구제역이 전국으로 확산됨에 따라 경제적 피해가 커질 것이라는 우려가 나오고 있다.현재까지는 일부 시군에 국한해 구제역이 발생해 피해는 미미한 수준이지만 대규모로 확산될 경우 경제 전체에도 부정적 영향을 미칠 것으로 관측된다.구제역 발병에 따른 직접적 피해는 살처분에 따른 농가의 손실과 정부 예산지출이다. 지난 1월 경기 포천.연천 등 2개 시군에서 발생한 구제역으로 인해 5천956두가 살처분됐고 108억원이 보상금으로 지급됐다. 여기에다 가축수매 130억원(2만5천두), 경영안정자금지원 125억원 등 모두 425억원이 예산에서 지출됐다.이달 들어 인천시 강화군, 김포시에서 구제역이 잇따라 발생해 현재까지 강화군 2만9천669두, 김포시 194두가 살처분됐다. 과거 사례를 보면 2000년 3월부터 22일간 경기 파주, 충남 홍성, 충북 충주 등 6개 시군에서 구제역이 발생해 2천216두를 살처분하고 3천6억원의 예산이 집행됐다. 또 2002년에는 5월부터 52일간 경기 안성.용인.평택, 충북 진천 등 4개 시군에서 발병, 1천434억원의 피해를 안겼다.(후략) (2010.4.23, 연합뉴스)http://news.naver.com/main/read.nhn?mode=LSD&amp;mid=sec&amp;sid1=101&amp;oid=001&amp;aid=0003240126 ",2010.04.26,이진필,181,구제역 전국확산' 경제적 영향은,304,쌀 20만 톤 격리 및 논에 벼 이외 타작목 재배 시 300만원/ha 지급,445
"- 재난복구비 외에 재해대책 경영자금 특별융자 지원일조량 부족으로 피해를 입은 전국 3만여 시설작물 재배 &nbsp;농가에 총 3,467억원이 지원된다.&nbsp;&nbsp; 4.19일 개최된 농어업재해대책심의위원회가 농어업재해대책법에 명시되어 있지 않지만 최근의 일조량 부족을 농업재해로 인정했다.&nbsp;&nbsp;&nbsp;&nbsp;* 농어업재해대책심의위원회 : 위원장(농식품부 제2차관) 등 20명으로 구성&nbsp;&nbsp; 이에 따라 농림수산식품부는 농어업재해대책법에서 규정하고 있는 재해복구비 1,567억원(보조 248, 융자 1,319)을 지원하고 이와 함께 재해대책경영비 1,900억원을 특별융자 지원키로 하였다.&nbsp;&nbsp;&nbsp;&nbsp;* 재해복구비 : 대파비용(代播, 다시 파종하는데 들어가는 종묘비용), 농약비용, 생계유지비(쌀 5가마 비용), 고등학생학자금 면제, 농축산경영자금 상환연기 및 이자감면(1～2년)&nbsp;&nbsp; 금번 겨울철(&lsquo;09.12～&rsquo;10.3) 일조량은 지난 30년 평균보다 20%가 부족했다. 특히, 시설작물의 성장에 가장 중요한 시기인 2월말&sim;3월초에는 40%나 부족하여 시설작물에 착과(着果)불량, 병해충 발생, 고사 등 많은 피해를 입혔다.&nbsp;3.25부터 4.16일까지 실시된 시&middot;군의 일조량 부족 피해조사 결과에 따르면 전체 시설재배면적 약 51천여ha 중 28%인 14천여ha가 피해를 입었다.&nbsp;&nbsp; 피해면적은 경북이 469ha로 가장 많고, 그 다음으로 경남, 충남, 전남, 대구, 전북, 부산, 광주, 대전, 충북 순이다.&nbsp;&nbsp;&nbsp;&nbsp;* 경북 4,669ha, 경남 3,614, 충남 2,042, 전남 1,611, 대구 576, 전북 496, 부산 459, 광주 439, 대전 111, 충북 88, 강원 26, 경기 10, 울산 9, 인천 2&nbsp;&nbsp; 피해지역이 시군별 50ha 미만이어서 자체 재원으로만 복구비를 지원해야 하는 지역은 강원, 경기, 울산, 인천이다.&nbsp;&nbsp; 품목별 피해면적은 채소 12,594ha, 화훼 349ha, 과수 67ha, 고추 등 기타품목이 1,095ha이다.&nbsp;재해복구비를 내역별로 보면 대파대는 64억원(보조 50, 융자 14), 농약대(보조)는 42억원, 생계지원비(보조)는 156억원, 고등학생학자금면제 금액(보조)은 3천만 원이다.&nbsp;&nbsp; 또한 피해농가 중 농가가 1천만 원 이내에서 매년 사용하는 &nbsp;농축산경영자금 융자액 1,305억원도 1～2년 상환을 연기 하고, 해당 이자(약 58억원)를 감면한다.&nbsp;&nbsp;&nbsp;&nbsp;* 1년 상환연기 및 이자감면(30&sim;50% 피해농가 3,528호) : 38,618백만원&nbsp;&nbsp;&nbsp;&nbsp;* 2년 상환연기 및 이자감면(50%이상 피해농가 10,132호) : 91,971백만원&nbsp;아울러 단위면적당 조수입규모가 큰 시설농업의 특성상 재해피해를 입을 경우 재해복구비만으로는 시설농가의 경영정상화를 뒷받침하는데 한계가 있기 때문에 재해대책경영비를 별도로 융자 지원한다.&nbsp;&nbsp; 농어업재해대책은 대파대 등 재해보상적 요소가 일부 가미되어 있지만 재해구호적 성격이 강하여 실제피해액에 비하면 지원수준이 낮다. 시설수박의 경우를 보면 경영비와 조수입이 각각 1ha기준으로 &nbsp;17,372천원, 42,878천원이나 재해로 인한 대파대는 1,960천원에 불과하다.&nbsp;&nbsp; 재해대책경영비는 농축산경영자금 이차보전사업으로 지원 하고, 대출조건은 연리 3% 1년 상환에 1년 연장이 가능하다. &nbsp;농가당 재해대책경영비 융자지원규모는 피해면적 1ha이내에서 품목별 경영비의 70%까지이다.(2010.4.40, 농림수산식품부 홈페이지 보도자료)http://mifaff.korea.kr/gonews/branch.do?act=detailView&amp;type=news&amp;section=b_sec_1&amp;dataId=155458942",2010 이상기후에 따른 피해대책.hwp,http://www.fact.or.kr/action.do?action=farmtech%24file&seq=180&file_seq=1,2010.04.20,이진필,180,일조량부족 시설작물 피해농가에 최초 지원,359
"- 오염정보 관리 시스템 구축, 출하 전 안전관리 강화농림수산식품부는 소비자들에게 안전한 농산물을 공급하고 우리농산물에 대한 신뢰를 향상시키기 위해 농산물의 중금속 안전관리를 대폭 강화할 계획이라고 밝혔다.&nbsp;○ 폐금속광산 지역 오염농경지에서 극히 일부이기는 하나 잔류기준을 초과한 농산물이 생산되고 있는데,&nbsp;○ 농식품부는 잔류기준이 마련된 농산물의 잔류여부조사 및 잔류기준 초과 농산물을 해당 지자체에 통보하여 폐기토록 하는 역할을 수행하고 있다.&nbsp;◈ 중금속 오염관리 역할분담 쳬계(농식품부)쌀 등 기준설정 10개 농산물 중금속 안전성조사, (환경부)토양&middot;수질 중금속 조사, (지경부)휴경&middot;토양복원, (식약청) 중금속 잔류기준 설정, (지자체) 부적합 농산물 수매&middot;폐기* 중금속오염이 우려되는 431개 폐금속광산에 대해 관계부처 합동 조사 및 관리 실시(&lsquo;06.9 합동 대책 추진)&nbsp;&nbsp;- &lsquo;09년 농산물 중금속 안전성조사 결과 : 2079건 조사, 부적합 31건(부적합률 1.5%)&nbsp;&nbsp;- &lsquo;09년 부적합농산물 : &nbsp;40.5톤 폐기 조치(쌀 36.6톤, 콩 1.4톤, 고구마 1.7톤, 팥 0.8톤 등)&nbsp;&nbsp;&nbsp;* &lsquo;10년 중금속 오염조사계획 : 안전성조사 2700건, 잔류조사 1000건, 폐금속광산 하류지역(2～4km) 농경지 오염 모니터링 82개 지역&nbsp;농식품부는 폐금속광산 지역 농경지의 특성상 오염우려가 지속적으로 제기되고 있어, 종합적인 농산물 중금속오염 관리 기본계획을 수립&middot;추진할 계획이라고 밝혔다. 주요내용은 다음과 같다.&nbsp;① 중금속오염 농경지 및 생산단계 오염도조사, 오염농산물 수매&middot;폐기 등을 일괄 관리하기 위하여 오염정보 관리 시스템을 구축한다.&nbsp;② 농산물품질관리법에 근거한 생산단계 잔류기준을 설정하여 출하 전 안전관리를 강화하고, 이미 잔류기준이 설정된 품목(쌀, 배추 등 10개) 이외 경작 농산물에 대해서도 오염 여부를 모니터링하여 그 결과에 따라 잔류기준 확대, 휴경 또는 비식용작목전환 유도 등의 대책을 강구할 계획이다.&nbsp;③ 폐금속광산 2km 이내 오염농경지 이외 하류 2~4km 오염우려지역에 대해서도 오염도조사를 실시하여 중금속오염 관리 대상을 확대해 나가며, 매립지, 산업단지 주변 농경지 및 농산물에 대한 점검도 강화해 나갈 계획이다.&nbsp;아울러 중금속 오염 농산물 잔류기준을 지속적 확대(식약청, &lsquo;10.7.1 13개 품목 &rarr; &rsquo;11.1 24개 품목으로 확대 예정)해 나가고, 오염 농경지 조사확대(환경부), 폐광지역 복원 및 휴경조치 강화(지식경제부), 휴경, 비식용작물 전환, 사후관리(지자체) 등 안전관리를 위한 관계부처간 협력을 강화해 나갈 계획이다.&nbsp;농식품부 관계자는 &ldquo;이번 농산물 중금속오염 관리강화 기본계획 추진을 통하여 농산물 중금속오염 우려를 해소할 수 있도록, 향후 세부 계획 수립 및 추진에 심혈을 기울여 나갈 것&rdquo;이라고 말했다.(2010.4.15, 농림수산식품부 홈페이지 보도자료)http://mifaff.korea.kr/gonews/branch.do?act=detailView&amp;type=news&amp;section=b_sec_1&amp;dataId=155457816",농산물중금속 안전관리강화.hwp,http://www.fact.or.kr/action.do?action=farmtech%24file&seq=179&file_seq=1,2010.04.16,이진필,179,농산물의 중금속 안전관리 강화 된다,351
"- 2015년까지 농어촌 공동체회사 3,000개 육성농어촌 활력의 중심이 될 농어촌 공동체회사가 뜬다. 15일 농림수산식품부는 농어촌의 공동체를 통해 지역의 현안과제를 주민이 스스로 해결하는 체계를 구축하기 위해 「농어촌 공동체회사」를 적극 육성할 계획이라고 밝혔다.&nbsp;○ 농어촌 공동체회사는 「지역 주민 또는 귀촌 인력이 자발적으로 참여해 기업경영방식을 접목하여 지역의 인적&middot;물적 자원을 활용함으로써 소득창출 및 지역사회 발전에 기여하는 조직」으로서&nbsp;&nbsp;&nbsp;- 마을단위 법인, 들녘별 경영체, 마을어업회사 등 기업경영방식의 공동체 조직을 광범위하게 포괄하는 개념이다.&nbsp;농어촌은 인구감소, 고령화 등으로 일자리 감소와 지역 활력 저하로 이어지는 악순환이 되풀이되고 있는데,&nbsp;○ 농어촌 공동체회사를 통해 지역의 부존자원&middot;문화&middot;인력 등을 활용해 농어촌 문제를 해결할 새로운 대안으로 삼겠다는 것이다.&nbsp;○ 최근 일부 지역을 중심으로 다양한 형태의 농어촌 공동체회사 성격의 조직이 나타나면서 지역이 활력을 되찾는 사례가 등장하고 있다.&nbsp;&nbsp;&nbsp;- 그리고 도시민의 농어촌에 대한 높은 관심과 베이비 붐 세대의 은퇴는 농어촌 공동체회사를 활성화하기에 좋은 기회이다.&nbsp;&nbsp;&nbsp;&nbsp;&nbsp;* 도시민 중 56.3%가 농어촌 이주(28.1%는 10년내 이주) 의향(KREI, &lsquo;07)&nbsp;&nbsp;&nbsp;&nbsp;&nbsp;&nbsp;* 베이비 붐 세대('55～'63년생 712만명) 은퇴 본격시작('10～'18년 311만명 은퇴 예상) 및 농어촌 유입 가능성&nbsp;&nbsp;&nbsp;&nbsp;&nbsp;&nbsp;* 귀농인구 증가 : (&lsquo;01) 880명 &rarr; ('05) 1,240 &rarr; (&rsquo;09) 4,080 (40～50대가 61%)&nbsp;영국, 일본 등 선진국에서도 지역공동체를 회복하고 지역 활성화를 위해 커뮤니티 비즈니스를 활용하여 좋은 성과를 보이고 있다.&nbsp;&nbsp;&nbsp;* 영국 : 55천개의 커뮤니티 비즈니스 설립, 50조원의 시장규모('08)&nbsp;&nbsp;&nbsp;* 일본 : 8천여개의 커뮤니티 비즈니스 설립, 시장규모 3.1조원('08)&nbsp;이러한 배경에 발맞춰 농림수산식품부는 다양한 형태의 농어촌 공동체 조직이 회사형태로 발전할 수 있도록 체계적인 지원을 통해 농어촌이 활성화되도록 유도하겠다는 방침이다.&nbsp;① 구체적으로 농어촌 공동체회사에 대한 창업 상담, 정보제공, 전문가 컨설팅 등을 지원하기 위해 「창업 보육센터」를 지정&middot;운영한다.&nbsp;&nbsp;&nbsp;- 더불어 금년부터 공동체회사의 개요, 조직&middot;회계&middot;마케팅 등에 대한 교육과정을 신설한다.&nbsp;&nbsp;&nbsp;&nbsp;&nbsp;* 창업보육센터 : 농어촌공사의 농산업&middot;도농교류지원본부에 설치&nbsp;② 창업보육센터를 통한 실태조사, 의견수렴 등 상시적인 모니터링 시스템을 구축하여 지원방안을 강구한다.&nbsp;&nbsp;&nbsp;- 한편, 법인화를 희망하는 조직에 대해서는 법인화에 필요한 정보를 제공하고, 세제 혜택을 받을 수 있도록 지원한다.&nbsp;&nbsp;&nbsp;&nbsp;&nbsp;* (농업법인) 농업용 부동산 취&middot;등록세 면제, 현물출자 양도소득세 면제, 법인세 및 배당소득 소득세 감면 등 세제 지원 가능&nbsp;&nbsp;&nbsp;&nbsp;&nbsp;* (사회적기업) 소득세&middot;법인세 감면, 사회적기업에 기부하는 민간기업은 소득의 일정수준 범위 내에서 기부금의 손금산입 인정 등 혜택 가능&nbsp;③ 또한 고품질 쌀 최적 경영체 육성, 자율관리어업 공동체 지원 등 농림수산식품 관련사업을 연계 지원한다.&nbsp;&nbsp;&nbsp;- 노동부 사회적기업의 성격에 부합할 경우 사회적기업으로 인증 받을 수 있도록 유도하는 등 관련 정부부처의 사업비를 지원받을 수 있도록 관계부처와도 적극 협조할 계획이다.&nbsp;&nbsp;&nbsp;&nbsp;&nbsp;* 사회적기업육성 지원사업(노동부), 자활사업&middot;노인일자리 사업(보건복지부) 등&nbsp;&nbsp;&nbsp;- 아울러 전국 1,274개 지역 농&middot;수협이 문화복지서비스 제공, 도농교류 등의 분야에서 적극적인 역할을 하도록 유도해 나갈 예정이다.&nbsp;④ 농어촌 공동체회사가 추진하는 사업의 지역발전 기여정도, 자립성, 지역주민 참여정도 등을 심사하여 우수 사업에 대해서는 활동비, 교육비 등 필요한 자금을 지원할 예정이다.&nbsp;&nbsp;&nbsp;- 내년부터 연차적으로 예산을 확보하여 오는 2015년까지 모두 1천 개 우수 사업을 지원하고, 관련 농림수산식품사업의 연계지원 등으로 모두 3천 개의 농어촌 공동체회사를 육성할 계획이다.&nbsp;⑤ 교사, 예술가, 기업경영자 등 도시민들이 은퇴후 농어촌 공동체회사에 적극 참여할 수 있도록 웰촌포털(www.welchon.com)과 귀농&middot;귀촌종합센터 등을 통해 관련정보를 체계적으로 제공한다.&nbsp;⑥ 농어촌 공동체회사가 활성화되도록 법적&middot;제도적 뒷받침을 하기로 하였다.&nbsp;&nbsp;&nbsp;- 농어촌 공동체회사 사업에 대한 지원 근거를 마련하기 위해 지난해 11월 「농어업인 삶의 질 향상 특별법」개정안을 국회에 제출한 바 있다.&nbsp;&nbsp;&nbsp;- 또한 농어촌 공동체회사 창업 지원, 보육센터 설립 및 활동에 관한 법적 근거 마련, 도시의 기업과 농어촌 공동체회사간 파트너십 활성화(1사1공동체회사) 등 공동체회사의 체계적 관리 및 발전을 제도적으로 뒷받침하기 위해 「(가칭)농어촌 공동체회사 육성법」 제정을 추진하기로 하였다.&nbsp;앞으로 농어촌 공동체회사에 대한 인식을 조기에 확산하기 위해 홍보에 역점을 둘 계획이다.&nbsp;○ 이를 위해 국내외 우수사례를 발굴하여 보급하고, 다양한 형태의 농어촌 공동체회사 관계자, 전문가, 지역주민, 공무원 등이 참여하는 워크숍을 개최하여 농어촌 공동체회사의 발전방안을 모색한다.&nbsp;○ 농어촌 주민, 일선 공무원 등이 농어촌 공동체회사를 쉽게 이해하고 참여할 수 있도록 세부안내책자를 발간&middot;배포한다.&nbsp;농림수산식품부는 농어촌 공동체회사를 활동 목적에 따라 농식품산업형, 도농교류형, 지역개발형, 사회복지 서비스 제공형 등으로 구분할 수 있다고 밝혔다.&nbsp;① 농식품산업형 : 전남 여수 적금 마을어업 공동체&nbsp;&nbsp;&nbsp;- 적금마을어업 공동체 58명의 조합원은 개인이 보유하던 10척의 문어잡이 어선을 공동체 소유의 3척으로 통폐합하여 어업자원을 자율적으로 관리하고, 펜션을 공동으로 운영하고 있다.&nbsp;&nbsp;&nbsp;- 이를 통해 2005년 호당 1천2백만 원이던 소득이 2009년에는 5천1백만 원(공동체 배당 45, 개별소득 6)으로 4.3배 늘었고, 경로잔치, 효도관광, 독거노인 지원 등의 활동도 추진하고 있다&nbsp;② 도농교류형 : 충북 충주 농촌체험연구회&nbsp;&nbsp;&nbsp;- 충주에서 사과농장을 운영하는 박춘성씨는 농장, 곤충 박물관, 공예공방 등 관내 35개의 다양한 체험장이 참여하는 농촌체험연구회를 조직하여 활동하고 있으며,&nbsp;&nbsp;&nbsp;- 올 초에는 서울의 H여행사에 근무하다 귀촌한 도시민을 사무장으로 영입하여 충주호 등 지역의 관광자원과 농업체험 등을 연계하는 마케팅을 적극 추진할 예정이다.&nbsp;③ 지역개발형 : 충북 단양 &lsquo;한드미 유통 영농조합법인&rsquo;&nbsp;&nbsp;&nbsp;- 한드미 마을 주민들이 &lsquo;한드미 유통 영농조합법인&rsquo;을 설립하였고, 6개 팀(상거래팀, 농촌체험팀, 조리팀, 농촌유학팀, 생활환경팀, 노인회)을 구성하여 마을주민들이 모두 지역 활동에 참여하고 있다.&nbsp;&nbsp;&nbsp;- 2009년의 경우 마을주민들은 법인 활동 참여 정도에 따라 연간 170만원～700만원(월 14～58만원) 정도의 소득을 올렸다.&nbsp;&nbsp;&nbsp;&nbsp;&middot; 앞으로 마을식당을 운영하여 지역의 식재료를 이용한 건강식으로 특화하여 일자리를 창출하고 소득을 높여 나갈 계획이다.&nbsp;④ 사회복지서비스형 : 전남 순천 여성문화회관 주부, 사랑빵 사업&nbsp;&nbsp;&nbsp;- 순천 여성문화회관에서 제빵강좌를 수강하여 기술을 습득한 주부(상시고용 8, 자원봉사 20여명)들이 지역에서 생산되는 밀로 &lsquo;순천 사랑빵&rsquo;을 구워 경로당, 소년소녀 가장 등에게 나눠주고 있다.&nbsp;&nbsp;&nbsp;- 여성문화회관의 다른 강좌 수강생에 대한 판매, 순천만 쉼터 및 순천시청 구내식당 납품 등으로 발생된 수익은 어려운 이웃을 돕는데 사용하고 있다.&nbsp;&nbsp;&nbsp;&nbsp;&nbsp;&nbsp;* 2009년 판매액 145백만원(인건비 38, 공익기금 24, 재료 및 운영비 83)&nbsp;농림수산식품부 관계자는 &ldquo;농어촌 공동체회사가 활성화되면 규모의 경제, 범위의 경제를 통해 농식품산업의 경쟁력이 강화되고, 지역활성화를 통한 인구유입, 복지서비스 확충 등 선순환 구조가 이어질 것&rdquo;이라고 내다봤다.&nbsp;○ 또 &ldquo;농어촌 공동체회사는 농어촌이 직면하고 있는 문제를 외부에 의존하여 해결하기 보다 농어촌 주민이 스스로 해결해 보겠다는 의지의 표명이고, 제2의 새마을 운동의 기폭제가 되길 기대한다.&rdquo;고 밝혔다.(2010.4.15, 농림수산식품부 홈페이지 보도자료)http://mifaff.korea.kr/gonews/branch.do?act=detailView&amp;type=news&amp;section=b_sec_1&amp;dataId=155457785#",농어촌 공동체회사 활성화.hwp,http://www.fact.or.kr/action.do?action=farmtech%24file&seq=178&file_seq=1,2010.04.16,이진필,178,"농어촌 활력의 중심, 농어촌 공동체회사가 뜬다",367
"&nbsp;2010년도 쌀소득보전직불금에 대한 등록신청이 4월 15일부터 6월 15일까지 2개월간 실시된다.&nbsp;&nbsp;○ 쌀직불금을 받고자 하는 농업인은 동기간 내에 농지소재지 관할 읍&middot;면&middot;동 사무소에 &lsquo;쌀소득보전직접지불금 등록신청서&rsquo;를 제출해야 한다.&nbsp;쌀직불금은 지급대상 농지를 실제로 경작하는 농업인만이 신청할 수 있으며, 지급대상 농지 및 대상자의 요건은 다음과 같다.&nbsp;&nbsp;○ 쌀직불금의 지급대상이 되는 농지는 1998년 1월 1일부터 2000년 12월 31일까지 논농업에 이용된 농지로서,&nbsp;&nbsp;&nbsp;- 하천구역안의 농지, 농지전용허가&middot;전용신고&middot;전용협의를 거친 농지 등과&nbsp;&nbsp;&nbsp;- 그동안 부정한 방법으로 직불금을 수령한 자의 농지 등은 지급대상에서 제외된다.&nbsp;&nbsp;○ 쌀직불금 지급대상자는 2005년부터 2008년까지 기간 중 쌀직불금을 1회 이상 정당하게 지급받은 자로서,&nbsp;&nbsp;&nbsp;- &ldquo;농촌&rdquo; 외의 지역에 주소(주된 사무소)를 둔 자는 &ldquo;농업의 주업&rdquo; 요건을 갖춘 자에 한하여 지급대상자로 인정되며,&nbsp;&nbsp;&nbsp;&nbsp;&nbsp;&nbsp;* 농업의 주업 요건 : 농지 1만㎡ 이상 경작, 연간 농산물 판매액 9백만원 이상, 거주하고 있는 시?구에서 논 1천㎡ 경작(2년 이상) 등&nbsp;&nbsp;&nbsp;- 후계농업경영인?전업농업인 등 &ldquo;신규진입 요건&rdquo;을 갖춘 자는 예외적으로 지급대상자가 될 수 있다.&nbsp;&nbsp;&nbsp;&nbsp;&nbsp;&nbsp;&nbsp;* 신규진입 요건 : 후계농업경영인&middot;전업농업인, 농지 1만㎡ 이상 경작(2년 이상), 직불금 수령자의 사망으로 인해 승계 받은 자 등&nbsp;&nbsp;○ 다만, 농업 외의 종합소득이 3천7백만 원 이상인 사람이거나, 1인당 30ha가 넘는 농지에 대해서는 직불금을 받을 수 없다.&nbsp;특히, 지난해 &ldquo;직불금을 신청하는 과정에 일부 불편사항이 있다.&rdquo;는 농업인들의 의견을 반영하여 올해에는 관련 법규의 개정을 통해 신규진입 요건을 일부 완화하고, 신청 서류 및 확인 절차를 간소화하는 등 제도를 개선하였다.&nbsp;우선, 신규 진입요건을 완화함에 따라,&nbsp;&nbsp;○ 지급대상 농지에서 생산된 농산물의 판매실적이 2년간 9백만 원 이상이거나,&nbsp;&nbsp;○ 농어촌공사에 임대차&middot;위탁했던 농지를 회수하여 논농업에 종사하는 농업인의 경우에도 신규진입 요건을 갖춘 것으로 보아 쌀직불금을 수령할 수 있게 되었다.&nbsp;또한, 신청구비서류 및 절차를 개선하여, 해당 농지에 대한 경작증명 서류의 범위를 확대하고, (4종류&rarr; 5종류)&nbsp;&nbsp;&nbsp;* ①쌀 등 농산물 판매서류 ②농약&middot;비료 등 농자재 구매 증명 서류 ③종자&middot;육묘 등 구매서류 ④벼 등의 계약재배를 확인하는 서류 ⑤친환경농산물 인증서, 농기계 구입 영수증 등&nbsp;&nbsp;○ 농지소재지 거주자에게 실경작 확인이 어려운 민통선 안에 있는 농지는 담당공무원이 경작사실을 확인할 수 있도록 하는 등 확인 절차를 간소화하였다.&nbsp;농식품부 관계자는 &ldquo;제도개선에 따라 신규로 쌀농사에 진입하는 귀농인 등 농업인에게 쌀직불금의 혜택이 확대되고, 증빙서류를 갖추느라 어려움이 많았던 농업인들의 불편이 해소될 것으로 기대된다&rdquo;고 밝혔다.&nbsp;&nbsp;○ 또한 &ldquo;반드시 기간 내에 등록신청을 마쳐서 올해 쌀직불금을 수령하는 데 차질이 생기지 않도록 주의해 줄 것&rdquo;을 당부했다.&nbsp;기타 지급요건, 구비 서류 등 쌀직불금 신청절차에 대한 의문사항은 읍&middot;면&middot;동 사무소를 방문하면 자세히 안내받을 수 있다.(2010.4.14, 농림수산식품부 홈페이지 보도자료)http://mifaff.korea.kr/gonews/branch.do?act=detailView&amp;type=news&amp;section=b_sec_1&amp;dataId=155457449",2010 쌀소득직불제 등록신청시작.hwp,http://www.fact.or.kr/action.do?action=farmtech%24file&seq=177&file_seq=1,2010.04.16,이진필,177,2010년도 쌀직불금 등록신청 접수 시작(4.15~6.15),358
"최근들어 여러 분야에서 여성의 진출이 두드러지고 있는 가운데 농업분야에서도 창업으로 경영일선에 나선 여성이 많습니다.(후략) (2010.4.14, KBS뉴스)http://news.kbs.co.kr/news/actions/NewsAction?cmd=newsPrint&amp;news_code=2080198#// ",2010.04.15,이진필,176,농업도 여풍…여성 농업인 CEO 급증,419,2010년도 쌀직불금 등록신청 접수 시작(4.15~6.15),358
"- 무농약인증은 대폭 증가하고, 저농약인증은 감소농림수산식품부는 &lsquo;09년 친환경농산물 생산량은 236만톤(전체 농산물의 12.2% 수준)으로 전년보다 7.8% 늘어났고,&nbsp;&nbsp;○ 참여한 농가수도 &lsquo;08년보다 15% 증가한 19만9천호, 재배면적도 16% 증가(전체 재배면적의 11.6%, 20만2천ha)했다고 밝혔다.&nbsp;&nbsp;&nbsp;&nbsp;* 친환경농산물 생산량 : (&lsquo;08) 2,188천톤 &rarr; (&rsquo;09) 2,358(증 7.8%)&nbsp;인증실적을 보면 저농약인증 농산물의 경우, 인증제도가 금년부터 중단된다는 사실이 알려지면서 다소 줄어든 반면&nbsp;&nbsp;&nbsp;&nbsp;* 09년 이전에 저농약 인증을 받은 농가는 기간 연장을 통해 2015년까지 유효&nbsp;&nbsp;○ 무농약인증 농산물은 &lsquo;08년보다 대폭 증가(&rsquo;08대비 60% 증)하였고, 유기인증 농산물은 비슷한 수준으로 나타났다.&nbsp;이처럼 지난해에 전반적으로 친환경농산물 생산량이 늘어나고, 무농약인증 친환경농산물이 대폭 증가한 것은&nbsp;&nbsp;○ 지난해 4월 친환경농업육성법 개정(&lsquo;09.4.1시행)으로 저농약 인증제 폐지에 따라 친환경농업단지 조성 및 수매자금 지원 등 정부지원 사업을 무농약이상으로 개편하고, 저농약 인증이 많은 과실류 등에 대한 유기기술 개발&middot;보급 등 무농약, 유기인증 전환 대책을 적극 추진하는 한편,&nbsp;&nbsp;○ 지자체 등을 통한 대 농업인 지도&middot;홍보 강화와 민간부분의 적극적인 호응이 많은 영향을 미친 것으로 보인다.&nbsp;농림수산식품부는 앞으로도 친환경농산물 시장이 지속적으로 확대&middot;발전하기 위해서는 소비자 신뢰가 무엇보다 중요하다는 인식하에&nbsp;&nbsp;○ 지난해부터 친환경농업육성법령 등 관련규정을 제&middot;개정해인증심사원의 교육이수 의무화, 인증농가의 포장재 제작 및 사용기록 의무화, 부실인증 방지를 위한 인증기관 및 인증농가 사후관리 강화 등의 대책을 추진한 바 있으며&nbsp;&nbsp;○ 앞으로, 인증기준 등을 위반한 인증기관에게 지정취소 등 행정처분이 가능토록 법 개정을 추진하고, 국립농산물품질관리원 친환경농산물 단속공무원에게 특별사법경찰권을 부여하는 방안을 법무부와 협의하여 나갈 계획이다. (2010.4.13, 농림수산식품부 홈페이지 보도자료)",2009 친환경농산물 인증실적.hwp,http://www.fact.or.kr/action.do?action=farmtech%24file&seq=175&file_seq=1,2010.04.14,이진필,175,09년 친환경농산물 236만톤 생산(전년대비 7.8% 증),453
"- 전통 및 현대적인 감각을 살린 막걸리 잔 8종 선정농림수산식품부는 지난 3.24일부터 31일까지 진행한 &lsquo;막걸리 잔 공모전&rsquo;에 출품된 539종(실물잔 234, 디자인 305)을 심사하여 시상작 8종을 선정하였다고 밝혔다.&nbsp;&nbsp;○ 이번 공모전은 막걸리 전용잔 개발에 국민들의 아이디어를 얻기 위해 마련된 것으로 실물형태 4종, 디자인안 4종이 일반보급형과 고급형으로 구분되어 선정되었다.구분실물 잔디자인안고급형일반보급형고급형일반보급형전통현대전통현대전통현대전통현대성명류희도김종환&#8228;정현지유혜주조영복최규영서동훈박현진박영동&#8228;박완수주소수원서울서울천안창원김포인천대구작품명크림 잔달새색시 잔누룩백자동서양조합Wooly Bully꽃과술호월배&nbsp;농식품부는 이번에 선정된 아이디어를 바탕으로 1개월간 디자인, 공예, 마케팅 등 민간전문가로 구성된 막걸리 잔 제작팀을 구성하여 총 16종의 막걸리 전용잔을 개발할 계획이다.&nbsp;&nbsp;○ 최종 제작되는 16종의 잔은 5.10일 남산한옥마을에서 개최 예정인 &lsquo;월드컵 16강 진출 기원 지역대표 막걸리 선발대회&rsquo;와 &lsquo;서울국제식품산업대전(KINTEX, 5.12～5.14)&rsquo;, &lsquo;막걸리 산업전(서울광장, 6.11～6.13)&rsquo;을 통해 홍보&middot;보급할 예정이다.&nbsp;이번 막걸리 잔 공모전에는 대학생, 일반인뿐만 아니라, 디자인 및 도예분야 종사자들이 많은 관심을 갖고 참가하여 수준 높은 작품들이 많이 출품되었다.&nbsp;&nbsp;○ 심사는 막걸리 전문가, 양조업계, 외식, 디자인&middot;도예, 의학계 등 각계 전문가 10명으로 구성된 심사위원단이 막걸리 잔으로서의 전통성과 기능성 등을 평가하였으며,&nbsp;&nbsp;○ 특히, 잔을 실제로 보급한다는 점을 감안하여 실용성과 보편성에 중점을 두어 선정하였다고 농식품부 관계자는 밝혔다.&nbsp;농식품부 관계자는 &ldquo;이번 공모전을 통해 국민들로부터 사랑받고 있는 막걸리의 대중화를 촉진하고, 음주패턴이 반영된 정량의 잔을 사용함으로써 건강한 음주문화를 조성하는데도 크게 기여할 것으로 기대된다&rdquo;고 말했다.&nbsp;&nbsp;○ 또한, 공모전을 통해 선정된 막걸리 실물 잔 및 디자인안, 이를 바탕으로 제작한 막걸리 잔은 실용신안 등록 등의 조치를 취한 후 공개하여 누구나 사용할 수 있도록 할 계획이라고 덧붙였다.(2010.4.13, 농림수산식품부 홈페이지 보도자료)http://mifaff.korea.kr/gonews/branch.do?act=detailView&amp;type=news&amp;section=b_sec_1&amp;dataId=155456970",2010 막걸리잔 공모.hwp,http://www.fact.or.kr/action.do?action=farmtech%24file&seq=174&file_seq=1,2010.04.14,이진필,174,막걸리 잔(盞) 공모결과 발표,511
"- 농약관리법 개정 법률 공포(4.12)농림수산식품부는 농약 판매기록 의무화, 위해성 농약 회수&middot;폐기 등 농약 안전관리 강화를 주요 내용으로 하는 농약관리법 개정 법률이 4.12일자로 공포되었다고 밝혔다. 개정 법률은 공포 후 6개월이 경과한 날부터 시행된다.&nbsp;개정 법률의 주요 내용을 살펴보면 우선 제조업자.수입업자 및 판매업자는 농약 구매자의 이름.주소.품목명.수량 등을 기록하여 보존하도록 하고, 이를 위반한 경우에는 과태료를 부과하도록 하였다.&nbsp;○ 현행 농진청 고시 「농약의 취급제한기준」에는 고독성 농약, 어독성 1급 등 일부 농약의 판매기록을 보존하도록 하고 있으나,&nbsp;○ 이번 법 개정을 통해 법적 근거를 명확히 하고, 농약 유통.사용에 대한 역추적이 가능하도록 제조.수입.판매업자에 대하여 고독성 농약 등 대통령령으로 정하는 농약을 구매한 구매자의 정보를 기록하여 보존하도록 의무화하였다.&nbsp;아울러, 농촌진흥청장이 농약의 등록사항을 변경 또는 취소하거나 제조&middot;수출입 또는 공급을 제한하는 처분을 하는 경우, 해당 농약의 회수&middot;폐기를 명할 수 있도록 하였다.&nbsp;한편, 과학기술의 발달에 따라 '약재' 외의 형태로 제조되어, 기존의 농약과 같은 살균.살충.제초 및 생장조절 효과를 나타내는 1-mcp 기체발생장치, 농약 처리된 봉지 등에 대해서는 '농약활용기자재'로 등록한 후 판매하도록 하였다.&nbsp;&nbsp;&nbsp;&nbsp;* 1-mcp 기체발생장치 : 과일이나 채소의 신선도를 높여 저장기간을 획기적으로 늘림&nbsp;○ 앞으로 '농약활용기자재'는 농촌진흥청에서 구체적인 사항을 제정하여 고시할 계획이며, 해당 업체에서 등록에 필요한 시험성적서를 준비하여 법 시행 이후 2년 이내에 등록하도록 하였다.&nbsp;&nbsp;농림수산식품부는 &lsquo;11년까지 건강과 환경을 위협하는 고독성 농약 12종을 사용 중지(메타미도포스 액제 등 고독성 농약 3종을 제조업체의 자진취소 신청에 따라 &lsquo;10. 4. 6일자로 농촌진흥청이 등록 취소)토록 할 계획이며, 농산물 안전성 조사도 대폭 강화하는 등 안전관리 대책을 수립.추진하고 있다.&nbsp;○ 또한 이번 법 개정에 이어 천연식물보호제의 정의를 신설하여 농약으로 관리하고, 농약의 인터넷&middot;청소년 판매 중지, 판매관리인 지정과 교육 의무화 등을 골자로 하는 추가적인 법령정비를 통하여 우수한 농약의 개발&middot;이용을 촉진하고 안전관리를 강화해 나갈 계획이다.&nbsp;농식품부는 이번 농약관리법 개정내용에는 &ldquo;농약의 관리와 안전 사용을 강화하여 농산물의 안전성을 한 단계 높이는 획기적인 내용&rdquo;이 포함되어 있다며, &ldquo;향후 하위규정(시행령, 시행규칙, 고시) 정비를 통해 시행에 만전을 기해 나갈 것&rdquo;이라고 밝혔다.(2010.4.12, 농림수산식품부 홈페이지 보도자료)http://mifaff.korea.kr/gonews/branch.do?act=detailView&amp;type=news&amp;section=b_sec_1&amp;dataId=155456597&nbsp;",농약관리법 개정.hwp,http://www.fact.or.kr/action.do?action=farmtech%24file&seq=173&file_seq=1,2010.04.14,이진필,173,"농약 판매기록 의무화, 위해성 농약 회수 등 농약 안전관리 강화된다-농약관리법 개정",450
"- 농업현장에서 선도적 역할을 담당, 현재까지 307명 선정장태평 농림수산식품부 장관은 4월 8일 농업연수원에서 박희춘 씨를 비롯한 13명의 농업인에게 2010년도 &ldquo;신지식농업인 장(章)&rdquo;을 수여할 예정이다.&nbsp;○ 농식품부는 &lsquo;99년부터 독창적인 농업 지식과 기술을 토대로 자신 뿐만 아니라, 타 농업인의 부가가치 창출에도 기여해 온 우수 농업인을 신지식농업인으로 선정해왔으며 올해까지 총 307명을 선정했다.&nbsp;○ 금년도 신지식농업인은 지방자치단체, 농업관련 기관?단체 등이 추천한 총 91명의 후보자에 대해 현지 실태, 기술혁신수준, 지역 기여도, 자질 등을 평가하고 &lsquo;신지식농업인운영위원회&rsquo;의 심의를 거쳐 최종 선정하였다.&nbsp;&nbsp;&nbsp;&nbsp;* 분야별 선정인원 : 과수 1, 채소 1, 화훼 2, 특작 1, 가공 3, 축산 4, 농촌체험&middot;교육 등 기타 1&nbsp;올해 선발된 신지식농업인 중 매봉 농업회사법인을 운영중인 박희춘(52세, 전남 무안)씨는 농산물 이력관리와 소비지물류시스템에 맞춘 출하방법 개선을 통해 비용을 절감, 소득증대 효과를 보고 있다.&nbsp;○ 품종, 저장방법, 재배지&middot;방식에 대한 이력관리를 통해 양파 저장 중 감모율을 기존 15% 수준에서 4&sim;6%로 낮추어 연간 1억 원 이상의 비용절감 효과를 달성하였고, 파렛트 출하로 하역비를 50% 절감하는 효과를 거두었다.&nbsp;충북 영동의 조영수씨(52세)는 농업기술센터, 종축개량협회와 함께 한우 개량과 육종을 통해, 일반 송아지보다 5&sim;30% 높은 가격에 출하&middot;분양하여 소득을 높이고 있다.&nbsp;○ 한우용 자동 수유기(대용유 자동급여기)를 개발해 초유 급유 후 어미로부터 분리 수용을 할 수 있게 되어 송아지의 주 폐사원인이 되었던 설사로부터 생존률(육성률)을 약 10% 높였으며,&nbsp;○ 암소의 가임기간이 늘어나 번식률을 약 10% 향상시켰으며, 별도의 송아지 분만사가 필요 없게 되어 축사 투자비 1억원(100두 기준) 절감 효과를 가져 왔다.&nbsp;장태평 농림수산식품부 장관은 &ldquo;지식기반 경제의 시대에 앞선 지식과 기술을 창출해 나가고 다른 농업인과 공유하여 선도적인 경영모델을 만들어 내는 것이 신지식농업인의 역할&rdquo;이라며 우리나라 농업선진화를 이끄는 선도자가 되어 줄 것을 당부했다.(2010.4.7, 농림수산식품부 홈페이지 보도자료)http://mifaff.korea.kr/gonews/branch.do?act=detailView&amp;type=news&amp;section=b_sec_1&amp;dataId=155455342",2010 신지식인 선정.hwp,http://www.fact.or.kr/action.do?action=farmtech%24file&seq=172&file_seq=1,2010.04.12,이진필,172,"2010년도 신지식농업인 13명 선정, 신기술로 비용을 절감하여 소득 증대 실현",483
"농식품부 공고 제2010-138호농식품부가 지원하는 농어업경영컨설팅사업의 컨설팅 사업자로 선정된 업체와 인증이 취소된 업체를 다음과 같이 공고합니다&nbsp;&nbsp;&nbsp;&nbsp;&nbsp;&nbsp;&nbsp;&nbsp;&nbsp;&nbsp;&nbsp;&nbsp;&nbsp;&nbsp;&nbsp;&nbsp;&nbsp;&nbsp;&nbsp;&nbsp;&nbsp;&nbsp;&nbsp;&nbsp;&nbsp;&nbsp;&nbsp;&nbsp;&nbsp;&nbsp;&nbsp;&nbsp;&nbsp;&nbsp;&nbsp;&nbsp;&nbsp;&nbsp;&nbsp;&nbsp;&nbsp;&nbsp;&nbsp;&nbsp;&nbsp;&nbsp;&nbsp;&nbsp;&nbsp;&nbsp;&nbsp;&nbsp;&nbsp;&nbsp;&nbsp;&nbsp;&nbsp;&nbsp;&nbsp; 2 010년 4월 1일&nbsp;&nbsp;&nbsp;&nbsp;&nbsp;&nbsp;&nbsp;&nbsp;&nbsp;&nbsp;&nbsp;&nbsp;&nbsp;&nbsp;&nbsp;&nbsp;&nbsp;&nbsp;&nbsp;&nbsp;&nbsp;&nbsp;&nbsp;&nbsp;&nbsp;&nbsp;&nbsp;&nbsp;&nbsp;&nbsp;&nbsp;&nbsp;&nbsp;&nbsp;&nbsp;&nbsp;&nbsp;&nbsp;&nbsp;&nbsp;&nbsp;&nbsp;&nbsp;&nbsp;&nbsp;&nbsp;&nbsp;&nbsp;&nbsp;&nbsp;&nbsp;&nbsp;&nbsp;&nbsp;&nbsp;&nbsp; 농림수산식품부장관&nbsp;농어업경영컨설팅 인증업체 공고&nbsp;&nbsp;1. 인증업체 : 44개 업체(첨부물 참조)&nbsp;2. 인증 취소 업체 : 4개 업체&nbsp; - (주)세실에이스, (주)와이즈포스트파트너즈, (주)애니인포넷, 아름농업연구소&nbsp;&nbsp;3. 인증업체 44개는 농식품부가 보조 지원하는 농어업경영컨설팅사업 대상자로&nbsp; 선정된 농어업 경영체에 대하여 컨설팅을 할 수 있다. (2010.4.1, 농림수산식품부 홈페이지 공고)http://www.mifaff.go.kr/USR/BORD0201/m_156/DTL.jsp?id=B10301010&amp;cate=&amp;key=subject&amp;search=&amp;search_regdate_s=&amp;search_regdate_e=&amp;order=&amp;desc=asc&amp;srch_prc_stts=&amp;pg=1&amp;mode=view&amp;idx=26948",2010.04.05,이진필,171,2010년도 농어업경영컨설팅사업 컨설팅 인증업체 공고,346,"2010년도 신지식농업인 13명 선정, 신기술로 비용을 절감하여 소득 증대 실현",483
"스페인의 바스크 농업연구소(Basque Institute for Agricultural Research and Development)에서는 토마토의 품질을 결정하는 요인은 주로 자연광이라는 일반적인 믿음에 의문을 제기하는 한편, 가장 결정적인 요인은 온도라고 밝혔다. 이 연구결과는 기후조건으로 인해 빛이 약한 지역에서도 토마토를 경작할 수 있다는 가능성을 열어주었다. 이 연구결과는 특히 스페인 북부 칸타브리아 산 부근 같은 지리 환경, 즉 구름이 자주 하늘을 뒤덮고, 비 오는 날이 평균 연중 140일에 달하는 지리 환경을 위한 것으로, 이러한 지리 환경에서는 태양 복사량이 적더라도 비닐하우스 토마토를 재배하기에는 적당할 수 있다는 점을 시사한다. (후략) (2010.4.5, 한국과학기술정보연구원 정보분석본부)http://mirian.kisti.re.kr/gtb_trend/class_gtb/class_gtb_v.jsp?sub_menu=2&amp;cn=GTB2010030938&amp;dbt=TREND&amp;service_code=03&amp;user_id=betl2001",2010.04.05,이진필,170,"토마토 품질, 자연광보다는 온도가 좌우",349,"2010년도 신지식농업인 13명 선정, 신기술로 비용을 절감하여 소득 증대 실현",483
"3월31일 국회에서 개최된 당정협의에서 농식품부는 쌀 수급안정 방안에 대해 보고하였다.&nbsp;○ 이날 당정협의에서 농식품부는 금년도 벼 재배면적을 약 90만ha 수준으로 전망하고, 생산량은 평년작(501kg/10a) 감안시 452만 톤, 지난해와 같은 대풍시는 474만 톤 이상으로 추정된다고 하였다.&nbsp;○ 이는 내년도 수요량 고려시 약 14&sim;36만 톤의 잉여물량이 발생한다는 의미이다.&nbsp;따라서, 정부는 금년도 쌀 수급균형을 위해서 대대적인 쌀 가공식품 개발 등 소비촉진과 함께 논에 벼 이외의 타작목 재배를 유도해 나갈 계획이다.&nbsp;○ 우선, 쌀 가공식품 확산을 위하여 기업과 쌀 가공식품 R&amp;D(매년 10억원) 및 가공시설 투자시 정부자금을 지원(&rsquo;10년 600억원) 할 계획이다.&nbsp;○ 또한, 국내 밀가루 사용량의 10%는 쌀가루로 대체하는 「R-10 코리아 프로젝트」를 적극 추진할 계획이며 세부 내용은 다음과 같다.&nbsp;&nbsp;&nbsp;- 먼저, 가정에서 활용할 수 있는 쌀가루 이용 레시피 책 발간과 &nbsp;쌀가루 전문 판매 코너(백화점, 농협 하나로마트 등) 개설 등을 추진하고,&nbsp;&nbsp;&nbsp;- 쌀을 이용한 간편식 및 지자체 특화식품과 연계한 제품을 개발 보급하며,&nbsp;&nbsp;&nbsp;&nbsp;&nbsp;* 팝콘 대체 쌀과자(영화관), 천안 쌀호두과자, 부안 쌀두부 등 개발ㆍ보급 추진 중&nbsp;&nbsp;&nbsp;- 쌀 가공식품 캐릭터 개발, 홍보대사 운영 등 대대적인 홍보를 &nbsp;추진할 계획이다.&nbsp;&nbsp;&nbsp;&nbsp;&nbsp;* 'R10 KOREA 프로젝트' &nbsp;발대식 및 UCC 대회 개최(4월중)&nbsp;○ 아울러, 논에 벼 이외의 다른 작목 재배 확대를 위하여 쌀 변동직불금 지급을 현재 벼에서 타작목으로 확대하는 것을 관련부처와 협의해 나갈 계획이다.&nbsp;&nbsp;* 쌀 직불금 지급현황(&rsquo;09년산 : 143만원/ha) : (고정) 70만원/ha + &nbsp;(변동) 73만원/ha&nbsp;또한, 쌀 품질 중심의 소비 트랜드에 부응하고, 쌀의 품질 경쟁력을 높일 수 있도록 쌀 등급제 도입 등 양곡표시제를 추진하고,&nbsp;&nbsp;* 현재는 주로 품종, 싸라기 등 외형적 품위 위주로 표시가 되고 있으며, 맛에 큰 영향을 미치는 완전미 및 단백질 함량을 표시한 쌀은 23% 수준&nbsp;&middot; 정부양곡의 품질 개선 및 민간의 품질고급화 촉진을 위해 품질 위주의 정부매입 품종 선정 및 검사 기준 강화하기로 하였다.&nbsp;그밖에 정부가 보유하고 있는 쌀 재고량을 줄여 재고비용 감소는 물론, 창고여석 확보를 위해 &rsquo;05년산 구곡(147천톤)을 특별처분하고, &rsquo;06년산 구곡의 가격을 인하하여 가공식품용으로 공급할 계획이다.(2010.3.31, 농림수산식품부 홈페이지 보도자료)http://mifaff.korea.kr/gonews/branch.do?act=detailView&amp;type=news&amp;section=b_sec_1&amp;dataId=155453338",2010 쌀수급안정 당정협의.hwp,http://www.fact.or.kr/action.do?action=farmtech%24file&seq=169&file_seq=1,2010.04.01,이진필,169,"쌀 수급안정 위해 타작목 재배 유도, 재고특별처분, 'R10 KOREA 프로젝트' 추진",346
"- &lsquo;09.5.1일자로 품종보호 대상작물이 모든 작물(6종 제외)로 확대그동안 식물 신품종을 개발하였으나 품종보호대상작물이 아니어서 출원을 할 수 없었던 작물의 품종보호권을 확보하고자 하는 사람은 오는 4.30일까지 출원서를 국립종자원에 제출해야 한다.&nbsp;○ 품종보호 대상작물은 &lsquo;09.5.1일자로 223개 작물에서 모든 작물(6종 제외 : 딸기&middot;감귤&middot;나무딸기&middot;블루베리&middot;양앵두&middot;해조류)로 확대된 바 있으며(농식품부고시 제2009-28호), 이에 따라 뽕나무&middot;수련&middot;꽃창포&middot;팔손이나무&middot;금계곡 등의 품종보호를 출원할 수 있게 되었다.&nbsp;○ 그러나, 종자산업법에서는 품종보호대상작물로 신규 지정될 당시 이미 유통 중인 품종은 품종보호대상작물로 지정된 날부터 1년 이내에 출원하는 경우 예외적으로 신품종으로 인정받을 수 있도록 규정하고 있다.(종자산업법 제13조의2)&nbsp;국립종자원 관계자는 &ldquo;이미 유통되고 있는 알려진 품종은 품종보호대상작물로 정하여진 날(&lsquo;09.5.1.)부터 1년 이내인 &rsquo;10.4.30일까지 출원하여야 신규성 예외를 인정받아 품종보호권 등록이 가능하다&rdquo;며, &ldquo;시기를 넘겨 신품종의 보호권을 놓치지 않도록 주의해야 한다&rdquo;고 당부하였다.&nbsp;식물 신품종이 품종보호를 받기 위해서는 신규성, 구별성, 균일성, 안정성, 품종 명칭 등의 구비요건을 갖추어야 한다.&nbsp;○ 품종보호 출원 시 구비서류는 품종보호출원서, 품종의 육성과정, 품종특성설명, 품종특성기술서, 품종 사진 및 시료이며 국립종자원 품종심사과 품종보호상담센터(☏031-467-0111)로 온&middot;오프라인을 통해 제출하면 된다.(2010.3.29, 농림수산식품부 홈체이지 보도자료)http://mifaff.korea.kr/gonews/branch.do?act=detailView&amp;type=news&amp;section=b_sec_1&amp;dataId=155449518",신규 품종보호 출원.hwp,http://www.fact.or.kr/action.do?action=farmtech%24file&seq=168&file_seq=1,2010.03.29,이진필,168,"신규 품종보호대상작물, 품종 출원 서두르세요!",372
"제초제의 효율과 환경에 대한 안전성을 평가할 때 관개(irrigation), 즉 물을 대는 시점과 관개수의 양보다는 작물의 종류와 과거 제초제 사용 이력이 더욱 결정적인 요소라는 사실이 미국 농업연구청(Agricultural Research Service, ARS) 연구원들의 연구 결과 밝혀졌다. ARS 물관리연구실(Water Management Research Unit)의 식물 생리학자인 Dale Shaner와 Lori Wiles는 콜로라도대학에 소재하는 두 군데 관개 농지에서 진행된 시험 결과를 통해 이와 같은 결론을 얻어내었다. 이번 연구에서는 콜로라도대학 연구원들과의 공동 연구를 통해 전통적으로 경운이 이루어지며 매년 연속하여 옥수수가 재배된 곳과 세 종류의 다른 작물들과 윤작으로 옥수수가 재배된 곳에서 제초제 아트라진(atrazine)의 움직임이 비교되었다. 다양한 경운과 관개 정도를 비롯해 관개가 이루어지지 않은 곳에서 진행되는 아트라진의 작용도 시험되었다. (후략) (2010.2.26, 한국과학기술정보연구원 정보분석본부)http://mirian.kisti.re.kr/gtb_trend/class_gtb/class_gtb_v.jsp?sub_menu=2&amp;cn=GTB2010030711&amp;dbt=TREND&amp;service_code=03&amp;user_id=betl2001 ",2010.03.26,이진필,167,제초제 효율의 결정 인자,392,"신규 품종보호대상작물, 품종 출원 서두르세요!",372
"영계 사육장의 적정 온도를 유지하기 위해 필요한 난방비를 줄일 수 있는 연구 결과가 미국 농업연구청(Agricultural Research Service, ARS)과 미시시피대학(Mississippi State University) 연구원들의 공동 연구를 통해 얻어졌다. 이러한 연구를 주도한 ARS 가금류연구실(Poultry Research Unit)의 농공학자 Joseph Purswell은 영계 사육장의 단열, 통풍 및 난방을 위해 투입되는 비용은 특히 연료비가 높은 때에 더욱 높을 수가 있다고 지적하면서, 미시시피대학 Barry Lott 교수와 함께 양계장의 난방비를 감소시킬 수 있는 방법을 강구함으로써 생산자들의 수익을 증대시킬 수 있을 실질적인 기술 개발 연구에 주력해왔다.(후략) (2010.3.26, 한국과학기술정보연구원 정보분석본부)&nbsp;http://mirian.kisti.re.kr/gtb_trend/class_gtb/class_gtb_v.jsp?sub_menu=2&amp;cn=GTB2010030692&amp;dbt=TREND&amp;service_code=03&amp;user_id=betl2001 ",2010.03.26,이진필,166,양계장 난방비 절감 기술,567,"신규 품종보호대상작물, 품종 출원 서두르세요!",372
"- 2010. 3. 24일 국무총리실 식품안전위원회에서 확정농림수산식품부는 24일 국무총리 주재 식품안전정책위원회에 농수산물 원산지표시제 확대방안을 상정한다고 밝혔다.&nbsp;&nbsp;○ 이 방안에 따르면, 금년 8월 5일부터 쌀과 배추김치의 원산지표시가 음식점 면적과 관계없이 65만 개 전 음식점으로 확대된다.&nbsp;&nbsp;&nbsp;&nbsp;- 현재 쌀과 배추김치의 원산지 표시는 100㎡ 이상의 음식점에서, 쇠고기&middot;돼지고기&middot;닭고기의 원산지 표시는 모든 음식점에서 적용되고 있다.&nbsp;&nbsp;○ 한편, 오리고기, 흑염소고기에 대해서는 &lsquo;11년부터 음식점 원산지표시를 추진할 계획이다.&nbsp;&nbsp;&nbsp;&nbsp;- 오리고기를 판매하는 식당은 4,800여 개소, 흑염소&middot;양고기는 660여개 개소에 이른다.&nbsp;&nbsp;○ 특히, 올해에는 막걸리를 비롯한 주류, 천일염과 같은 식용소금 그리고 배달용 치킨에도 처음으로 원산지표시제가 도입될 것으로 보인다.&nbsp;농식품부 관계자는 &ldquo;이번 원산지 표시대상 확대는 배달용 치킨, 주류, 식용소금의 유통&middot;소비패턴에도 상당한 영향을 미칠 것&rdquo;이라며 &ldquo;이들 품목의 원산지를 둔갑시키는 부정행위는 상당부분 사라지게 될 것으로 기대한다&rdquo;고 말했다.&nbsp;&nbsp;○ 원산지표시제는 소비자에게 정확한 출처 정보를 제공하여 소비자의 알권리를 충족하고 시장유통질서를 바로잡음으로써 생산자도 보호하기 위해 1994년도부터 도입된 제도이다.한편, 이번 식품안전위원회에서는 농식품부 식품안전시행계획 &nbsp;2009년도 추진실적과 2010년도 계획도 함께 심의&middot;확정할 계획이다.&nbsp;&nbsp;○ 농식품부 시행계획은 사전예방적 위해관리, 위해평가, 소통강화, 국내외 협조강화 등 4대 중점분야별로 총 79개 과제를 담고 있다.&nbsp;&nbsp;○구체적으로 국제기구가 권고하는 위험관리시스템인 GAP(농산물우수관리제도), HACCP(위해요소중점관리제도)을 확대하고, 국내산 쇠고기이력제 실시(2009.6월)에 이어 수입산 쇠고기에 대한 유통이력제도 금년 하반기에 본격 실시할 계획이다.&nbsp;&nbsp;○ 식품안전정책위원회는 각 부처에 분산된 식품안전 기능을 총괄&middot;조정하기 위해 2008년도 제정된 식품안전기본법에 따라 국무총리실에 설치된 위원회이다.(2010.3.23, 농림수산식품부 홈페이지 보도자료)http://mifaff.korea.kr/gonews/branch.do?act=detailView&amp;type=news&amp;section=b_sec_1&amp;dataId=155444644",원산지표시 확대.hwp,http://www.fact.or.kr/action.do?action=farmtech%24file&seq=165&file_seq=1,2010.03.25,이진필,165,"이제는 막걸리, 소금, 배달용 치킨에도 원산지표시 의무화",490
"농림수산식품부는 농촌진흥청, 각 시&middot;도 및 농협중앙회에 농작물관리와 병해충 방제에 만전을 기해 줄 것을 당부했다.&nbsp;○ 이번조치는 작년 12월부터 금년 3월까지 잦은 강우와 저온, 일조량 부족으로 보리와 양파 등 월동작물과 수박과 참외 등 시설 작물에 착과불량(着果不良), 생육장애(生育障碍)가 발생하고 있고,&nbsp;○ 특히, 일조량부족에 따른 피해는 그 동안 발생한 사례가 없어 &nbsp;농작물관리에 많은 어려움을 겪고 있는 농업인을 돕기 위한 것이다.&nbsp;농림수산식품부는 자체적으로도 신속하게 피해실태를 파악하기 위해 현장을 점검하고 농업인의 의견을 청취하고 있다.&nbsp;○ 지난 3.14(일)에는 농림수산식품부장관이 직접 경남 함안과 의령지역의 시설수박 피해상황을 점검하였다.&nbsp;○ 그리고 실무진들도 3.12(금)에는 충북 괴산 과수 저온피해 현장을 방문한데 이어, 3.17(수)에는 경북 성주, 고령지역을 방문하여 시설작물의 피해실태를 점검하였다.&nbsp;이번 이상기온에 따른 농작물 피해가 농업재해로 인정되는 경우에는 농어업재해대책법에 따라 피해농가에 재난지원금을 지원할 계획이다.&nbsp;○ 이번 일조량 부족에 따른 피해의 경우, 조사기준이 없어 농촌진흥청 등과 협의하여 피해조사 요령을 마련하였다.&nbsp;○ 앞으로 피해조사 결과 농업재해에 해당되면「농어업재해대책심의위원회」의 심의를 거쳐 최대한 신속히 지원할 계획이다.&nbsp;&nbsp;&nbsp;* 지원내용 : 대파대, 농약대, 생계구호비, 농축산경영자금 상환연기 및 이자감면 등&nbsp;&nbsp;&nbsp;* 농어업재해대책심의위원회 : 위원장(농식품부 제2차관) 등 20명으로 구성&nbsp;아울러 이상기상으로 인한 피해로부터 농가의 경영안정을 최대한 뒷받침하기 위해 농작물 재해보험 대상품목도 더욱 확대해 나간다.&nbsp;○ 특히, 시설작물의 경우에는 지금까지 수박만 대상에 포함되어 있었으나, 금년에는 딸기, 참외, 토마토, 오이에 대해서도 시범실시한다.&nbsp;&nbsp;&nbsp;&nbsp;* 재해보험 대상 농작물(25) : 사과&middot;배&middot;포도&middot;복숭아&middot;감귤&middot;단감&middot;떫은감&middot;밤&middot;참다래&middot;자두&middot;감자&middot;콩&middot;고추&middot;양파&middot;수박&middot;벼&middot;고구마&middot;옥수수&middot;마늘&middot;매실&middot;시설딸기&middot;시설참외&middot;시설토마토&middot;시설오이&middot;대추&nbsp;○ 앞으로 이상기상으로 인한 재해피해를 재해보험을 통해 제도적으로 보상받을 수 있도록 시설채소류, 화훼류 등으로 대상품목을 확대해 나갈 계획이다.(2010.3.23, 농림수산식품부 홈페이지 보도자료)http://mifaff.korea.kr/gonews/branch.do?act=detailView&amp;type=news&amp;section=b_sec_1&amp;dataId=155444816",2010 상반기 이상기온.hwp,http://www.fact.or.kr/action.do?action=farmtech%24file&seq=164&file_seq=1,2010.03.25,이진필,164,"농림수산식품부, 이상기온에 따른 농작물피해 예의주시",473
"농림수산식품부는 3.23일 경기 포천지역 구제역 발생지역 중 마지막 6차 발생 위험지역에 대한 이동제한을 해제하면서 지난 1.2일 발생했던 구제역의 종식을 선언한다고 밝혔다.&nbsp;○ 지난 3.9일 6차 위험지역 이동제한 해제를 위한 정밀검사(혈청검사) 과정에서 사슴 12두에서 항체 양성을 보임에 따라, &nbsp;일주일간 집중소독을 실시한 후 동 지역의 모든 농가에 대해 임상검사와 혈청검사를 다시 실시하였으나 모두 음성이 나와 금일 전국의 이동제한을 해제하기로 하였다.&nbsp;○ 이와 함께 그동안 폐쇄되었던 전국의 가축시장 82개소도 3.23일자로 모두 개장하게 된다.&nbsp;우리나라에 8년 만에 발생했던 이번 구제역은 혹한기의 어려움에도 불구하고 강도 높은 방역활동을 전개하여 81일(1.2&sim;3.23)만에 종식선언을 하게 되었다.&nbsp;○ 농식품부는 구제역 종식선언과 함께 「가축질병 위기대응 실무 매뉴얼」에 따라 발령되었던 &ldquo;주의&rdquo; 단계를 &ldquo;관심&rdquo; 단계로 하향 조정하였다.(2010.3.23, 농림수산식품부 홈페이지 보도자료)http://mifaff.korea.kr/gonews/branch.do?act=detailView&amp;type=news&amp;section=b_sec_1&amp;dataId=155444542",이동제한 해제 및 구제역 종식.hwp,http://www.fact.or.kr/action.do?action=farmtech%24file&seq=163&file_seq=1,2010.03.25,이진필,163,구제역 종식 선언 및 축산업 선진화 추진,458
"- &lsquo;10년도 딸기원원묘(경남&middot;전남농업기술원)&middot;천마종균(전북 무주군) 보급사업 지자체 선정농림수산식품부는 2010년도 &ldquo;딸기원원묘 보급&rdquo; 사업자로『경남&middot;전남농업기술원』을, &ldquo;천마종균&rdquo; 사업자로 『전북 무주군』을 확정&middot;발표하였다.&nbsp;○ 금번 대상자 선정은 사업추진의지, 사업계획의 적정성, 시설기준 사전확보, 운영비 및 운영요원 확보, 보급 및 품질보증계획 등을 심사기준으로 하여 서면심사, 현장실사, 공개발표 평가 등 3단계 평가를 거쳤다.&nbsp;○ 또한, 대학교수 등 6명의 외부전문가를 심사위원으로 위촉함으로써 심사에 공정을 기하였다.&nbsp;딸기원원묘 보급센터는 종자보급체계가 구축되지 않고 해외품종 의존도가 높은 딸기를 대상으로 시설비를 지원하고 국산품종을 증식&middot;보급하여 농가의 로열티 부담을 완화할 목적으로 설립된다.&nbsp;○ 지원규모는 각각 7억원으로 국내육성 딸기(매향, 설향, 신설매 등)원원묘를 각각 매년 6만주씩 증식&middot;보급하여 관내 원묘업체에 제공함으로써, 바이러스 감염이 없고, 묘소질이 우수한 딸기묘를 농가에 보급할 계획이다.&nbsp;○ 이에 따라 &rsquo;09년 기준 45%의 국산품종 보급률을 &lsquo;12년까지 80%이상으로 높여 국외 로열티 지급액을 현재 30억원에서 10억원 수준으로 낮춰 농가부담을 줄일 계획이다.&nbsp;천마종균 배양센터는 국내 종균가격이 높아 농업경영비 부담이 과중한 천마종균을 배양하여 저가로 공급함으로써 농가부담을 줄이고, 천마 주산지의 천마종균을 자체보급할 목적으로 설립된다.&nbsp;○ 설립규모는 15억원(2년 사업)으로, &lsquo;12년부터 천마공생균인 뽕나무버섯 종균을 20만병이상 보급하여 천마주산지인 무주군의 수요를 충족시킬 계획이다.&nbsp;아울러, 농식품부는 4월중 수출전용 과채류 우량묘 4개소 보급사업자를 추가로 선정하고, 하반기에는 해외채종 국내전환사업을 지원하는 등 국내 종자산업육성을 위한 지원을 차질 없이 이행해 나갈 계획이라고 밝혔다. (2010.3.23, 농림수산식품부 홈페이지 보도자료)http://mifaff.korea.kr/gonews/branch.do?act=detailView&amp;type=news&amp;section=b_sec_1&amp;dataId=155444545",2010 우수품종 증식사업.hwp,http://www.fact.or.kr/action.do?action=farmtech%24file&seq=162&file_seq=1,2010.03.25,이진필,162,"국산 딸기 우수종묘, 천마종균 보급지원을 통해 농가 로열티 부담 완화",517
"- 농식품부, 축산물 위생 중앙감시반 운영(반기별 1회 + 수시 운영)농림수산식품부는 올해부터 축산물 위생관리가 취약한 분야에 대한 선제적 감시활동을 위해 &ldquo;축산물 위생 중앙감시반&rdquo;을 운영키로 하였다고 밝혔다.&nbsp;○ 축산물 위생 중앙감시반은 농식품부와 지방자치단체&middot;국립수의과학 검역원 소속 공무원 35명(11개반)으로 편성되어, 분기별 1회 이상 취약지역&middot;업종에 대한 감시활동을 실시할 계획이다.&nbsp;3.23~26일(3박4일) 첫 활동을 시작하는 &ldquo;축산물위생 중앙감시반&rdquo;은 수도권 지역에 소재한 축산물 대량 판매업소&middot;학교 급식업소&middot;계란 가공장&middot;양념 육류 제조업소 등을 대상으로,&nbsp;○ 유통기한 경과제품 판매, 무허가&middot;미신고 제품의 판매, 성분규격 및 표시기준 준수 여부, 영업자 준수사항 이행 여부 등을 집중 점검한다.&nbsp;○ 위반사항이 확인된 업소에 대해서는 관할 행정기관에 통보하여 축산물가공처리법령에 따른 행정처분 조치를 취하도록 하고, 고의적이거나 상습적인 위반행위에 대해서는 사법기관에 고발 조치도 병행할 계획이다.&nbsp;농식품부 관계자는 &ldquo;현행 지방자치단체의 정기 점검 및 감시활동 외에 &lsquo;축산물 위생 중앙감시반&rsquo;의 감시활동이 지속적으로 병행되면 축산물 위생 취약문제가 해소되고, 영업자 스스로 위생을 관리하는 분위기가 확산될 것으로 기대된다&rdquo;고 말했다.&nbsp;○ 또한, 안전하고 위생적인 축산물 공급체계를 확립하기 위해서는 소비자의 적극적인 협조가 필요함을 강조하고, 위생관리가 취약하거나 감시가 필요한 사항을 발견하는 즉시 &ldquo;부정&middot;불량 축산물 고발센터(☏1588-4060, 1588-9060)&rdquo;에 신고하여 줄 것을 당부하였다.(2010.3.22, 농림수산식품부 홈페이지 보도자료)http://mifaff.korea.kr/gonews/branch.do?act=detailView&amp;type=news&amp;section=b_sec_1&amp;dataId=155443863",축산물위생 중앙감시반출범.hwp,http://www.fact.or.kr/action.do?action=farmtech%24file&seq=161&file_seq=1,2010.03.25,이진필,161,축산물 위생 취약분야에 대한 감시활동 강화,305
"- 농식품부 및 시&middot;군&middot;구 홈페이지를 통해&lsquo;09년산 쌀변동직불금 수령자에 대한 정보공개(3.22~4.20) 및 신고포상금제도 운영(건당 10만원, 연간 100만원 한도)농림수산식품부는 2009년에 생산된 쌀에 대한 변동직불금(5,945억원)의 지급을 3.19일자로 완료함에 따라 &quot;&lsquo;09년산 쌀변동직불금 수령자에 대한 정보공개&quot;를 진행한다고 밝혔다.&nbsp;○ 이번 정보공개는 3.22일부터 4.20일까지 30일간 농림수산식품부 및 시&middot;군&middot;구 홈페이지를 통해 이루어지며,&nbsp;&nbsp;- 열람목적과 개인정보(주민등록번호)를 입력하면 누구든지 쌀변동직불금 수령자의 성명, 농지지번, 신청면적, 수령 금액 등의 정보를 열람할 수 있다.&nbsp;○ 정보공개 기간 중 열람한 내용에 대해 이의가 있으면 누구나 동 기간 동안 농지 소재지 관할 시장&middot;군수&middot;구청장에게 서면으로 이의를 신청할 수 있으며,&nbsp;&nbsp;- 이의신청을 받은 시장&middot;군수&middot;구청장은 현지조사 실시 후 그 결과를 이의 신청자에게 통보해야 한다.&nbsp;또한, 농식품부는 쌀직불금 부당수령자를 신고한 자에 대한 &quot;신고포상금제도&quot;를 운영중이다.&nbsp;○ 신고대상은 논농업에 종사하지 않으면서 직불금을 수령한 자이며, 신고자는 부당수령을 증명할 수 있는 서류를 첨부하여 서면으로 농림수산식품부 또는 직불금을 지급한 시&middot;군&middot;구에 제출해야 한다.&nbsp;○ 농지소재지 시장&middot;군수&middot;구청장의 조사 결과 신고내용이 사실로 밝혀질 경우 신고자에게 건당 10만원의 포상금이 지급된다.(연간 100만원 한도)&nbsp;&nbsp;- 다만, 쌀직불제 관련 업무에 종사하는 자나, 신고대상자의 농지에서 직접 농사를 짓는 자 등은 포상금을 지급받을 수 없다.&nbsp;농식품부 관계자는 &ldquo;올해 처음 시행되는 직불금 수령자에 대한 정보공개와 신고포상금제를 통해 쌀직불제도가 훨씬 투명하게 운영되고, 지급된 직불금에 대한 사후관리도 강화될 것으로 기대된다&rdquo;고 밝혔다.(2010.3.22, 농림수산식품부 홈페이지 보도자료)http://mifaff.korea.kr/gonews/branch.do?act=detailView&amp;type=news&amp;section=b_sec_1&amp;dataId=155443792&nbsp;",2010 쌀직불금 수령자정보공개.hwp,http://www.fact.or.kr/action.do?action=farmtech%24file&seq=160&file_seq=1,2010.03.22,이진필,160,09년산 쌀변동직불금 수령자 정보공개 및 신고포상금제도 시행,335
"- 「축산물의 가공기준 및 성분규격」고시 개정, 올해 6월 1일부터 적용국립수의과학검역원은 계란제품에 대한 위생기준을 강화하기 위하여 살균 액란(液卵)에만 적용하던 세균수, 살모넬라균 등 미생물 기준규격을 비살균 액란(液卵)까지 확대 적용하는 내용의 미생물 기준을 3월 12일자로 확정 고시하였다고 밝혔다.&nbsp;○ 이번 개정 사항은 생산시설 및 위생관리 보완 등 관련 생산업계의 현황을 고려하여 2개월여의 유예기간을 두어 오는 6월 1일부터 생산되는 알가공품(비살균액란)에 적용될 예정이다.&nbsp;금번에 개정된「축산물의 가공기준 및 성분규격」고시는 세계무역기구(WTO), 축산물위생심의위원회(미생물분과) 등 국내&middot;외의 폭넓은 의견수렴을 거쳤다.&nbsp;○ 아울러 비살균 액란 제품의 위생관리 기준은 국제식품규격위원회(Codex) 등 국제적인 기준을 종합&middot;검토하여 개정하였다. 세부적인 내용은 붙임과 같다.(2010.3.22, 농림수산식품부 홈페이지 보도자료)http://mifaff.korea.kr/gonews/branch.do?act=detailView&amp;type=news&amp;section=b_sec_1&amp;dataId=155443791&nbsp;",비살균액란 미생물기준.hwp,http://www.fact.or.kr/action.do?action=farmtech%24file&seq=159&file_seq=1,2010.03.22,이진필,159,비살균 액란의 미생물 기준설정 등 성분규격 확정고시,357
"- 프랜차이즈 판매점 95% 증가, 수출도 청신호농림수산식품부(장관 장태평)는 지난 1년간의 떡볶이 산업육성을 통해 쌀 소비가 크게 증가하고, 떡볶이 수출 및 프랜차이즈 가맹점포수도 증가하였다고 밝혔다.&nbsp;○ 떡볶이 생산으로 인한 쌀 소비량은 &lsquo;08년도 41천 톤에서 &rsquo;09년도 49천 톤으로, 떡볶이 프랜차이즈 가맹점포 수는 1,075개에서 2203개로 증가하였다. 이에 따른 고용창출 인원도 4천명 &nbsp;정도로 추산된다.&nbsp;&nbsp;&nbsp;&nbsp;&nbsp;* 기존 점포수 증가 : 아딸(250개&rarr;600개), BBQ(40&rarr;180개) 등&nbsp;&nbsp;&nbsp;&nbsp;&nbsp;* 신규 창업 : 떡기뽁기, 베거백 등 24개&nbsp;○ 떡볶이 수출은 &lsquo;08년도 489톤에서 &lsquo;09년도 620톤(26%증)으로 증가하였다.&nbsp;&nbsp;&nbsp;&nbsp;&nbsp;* 미국, 호주, 독일, 일본 대만 등 3개 업체 620톤 526천불&nbsp;&nbsp;&nbsp;&nbsp;&nbsp;* 수출업체 현황 : 주)예진식품 90톤, 농산식품100톤, 송학식품430톤&nbsp;○ &lsquo;09년도 3월에는 떡볶이연구소가 설립되어 떡볶이 소스 및 신제품 개발, 프랜차이즈 창업교육 등 산업지원센터의 역할을 수행하고 있으며,&nbsp;&nbsp;&nbsp;- 떡볶이 세계화를 위한 산업화메뉴 20종(된장, 크림형), 레스토랑 고급요리 10종의 개발을 완료한 바 있다.&nbsp;농식품부는 그동안 국제네이밍 개발 등 떡볶이의 세계화를 위한 다양한 이벤트행사를 추진하였다.&nbsp;○ 영문발음이 쉽게 되도록 떡볶이 국제네이밍(&ldquo;TOPOKKI&rdquo;) 및 &nbsp;상징마크, 캐릭터를 개발하였으며, 떡볶이 UCC대회와 서울떡볶이페스티벌을 개최(&lsquo;09.3)하였다.&nbsp;○ 또한, 미국 LA떡볶이페스티벌(&lsquo;09.6.), 네덜란드 마스트리히트 국제음식축제(&lsquo;09.8.27-30 4일간), 미국 존슨 앤 웨일즈 요리학교 떡볶이 설명회 등 다양한 해외 홍보행사도 추진했다.&nbsp;○ 아울러 '제2회 서울떡볶이페스티벌'도 오는 5.7~9일까지 aT센터에서 개최할 계획이다.&nbsp;&nbsp;&nbsp;- 이번 페스티벌 주제는 &ldquo;떡볶이에 색을 입히다&rdquo;로 관람객 6만 명을 목표로 다양한 프로그램을 준비 중이다.",떡볶이 산업1년 결과.hwp,http://www.fact.or.kr/action.do?action=farmtech%24file&seq=158&file_seq=1,2010.03.22,이진필,158,떡볶이 산업1년! 쌀 소비량 4만9천톤으로 증가,373
"-교육대상은 산업체 재직자와 대학(원)생이며, 기업의 기술&middot;제품혁신 애로에 대한 문제해결형 프로젝트 등 전체교육비용의 50% 지원농림수산식품부는 올해부터 &lsquo;「고부가 식품산업」전문인력사업&rsquo;을 신규로 추진하여, 매년 100명 이상의 식품산업 현장 전문인력을 양성하겠다고 밝혔다.&nbsp;&nbsp;농식품부는 동 사업으로 핵심 고부가식품 기술인력을 중점 양성하기 위해 식품기업의 애로를 해결하는 산-학 연계 교육과정을 지원한다.&nbsp;&nbsp;○ 교육대상은 산업체 재직자와 대학(원)생이며, 정부는 기업의 기술?제품혁신 애로에 대한 문제해결형 프로젝트 등 전체교육비용의 50%를 지원한다.&nbsp;&nbsp;○ 지원대상인 8개 핵심기술은 신성장동력으로서의 유망성, 산업체 적용 및 파급효과를 감안하여 선정되었다. &nbsp;&nbsp;&nbsp;○ 또한, 신규 일자리 창출을 위해 교육과정을 이수한 대학(원)생과 식품기업의 고용연계 프로그램 운영 시 인센티브를 부여할 계획이다.&nbsp;&nbsp;이번 사업은 &lsquo;한국식품공업협회&rsquo;를 통해 4월부터 30일 이상 공고할 계획이며, 평가 후 선정된 사업대상자는 7월부터 &lsquo;11년까지 1년 6개월간 지원을 받는다. (해당기술은 붙임파일 참보 바랍니다) (2010.3.19, 농림수산식품부 홈페이지 보도자료)http://mifaff.korea.kr/gonews/branch.do?act=detailView&amp;type=news&amp;section=b_sec_1&amp;dataId=155443496",2010 고부가식품산업 전문인력양성.hwp,http://www.fact.or.kr/action.do?action=farmtech%24file&seq=157&file_seq=1,2010.03.22,이진필,157,"농식품부,「고부가 식품산업」전문인력양성 적극 지원키로",355
"- 농식품부, 농어촌 유학 성공모델을 창출하기 위한 시범사업 지역 선정농식품부는 농어촌 유학 활성화를 위한 시범사업 대상지역으로 충북 단양군 한드미마을, 경북 경주시 서면 도리마을 유학센터, 강원도 양양군 철딱서니학교 등 3곳을 선정했다고 밝혔다.&nbsp;농어촌 유학은 도시아이들이 부모 곁을 떠나 시골학교를 다니며, 지역주민과 함께 농촌에서 6개월 이상 생활하는 것으로&nbsp;○ 현재 전국적으로 10개 지역에서 운영 중이고, 5개 지역에서 준비 중이다.&nbsp;○ 센터는 마을회관을 개조하거나 기숙사를 신축하여 운영하며, 정부지원금은 전문교사 또는 영어 원어민교사 채용, 꼬마농부 프로그램 운영을 위한 농지임대 및 농자재 구입 지원, 중고생 대상 인성교육 프로그램 지원 등에 자율적으로 사용할 수 있다.&nbsp;&nbsp;&nbsp;- 선정 지역에는 총 1억원 한도 내에서 지역별로 3천~5천만 원까지 각각의 특색에 맞는 유학프로그램을 지원&nbsp;&nbsp;&nbsp;- 운영자들에 대한 별도의 교육 실시&nbsp;시범사업 대상지역으로 선정된 센터들은 지역의 특성을 살리는 창의적인 프로그램들로 다른 지역과 차별화를 시도하면서 유학생 모집에 성공하고 있는 곳들이다.&nbsp;○ 벌써 4년째에 접어드는 한드미마을은 다양한 체험과 수준 높은 교육프로그램으로 20명 모집에 50여명의 신청자가 몰렸다.&nbsp;&nbsp;&nbsp;- 소백산 패러글라이딩, 계곡 레프팅, 동굴체험, 천문관측 등 지역의 자연자원을 활용한 고급 체험활동과,&nbsp;&nbsp;&nbsp;- 원어민 영어 교육, 컴퓨터 실습, 기초 학습지도 등 도시수준의 학습프로그램을 구비하고 있다.&nbsp;&nbsp;&nbsp;- 또한, 시범사업 지원을 통해 아이들을 위한 동물농장과 공구조작이 가능한 공작소, 한드미 밴드 등을 조직할 계획이다.&nbsp;○ 도리마을 산촌유학은 학부모들 간에 입소문을 통해 알려진 곳으로, 이 곳 학생들은 학교와 사회적응을 위한 기초체력을 습득하고 있다.&nbsp;&nbsp;&nbsp;- 농어촌 유학의 주 대상이 초등학생들인데 비해 도리마을은 &nbsp;중고생이 8명, 초등학생이 7명으로 총 15명의 학생이 유학 중이며, 학생들의 가정형편을 고려하여 유학 참가비를 받고 있다.&nbsp;&nbsp;&nbsp;- 명상 등 인문교육을 중시하고, 인도 오르빌 공동체에서의 30일간 체험학습 등을 실시하고 있다.&nbsp;&nbsp;&nbsp;- 중학교 꼴찌가 고교에서 전교 3등을 하자 장수마사고 교장이 유학센터 방문, 도리 학생들은 성적과 상관없이 입학 특례를 부여하기로 했다.&nbsp;○ 철딱서니 학교는 전교생이 20명인 지역 초등학교에 19명을 유학생으로 채우는 등 상한가 행진 중이다.&nbsp;&nbsp;&nbsp;- 덕분에 학교는 폐교위기에서 탈출하고, 마을주민들도 유학센터 아이들을 위해 유기농법으로 전환하고, 도시부모들이 친환경농산물을 적극 구입하는 등 도농 상생의 협력모델을 구현하고 있다.&nbsp;농식품부는 &ldquo;농어촌 유학생들이 도시 학생들과 동등한 학습 수준을 유지할 수 있도록 농어촌 교육여건을 지속적으로 개선하는 한편, 자기 주도적인 학습을 할 수 있도록 공인된 인성교육 프로그램을 개발하도록 유도할 계획&ldquo;이라며&nbsp;○ &rdquo;농어촌 유학은 아이들을 통해 지역에 활력을 주고, 도시부모와 지역 주민들의 교류를 활성화하는 좋은 계기가 될 것으로 기대한다&rdquo;고 말했다. http://mifaff.korea.kr/gonews/branch.do?act=detailView&amp;type=news&amp;section=b_sec_1&amp;dataId=155442468",2010 농어촌 유학.hwp,http://www.fact.or.kr/action.do?action=farmtech%24file&seq=156&file_seq=1,2010.03.22,이진필,156,"아이들의 행복한 시골살이, 농어촌 유학",424
"2010년도 농업경영체 전문인력 채용지원 사업의 지원대상자 선정계획을 다음과 같이 공고하오니 대상자 신청 등 관련 궁금하신 사항은 사업 집행기관인 한국농수산대학 산학협력단의 김태원부단장, 박선미 연구원(031-229-5045/5046)에게 문의하시기 바랍니다.(2010.3.16, 농림수산식품부 홈페이지 공고)http://www.mifaff.go.kr/USR/BORD0201/m_156/DTL.jsp?id=B10301010&amp;cate=&amp;key=subject&amp;search=&amp;search_regdate_s=&amp;search_regdate_e=&amp;order=&amp;desc=asc&amp;srch_prc_stts=&amp;pg=1&amp;mode=view&amp;idx=26889",2010년 전문인력 사업계획서.hwp,http://www.fact.or.kr/action.do?action=farmtech%24file&seq=155&file_seq=1,2010.03.22,이진필,155,2010년도 농업경영체 전문인력 채용지원 사업대상자 선정계획 공고,460
"아미노산의 한 종류인 트립토판(tryptophan)을 정규 먹이의 일부분으로 어린 암퇘지에게 먹인 결과, 이들의 공격성이 감소되고 관리하기가 용이해진다는 흥미로운 연구 결과가 미국 농업연구청(Agricultural Research Service, ARS) 연구원들에 의해 보고되었다. 즉, 트립토판이 첨가된 먹이를 공급함으로써 어린 암퇘지의 공격성이 감소되고 더불어 전반적인 행동 활성도가 감소된다는 사실이 8개월에 걸친 연구 결과 확인된 것이다. 먹이를 통해 공급된 트립토판은 대뇌 신경전달물질의 하나로서 격한 마음을 차분하게 해주는 세로토닌(serotonin)의 전구물질이다. 돼지를 차분하게 유지시키는 일은 공격적인 행동으로 말미암아 동물들 자신이 해를 입게 될 수 있으며 양돈업자에 있어서는 사료 및 의료비의 지출이 증가되기 때문이다. (후략) (2010.3.22, 한국과학기술정보연구원 정보분석본부)http://mirian.kisti.re.kr/gtb_trend/class_gtb/class_gtb_v.jsp?sub_menu=2&amp;cn=GTB2010030571&amp;dbt=TREND&amp;service_code=03&amp;user_id=betl2001",2010.03.22,이진필,154,"미국 농업연구청, 트립토판으로 돼지들을 양순하게",478,2010년도 농업경영체 전문인력 채용지원 사업대상자 선정계획 공고,460
"인은 농업에서 물만큼이나 중요한 요소이다. 그러나 전세계 인구가 필요로 하는 식량을 생산하는데 인의 가용성 부족이 심각한 위협이 되고 있다. 인은 질소나 칼슘처럼 식물의 성장하고 토양이 비옥해지는데 필수적이다. &quot; 인 부족은 전세계적인 문제가 될 것입니다. 2035년에 이르면 인의 수요가 공급을 앞지를 것이라고 예상됩니다.&quot;라고 스웨덴 Linkoping대학 Dana Cordell이 말했다. 그녀는 전세계 식량 안보에 있어서 인의 부족으로 인한 영향을 연구하고 있다. 인은 인산염석에서 추출하는데 이는 거의 독자적으로 농업에서만 쓰고 재생불가능한 자원이다. 전세계의 2/3 정도의 자원은 중국, 모로코, 서부 사하라에서 나온다. &ldquo;인의 수요는 계속 증가하여 2006년에서 2008년 사이에 800%까지 급등했습니다.&rdquo; 라고 Dana Cordell은 말했다. 또한 Cordell은 인의 부족이 단순히 인산염 광석을 확보하기 어려워서 발생하는 것만은 아니라고 한다. (후략) (2010.3.22, 한국과학기술정보연구원 정보분석본부)http://mirian.kisti.re.kr/gtb_trend/class_gtb/class_gtb_v.jsp?sub_menu=2&amp;cn=GTB2010030570&amp;dbt=TREND&amp;service_code=03&amp;user_id=betl2001",2010.03.22,이진필,153,인 부족이 전세계 식량 생산을 위협한다.,539,2010년도 농업경영체 전문인력 채용지원 사업대상자 선정계획 공고,460
"미국 농업연구청(Agricultural Research Service, ARS) 연구원들에 의해 새로운 품종의 렌즈콩(lentile, 그림 파일 참고)이 개발되었다. 이번에 개발된 &ldquo;Essex&quot;라 불리는 렌즈콩은 종자 수확률이 높고, 밀 재배에 있어 질소 고정균(nitrogen-fixing bacteria)을 풍성하게 제공하며, 아울러 맛 좋은 단백질 공급원으로서 스프나 샐러드 등 여러 가지 음식에 사용될 수 있다. ARS 곡물 두류 유전학 및 생리연구실(Grain Legume Genetics and Physiology Research Unit)의 실장인 식물 유전학자 George Vandemark는 Fred Muehlbauer 및 북다코타대학 식물학과의 두류 작물 육종가 Kevin McPhee와 더불어 이와 같은 새로운 품종의 렌즈콩을 개발하였다. (후략) (2010.3.19, 한국과학기술정보연구원 정보분석본부)http://mirian.kisti.re.kr/gtb_trend/class_gtb/class_gtb_v.jsp?sub_menu=2&amp;cn=GTB2010030511&amp;dbt=TREND&amp;service_code=03&amp;user_id=betl2001 ",2010.03.22,이진필,152,"미국 농업연구청 수확률, 영양가, 잡초 및 질병 관리 모든 면에서 우수한 새로운 렌즈콩",679,2010년도 농업경영체 전문인력 채용지원 사업대상자 선정계획 공고,460
"- 한식당 해외진출 현황, 한식 선호도, 유망 한식메뉴 등 발표◈ 농림수산식품부는 3월 15일(월) 오후 2시 양재동 aT센터에서『한식 세계화를 위한 해외 정보조사 결과 설명회』를 개최하였다고 밝혔다.&nbsp;○ 이번 설명회에서는 미국, 중국, 일본, 베트남 4개국을 대상으로 조사한 한식당 해외진출 현황, 한식 선호도, 해외진출 유망 한식 메뉴 및 해외진출 마케팅 전략 등을 담은 &lsquo;한식당 해외진출 가이드북＊&rsquo;이 소개되었다.&nbsp;&nbsp;&nbsp;&nbsp;&nbsp;&nbsp;* www.foodinkorea.co.kr에 15:00까지 업로드 예정◈ 한식에 대한 선호도 조사결과에 따르면 중국인들이 외국 음식 중에서 한식을 가장 선호하는 것으로 나타났으며, 베트남인들은 중식 다음으로 한식을 선호하는 것으로 나타났다.&nbsp;○ 일본에서는 이태리식의 선호가 절대적이나, 중식과 한식도 비교적 선호도가 높게 나타난 반면, 미국에서는 맛과 메뉴의 현지화 부족, 식당 위생 불신 및 어수선한 분위기, 가치 대비 높은 가격 등으로 타 에스닉 푸드(Ethnic Food)에 비해 선호도(8위)가 낮은 것으로 나타났다.◈ 한식 선호도 조사결과와 함께 해외 한식당 경영주 등이 활용 또는 응용할 수 있는 레시피 정보를 제공하기 위해 현지인의 입맛, 식재료 조달 용이성, 조리의 편의성, 조리시간, 객단가 등에 대한 분석을 반영하여 개발한 국가별 유망 한식 메뉴도 소개되었다.&nbsp;○ 이번에 소개된 국가별 유망 한식 메뉴를 보면 미국은 갈비구이, 너비아니, 김치해물치즈파전, 비빔밥, 닭갈비 등이며, 중국은 갈비찜, 너비아니, 삼색전, 떡볶이, 삼계탕 등이다.&nbsp;○ 그리고 일본은 비빔밥, 갈비구이, 떡볶이, 불고기, 해물파전 등이, 베트남은 비빔밥, 김밥, 구절판, 김치전, 불고기전골 등이다.(붙임 참조)◈ 한편, 외식시장 트렌드와 타깃 고객 상황을 고려할 때 미국은 고급 한정식?전문 한식당?패스트푸드, 중국은 고급 및 일반 한식당, 일본은 고급 및 간이 한식당, 베트남은 일반 및 간이 한식당이 진출 유망한 것으로 제시되었다.&nbsp;&nbsp;＊한식당 유형 : 고급 한정식, 고급 한식당, 전문 한식당, 일반 한식당, 패스트푸드, 간이 한식당◈ 농식품부 관계자는 이번 설명회에서 발표한 정보를 오는 4월 오픈 예정인 한식세계화 포털사이트를 통해서 e-book 형태로 제공할 계획이라고 밝혔다.(2010.3.15, 농림수산식품부 홈페이지 보도자료)http://mifaff.korea.kr/gonews/branch.do?act=detailView&amp;type=news&amp;section=b_sec_1&amp;dataId=155441375",2010 한식 해외정보.hwp,http://www.fact.or.kr/action.do?action=farmtech%24file&seq=151&file_seq=1,2010.03.15,이진필,151,한식 세계화를 위한 해외 정보조사 결과,328
"- 한식당 해외진출 현황, 한식 선호도, 유망 한식메뉴 등 발표◈ 농림수산식품부는 3월 15일(월) 오후 2시 양재동 aT센터에서『한식 세계화를 위한 해외 정보조사 결과 설명회』를 개최하였다고 밝혔다.&nbsp;○ 이번 설명회에서는 미국, 중국, 일본, 베트남 4개국을 대상으로 조사한 한식당 해외진출 현황, 한식 선호도, 해외진출 유망 한식 메뉴 및 해외진출 마케팅 전략 등을 담은 &lsquo;한식당 해외진출 가이드북＊&rsquo;이 소개되었다.&nbsp;&nbsp;&nbsp;&nbsp;&nbsp;&nbsp;* www.foodinkorea.co.kr에 15:00까지 업로드 예정◈ 한식에 대한 선호도 조사결과에 따르면 중국인들이 외국 음식 중에서 한식을 가장 선호하는 것으로 나타났으며, 베트남인들은 중식 다음으로 한식을 선호하는 것으로 나타났다.&nbsp;○ 일본에서는 이태리식의 선호가 절대적이나, 중식과 한식도 비교적 선호도가 높게 나타난 반면, 미국에서는 맛과 메뉴의 현지화 부족, 식당 위생 불신 및 어수선한 분위기, 가치 대비 높은 가격 등으로 타 에스닉 푸드(Ethnic Food)에 비해 선호도(8위)가 낮은 것으로 나타났다.◈ 한식 선호도 조사결과와 함께 해외 한식당 경영주 등이 활용 또는 응용할 수 있는 레시피 정보를 제공하기 위해 현지인의 입맛, 식재료 조달 용이성, 조리의 편의성, 조리시간, 객단가 등에 대한 분석을 반영하여 개발한 국가별 유망 한식 메뉴도 소개되었다.&nbsp;○ 이번에 소개된 국가별 유망 한식 메뉴를 보면 미국은 갈비구이, 너비아니, 김치해물치즈파전, 비빔밥, 닭갈비 등이며, 중국은 갈비찜, 너비아니, 삼색전, 떡볶이, 삼계탕 등이다.&nbsp;○ 그리고 일본은 비빔밥, 갈비구이, 떡볶이, 불고기, 해물파전 등이, 베트남은 비빔밥, 김밥, 구절판, 김치전, 불고기전골 등이다.(붙임 참조)◈ 한편, 외식시장 트렌드와 타깃 고객 상황을 고려할 때 미국은 고급 한정식?전문 한식당?패스트푸드, 중국은 고급 및 일반 한식당, 일본은 고급 및 간이 한식당, 베트남은 일반 및 간이 한식당이 진출 유망한 것으로 제시되었다.&nbsp;&nbsp;＊한식당 유형 : 고급 한정식, 고급 한식당, 전문 한식당, 일반 한식당, 패스트푸드, 간이 한식당◈ 농식품부 관계자는 이번 설명회에서 발표한 정보를 오는 4월 오픈 예정인 한식세계화 포털사이트를 통해서 e-book 형태로 제공할 계획이라고 밝혔다.(2010.3.15, 농림수산식품부 홈페이지 보도자료)http://mifaff.korea.kr/gonews/branch.do?act=detailView&amp;type=news&amp;section=b_sec_1&amp;dataId=155441375",2010 한식 서베이결과.ppt,http://www.fact.or.kr/action.do?action=farmtech%24file&seq=151&file_seq=2,2010.03.15,이진필,151,한식 세계화를 위한 해외 정보조사 결과,328
"- 쌀가공산업육성지원사업자금 600억원으로 대폭 확대, 한도도 늘려&nbsp;농림수산식품부(장관 장태평)는 쌀 가공산업 활성화를 위하여 쌀 가공업체에 대한 시설자금, 개보수자금 등을 대폭 확대하여 지원키로 하였다고 밝혔다.&nbsp;○ 지원총액은 &lsquo;09년도 100억원에서 금년 600억원으로 대폭 확대하였고, 지원한도도 업체당 4억원에서 50억원으로 확대(시설자금50, 개보수자금20, 운영자금8, 수매자금3)하는 등 지원 단가를 현실화하였다.&nbsp;이 같은 조치는, 지난해 쌀가공산업활성화 대책(&lsquo;09.8)이후 기업체의 쌀가루 제품생산 참여가 늘어나고 소비자의 관심이 높아지면서 발생한 기업체의 시설 현대화 등 자금 수요를 감안하여 이루어진 것이다.&nbsp;○ 또한, 가공용 쌀 원료의 수매자금을 신규 지원함으로써 원료의 안정적인 공급을 위한 가공용 벼 계약재배가 활성화될 것으로 전망된다.- 시설자금 : 쌀 가공식품 생산시설 등의 신&#8228;증축에 소요되는 자금- 개&#8228;보수자금 : 기존 시설의 개수&#8228;보완 또는 기계&#8228;장비구입에 소요되는 자금- 원료수매자금 : 가공용 쌀 계약재배 후 계약재배 된 쌀의 수매 지원자금- 운영자금 : 기타 사업의 운영에 필요한 자금(시설, 개&#8228;보수자금 중 부지구입비는 제외)- 지원조건 : 금리 연 3.0%- 상환조건 : 시설자금(3년거치 10년상환), 개보수자금(3년거치 7년 상환), 운영자금 및 원료수매자금 (2년 이내 상환)&nbsp;한편, 금년부터 대출취급기관을 농협에서 일반은행까지 확대하고, 신청접수도 (사)한국쌀가공식품협회와 시&#8228;군&#8228;구에서 모두 가능하도록 제도를 개선하여 쌀 가공업체에 최대한의 편의를 제공키로 하였다.&nbsp;○ 사업을 희망하는 쌀 가공업체는 오는 3.26일까지 (사)한국쌀가공식품협회 또는 시&#8228;군&#8228;구에 신청해야하며,&nbsp;○ 현지실사 등 확인과정을 거쳐 사업 대상자가 확정되면 4.20일 이후부터 은행을 통해 자금이 지원된다. (2010.3.15, 농림수산식품부 홈페이지 보도자료)http://mifaff.korea.kr/gonews/branch.do?act=detailView&amp;type=news&amp;section=b_sec_1&amp;dataId=155441267",2010 쌀가공육성지원사업 자금지원확대.hwp,http://www.fact.or.kr/action.do?action=farmtech%24file&seq=150&file_seq=1,2010.03.15,이진필,150,"농식품부, 가공용 벼 계약재배 활성화 착수(신규), 대출 취급기관 전면 개방",330
"- 농식품부, 계란의 유통혁명 &lsquo;계란 위생관리 종합대책&rsquo; 발표앞으로 계란판매업소에 대한 등록제를 도입하며, 계란을 포장 판매하고 유통기한을 표시하도록 하는 등 계란에 대한 위생관리가 대폭 강화된다.&nbsp;○ 12일 농림수산식품부(이하 농식품부)는 이러한 내용과 함께 미가열 계란가공품에 대한 위생기준 강화 등의 내용이 담긴 「계란제품 위생관리 종합대책」을 발표하였다.&nbsp;○ 이번 대책은 농식품부가 지난해 7월부터 여러 차례의 실태조사 및 전문가와 업계, 소비자 등의 의견 수렴 과정을 거쳐 마련되었다.&nbsp;주요 내용을 살펴보면 우선 내년 1월부터는 계란을 포장된 상태로 소비자에게 판매하고, 그 포장지에는 유통기한&middot;포장업소명 등을 표시하여야 한다.&nbsp;○ 유통기한은 보관온도에 따라 계란의 신선도가 유지되는 기간이 다르므로 포장을 행하는 업체가 온도 별로 설정(25℃ 7일 ~ 10℃ 35일 등)할 수 있도록 할 계획이다.&nbsp;○ 또한 제과나 제빵원료로 사용되는 미가열 액란제품(계란내용물만 모은 제품)은 온전한 신선계란으로 제조하고 72시간 안에 사용하도록 가공&middot;보존기준을 강화하며, 가열제품과 동등한 수준으로 세균 기준을 개정할 방침이다.&nbsp;한편, 오는 10월부터 &lsquo;계란판매업소&rsquo;에 대해 일정한 시설을 갖추어 시&middot;군&middot;구에 등록하게 하고 불량계란 유통금지 등 의무를 부여함으로써 유통과정에서 보다 철저한 관리가 이루어질 수 있도록 할 계획이다.&nbsp;&nbsp;* 다만, 이미 식품판매업&middot;축산물판매업으로 등록한 업소 중 일반소비자에게 포장된 계란을 직접 판매하는 경우는 제외&nbsp;○ 이와 함께 부화장&middot;농장에 대하여도 정기적으로 살모넬라균(Salmonella Enteritidis) 검사를 실시하고, 오염농장인 경우 병아리 또는 계란 출하를 제한하는 등 관리를 강화한다.&nbsp;법과 제도를 개선하는 것과 함께, 안전한 계란과 계란제품을 생산&middot;공급할 수 있도록 하기 위해 선진 위해예방 제도인 HACCP(해썹, 위해요소를 중점 예방관리하는 기법) 인증을 확대하여 2012년에는 계란제품의 80%이상에 대해 HACCP을 적용하여 생산한다. 현재는 28% 수준이다.&nbsp;농식품부 최희종 소비안전정책관은 &ldquo;계란의 유통혁명이라고 불러도 좋을 만큼 획기적인 계획&rdquo;이라며 &ldquo;소비자에게 친절한 정보를 제공하고, 등록제를 통해 위생관리 책임 소재를 명확히 한 것이 가장 큰 성과&rdquo;라고 밝혔다. (2010.3.12, 농림수산식품부 홈페이지 보도자료)http://mifaff.korea.kr/gonews/branch.do?act=detailView&amp;type=news&amp;section=b_sec_1&amp;dataId=155440947",2010 계란 유통기한확인하세요.hwp,http://www.fact.or.kr/action.do?action=farmtech%24file&seq=149&file_seq=1,2010.03.15,이진필,149,"계란, 이제 유통기한 확인하세요.",447
"- 화물, 휴대 및 우편으로 수입되는 종자&middot;묘목류에 대해 중점적으로 검역 실시국립식물검역원(원장 박종서)은 봄철을 맞아 수입 종자&middot;묘목류에 대한 검역 수요가 증가할 것으로 보고 해외병해충 유입을 예방하기 위하여 3.15.～4.2.(3주간) 특별검역을 실시한다고 밝혔다.&nbsp;이번 특별검역 기간 중에는 화물, 휴대 및 우편으로 수입되는 종자&middot;묘목류에 대해 중점적으로 검역을 실시하며, 탐지견 및 X-ray 등을 활용하여 검색활동을 강화한다.&nbsp;특히, 자체 특별단속반을 활용하여 수입된 종자&middot;묘목류의 보관창고, 재배지역, 판매장 등 유통&middot;재배지역을 점검하고 관련 규정 위반행위를 철저히 단속할 계획이다.&nbsp;아울러, 국립식물검역원은 해외병해충의 유입방지를 위해 종자&middot;묘목류를 수입하는 경우 반드시 신고하여 검사를 받을 것을 중점 홍보해 나갈 계획이다.(2010.3.11, 농림수산식품부 홈페이지 보도자료)http://mifaff.korea.kr/gonews/branch.do?act=detailView&amp;type=news&amp;section=b_sec_1&amp;dataId=155440269",2010 봄철수입종자·묘목류 특별검역.hwp,http://www.fact.or.kr/action.do?action=farmtech%24file&seq=148&file_seq=1,2010.03.15,이진필,148,봄철 수입 종자·묘목류 특별검역(3.15~4.2),362
"농림수산식품부 고시 - 제2010 - 27호&nbsp;&nbsp;&nbsp;&nbsp;&nbsp; 양곡관리법 제9조202항에 규정에 의하여 정부양곡 판매가격을 다음과 같이 추가로 결정 고시합니다&nbsp;&nbsp;&nbsp;&nbsp;&nbsp;&nbsp;&nbsp;&nbsp;&nbsp;&nbsp;&nbsp;&nbsp;&nbsp;&nbsp;&nbsp;&nbsp;&nbsp;&nbsp;&nbsp;&nbsp;&nbsp;&nbsp;&nbsp;&nbsp;&nbsp;&nbsp;&nbsp;&nbsp;&nbsp;&nbsp;&nbsp;&nbsp;&nbsp;&nbsp;&nbsp;&nbsp;&nbsp;&nbsp;&nbsp;&nbsp;&nbsp;&nbsp;&nbsp;&nbsp;&nbsp;&nbsp;&nbsp;&nbsp;&nbsp;&nbsp;&nbsp;&nbsp;&nbsp;&nbsp;&nbsp;&nbsp;&nbsp;&nbsp;&nbsp;&nbsp;&nbsp;&nbsp;&nbsp;&nbsp;&nbsp;&nbsp;&nbsp;&nbsp;&nbsp;&nbsp;&nbsp;&nbsp;&nbsp;&nbsp;&nbsp;&nbsp;&nbsp;&nbsp;&nbsp;&nbsp;&nbsp;&nbsp;&nbsp;&nbsp;&nbsp;&nbsp;&nbsp;&nbsp;&nbsp; 2010년 3월 15일&nbsp;&nbsp;&nbsp;&nbsp;&nbsp;&nbsp;&nbsp;&nbsp;&nbsp;&nbsp;&nbsp;&nbsp;&nbsp;&nbsp;&nbsp;&nbsp;&nbsp;&nbsp;&nbsp;&nbsp;&nbsp;&nbsp;&nbsp;&nbsp;&nbsp;&nbsp;&nbsp;&nbsp;&nbsp;&nbsp;&nbsp;&nbsp;&nbsp;&nbsp;&nbsp;&nbsp;&nbsp;&nbsp;&nbsp;&nbsp;&nbsp;&nbsp;&nbsp;&nbsp;&nbsp;&nbsp;&nbsp;&nbsp;&nbsp;&nbsp;&nbsp;&nbsp;&nbsp;&nbsp;&nbsp;&nbsp;&nbsp;&nbsp;&nbsp;&nbsp;&nbsp;&nbsp;&nbsp;&nbsp;&nbsp;&nbsp;&nbsp;&nbsp;&nbsp;&nbsp;&nbsp;&nbsp;&nbsp;&nbsp;&nbsp;&nbsp;&nbsp;&nbsp;&nbsp;&nbsp;&nbsp;&nbsp;&nbsp;&nbsp;&nbsp;&nbsp;&nbsp;&nbsp;&nbsp;&nbsp;&nbsp;&nbsp;&nbsp;&nbsp;&nbsp;&nbsp;&nbsp;&nbsp;&nbsp;&nbsp;&nbsp; 농림수산식품부 장관(2010.3.15, 농림수산식품부 홈페이지 공고)http://www.mifaff.go.kr/USR/BORD0201/m_156/DTL.jsp?id=B10301010&amp;cate=&amp;key=subject&amp;search=&amp;search_regdate_s=&amp;search_regdate_e=&amp;order=&amp;desc=asc&amp;srch_prc_stts=&amp;pg=1&amp;mode=view&amp;idx=26871",2010 정부양곡 판매가격 추가 고시.hwp,http://www.fact.or.kr/action.do?action=farmtech%24file&seq=147&file_seq=1,2010.03.15,이진필,147,정부양곡 판매가격 추가고시,397
"- 3월 10일, 한국식품연구원(경기 분당)에서 개소식 개최우리나라 김치를 세계화&middot;명품화하기 위한 세계 김치 연구소가 본격적으로 가동되었다.&nbsp;○ 농림수산식품부는 3월 10일 오전 현 한국식품연구원(경기 분당 소재)에서 &lsquo;세계 김치연구소&rsquo; 개소식을 갖는다고 밝혔다.&nbsp;&lsquo;세계 김치연구소&rsquo;는 김치와 우리나라 전통발효식품에 대한 연구&middot;전시체험&middot;시제품 생산(Pilot-plant) 등의 다목적 기능을 수행하여,&nbsp;○ 우리나라 전통식품산업의 발전과 한식 세계화 추진을 위한 과학적 뒷받침을 하는 역할을 하게 된다.&nbsp;특히, 김치 유산균을 활용하여 치매예방, 항바이러스 등 고부가 기능성물질을 개발하고,&nbsp;○ 전통적인 미생물 발효산업을 현대화하여 우리나라 식품산업을 미래 성장 동력산업으로 탈바꿈시키는데 기여할 것으로 기대된다.&nbsp;세계 김치연구소는 2010～11년 광주광역시에 연구소 건설을 추진 중이며, 연구소 완공까지는 한국식품연구원내에 입지하여 기존 인프라를 활용, 연구를 수행할 계획이다.&nbsp;○ 세계 김치연구소 건설사업은 2010년 6월 개관 예정인 광주 김치종합센터와 연계하여 추진 중이며, 김치연구소가 이전되면 광주시는 우리나라 김치 연구와 전시&middot;체험의 메카가 될 것으로 기대된다.&nbsp;한편, 농식품부는 김치 및 발효식품산업 발전을 위한 &lsquo;발효식품 중장기 발전대책&rsquo;을 금년 중 마련할 계획이며, &nbsp;&nbsp;○ 이를 통해 세계 김치연구소를 세계 최고 수준의 발효식품연구원으로 확대 발전시킬 계획이라고 밝혔다.(2010.3.10, 농림수산식품부 홈페이지 보도자료)http://mifaff.korea.kr/gonews/branch.do?act=detailView&amp;type=news&amp;section=b_sec_1&amp;dataId=155439910",세계김치연구소 개소식.hwp,http://www.fact.or.kr/action.do?action=farmtech%24file&seq=146&file_seq=1,2010.03.11,이진필,146,"발효연구의 본산, 세계 김치연구소 발족",417
"- 축산식품 안전관리 실효성 확보, 위해사고의 선제적 대응, 안전성검사 및 기술개발 등국립수의과학검역원은 국민들이 축산식품을 안심하고 먹을 수 있는 식문화를 정착시키기 위한 2010년 축산식품 안전관리 대책을 발표하였다.&nbsp;○ 주요추진 방향은 크게 3가지로 ▲첫째, 제도 선진화 및 안전한 유통질서 확립 ▲둘째, 위해사고 선제적 대응 및 정보교류 강화 ▲셋째, 축산물 안전성 검사 및 연구 강화이다.&nbsp;검역원에서 안전관리 대책의 선진화를 기하고 실효성을 높이기 위해 새롭게 도입하거나 강화하는 사항을 분야별로 세부적으로 보면 다음과 같다.&nbsp;&lt; 1 &gt; 축산물위생관리 제도 선진화 및 안전한 유통질서 확립&nbsp;&nbsp;① 축산물위생검사기관의 검사능력 제고 및 관리강화를 위한 검사자 교육의무화와 검사기관지정 유효기간제(3년)를 도입한다.&nbsp;&nbsp;&nbsp;&nbsp;&nbsp;&nbsp;* 관련 「축산물가공처리법」 개정안 국회 제출(국회 계류 중)&nbsp;&nbsp;② 치즈류에 나트륨 등 건강관련 성분의 표시 의무화 및 표시기준을 Codex 등 국제기준과 조화를 이루어 나갈 계획이다.&nbsp;&nbsp;&nbsp;&nbsp;&nbsp;* 축산물의 표시기준 개정(검역원고시)&nbsp;&nbsp;③ 알가공품의 위생관리를 위한 비살균액란의 기준?규격을 설정하고, &lsquo;10년 상반기 중 계란집하업에 HACCP을 적용할 수 있도록 평가기준을 개발할 예정이다.&nbsp;&nbsp;&nbsp;&nbsp;&nbsp;* 축산물의 성분규격 및 가공기준 등 개정 (검역원고시)&nbsp;&nbsp;④ 고의&middot;상습적인 위생범죄 방지를 위한 축산물안전관리 특별사법경찰제도를 도입하고, 평시 위생감시와 별도로 선택과 집중을 통한 취약 업종별?시기별 기획감시를 실시한다.&nbsp;&nbsp;&nbsp;&nbsp;* 기획감시 : 식중독사건, 이물질사건 등 축산물식품사고 취약분야 중점&nbsp;&lt; 2 &gt; 위해사고 선제적 대응 및 국내외 정보교류 강화&nbsp;&nbsp;① 금년도에는 위해성 평가업무에 역점을 두고 내실화를 기하기 위해 화학물질은 록사손, 아세페이트, 브롬화난연제 3종에 대해, 미생물은 축산물 중 황색포도상구균 등 2종과 식육가공품 중 리스테리아 균에 대해 위해성 평가를 실시한다.&nbsp;&nbsp;② 축산물 위생감시&middot;교육&middot;홍보 활동에 소비자 참여를 확대하고, 국제 협력사업을 통해 우리나라 축산물 위생관리의 우수성을 홍보하는 등 우리나라 축산식품의 수출 촉진에 기여하고자 한다.&nbsp;&nbsp;&nbsp;&nbsp;&nbsp;* 베트남 등 14개국이 참여하는 아시아 축산물 안전관리 세미나 개최&nbsp;&nbsp;③ 국제식품규격위원회(Codex) 회의 참여를 확대(11분과 21명 참석예정)하여 우리나라의 입장을 반영하고 상호정보교류를 활성화해 나갈 계획이다.&nbsp;&lt; 3 &gt; 축산물 안전성 검사&middot;연구 및 도축검사 역량 강화&nbsp;&nbsp;① 국내 축산식품의 유해물질에 대한 검사를 현재 104종에서 122종으로 확대하는 한편, 수입 및 국내산 식육가공품에 대한 GMO 혼입여부 100건 및 방사선 조사여부 100건, 잔류물질과 병원성 미생물 9,380건에 대하여 모니터링을 지속적으로 실시한다.&nbsp;&nbsp;② 축산식품 산업현장의 애로사항 등을 해결하기 위하여 유해물질 동시분석법, 록사손 등 10종의 위해우려물질에 대한 검사방법, 병원성미생물의 정량분석법 및 축산식품 내 유전자변형체(GM) 검사기법 연구를 추진할 계획이다.&nbsp;&nbsp;③ 축산식품 안전관리의 핵심 중 하나인 도축검사를 강화하기 위해 검사관의 역량 향상을 위한 현장 실습교육 실시와 해외 도축병리 및 HACCP 전문가 초청 세미나를 개최한다.&nbsp;이주호 원장은 &ldquo;위생감시, 수거검사, 압류, 회수 등 사후관리도 중요하지만, 사전관리가 우선되는 선진국형 안전관리시스템의 정착에 보다 중점을 두겠다&rdquo;고 강조하였다.&nbsp;○ 이를 위해 앞서 대책에서도 밝혔듯이 예측되는 위해물질에 대한 위해성 평가, 사전 대응능력 제고를 강화하는 한편,&nbsp;○ 앞으로도 위해 축산식품이 소비자에게 유통되지 않도록 사전에 차단하는 예방활동에 주력하겠다고 밝혔다.(2010.3.10, 농림수산식품부 홈페이지 보도자료)http://mifaff.korea.kr/gonews/branch.do?act=detailView&amp;type=news&amp;section=b_sec_1&amp;dataId=155439913",2010 축산식품 안전관리대책.hwp,http://www.fact.or.kr/action.do?action=farmtech%24file&seq=145&file_seq=1,2010.03.11,이진필,145,2010년 검역원 축산식품 안전관리 대책,450
"-&lsquo;09년 전체 축산용 항생제의 사용량은 998톤으로 &rsquo;08년(약 1,211톤)에 비해 약 18%, &lsquo;01년(약 1,595톤)에 비해서는 약 37% 감소국립수의과학검역원에서 수행한 &ldquo;가축 및 축산물 내 주요 항생제내성 실태조사 및 평가&rdquo; 사업결과에 따르면 &lsquo;09년 축산용 항생제 사용량이 크게 감소한 것으로 나타났다.&nbsp;○ &lsquo;09년 전체 축산용 항생제의 사용량은 998톤으로 &rsquo;08년(약 1,211톤)에 비해 약 18%, &lsquo;01년(약 1,595톤)에 비해서는 약 37%가 감소하였다.&nbsp;○ 이는 &lsquo;05년부터 농림수산식품부에서 추진해온 배합사료 제조용 항생제 감축정책으로 사료에 제조하여 사용한 항생제량이 지속적으로 감소한 것이 영향을 미친 것으로 분석된다.&nbsp;&nbsp;&nbsp;&nbsp;* 전체 축산용 항생제 중 배합사료 제조용 항생제 &lsquo;09년 237톤으로 &rsquo;08년(447톤)에 비해 약 47%, &lsquo;01년(766톤)에 비해서는 약 69% 감소&nbsp;&nbsp;&nbsp;&nbsp;* 동 사업은 식약청에서 추진하고 있는 「국가 항생제내성 안전관리 사업」의 일환으로 국립수의과학검역원에서 축산용 항생제 분야를 수행함&nbsp;○ 축산용 항생제 사용량은 모든 축종에서 감소한 것으로 나타났으며 &lsquo;08년에 비해 돼지(551톤)와 닭(206톤)에서는 약 17～20%, 특히 소(63톤)에서는 약 36% 감소하였다.&nbsp;○ &lsquo;09년부터 배합사료용으로 사용이 금지된 항생제의 사용량 감소 등으로 린코스아마이드계 항생제가 &rsquo;08년 대비 약 53%, 테트라싸이클린계 항생제가 약 39% 감소한 것으로 나타났으며, 단일제제 중에서는 네오마이신(아미노글루코사이드계)이 약 77%가 감소한 것으로 나타났다.&nbsp;아울러, &lsquo;09년 가축의 항생제 내성율(대장균 기준)에 대한 조사결과는 테트라싸이클린, 네오마이신 등 항생제별로 점차적으로 감소하는 경향을 나타났다.&nbsp;○ 가축의 항생제 중 가장 많이 사용하는 테트라싸이클린은 소(牛)에서는 예년과 같지만 돼지와 닭에서는 내성율이 감소된 것으로 나타났다.&nbsp;○ 아울러 &lsquo;09년부터 배합사료제조용 항생제로 사용이 금지되어 사용량이 가장 많이 감소한 네오마이신의 경우 모든 축종(소&middot;돼지&middot;&middot;닭)에서 내성율이 감소한 것으로 나타났다.&nbsp;○ 다만, 세프티오퍼, 세파졸린, 아목사실린/클라벤닉산, 스트렙토마이신 등 일부 항생제(4종)는 치료용으로 계속 사용되고 있어서 2개 이상 축종에서 내성율이 다소 증가되었다. 검역원에서는 이에 대한 지속적인 개선 노력을 추진할 계획이다.&nbsp;검역원 관계자는 &ldquo;앞으로도 지속적인 모니터링 및 연구를 수행하고, 배합사료제조용 항생제 감축&middot;무항생제 축산물 인증제&middot;축산농가에 대한 교육&middot;홍보 등을 지속적으로 전개하여 항생제 사용량 및 내성률을 꾸준히 줄여 나가도록 노력하겠다&rdquo;고 밝혔다.(2010.3.9, 농림수산식품부 홈페이지 보도자료)http://mifaff.korea.kr/gonews/branch.do?act=detailView&amp;type=news&amp;section=b_sec_1&amp;dataId=155439546",가축 항생제사용량 감소.hwp,http://www.fact.or.kr/action.do?action=farmtech%24file&seq=144&file_seq=1,2010.03.11,이진필,144,가축 항생제 사용량 크게 감소,479
"농림수산식품부공고 2010-812010년도 쌀가공산업육성지원사업 시행지침을 다음과 같이 공고 합니다.2010년 3월 8일농림수산식품부장관http://www.mifaff.go.kr/USR/BORD0201/m_156/DTL.jsp?id=B10301010&amp;cate=&amp;key=subject&amp;search=&amp;search_regdate_s=&amp;search_regdate_e=&amp;order=&amp;desc=asc&amp;srch_prc_stts=&amp;pg=1&amp;mode=view&amp;idx=26860",2010 쌀가공산업육성지원 지침.hwp,http://www.fact.or.kr/action.do?action=farmtech%24file&seq=143&file_seq=1,2010.03.11,이진필,143,2010년도 쌀가공산업육성 지원사업 공고,459
"지난해부터 선풍적인 인기를 끌고 있는 막걸리를 비롯한 전통주에 대한 품질인증제가 오는 8월부터 시행된다. 질 좋은 술에는 정부가 인증하는 마크가 부착되며, 국가와 지방자치단체 등 공공기관이 전통주를 필요로 할 때 우선 구매대상이 된다.농림수산식품부는 오는 8월5일 '전통주 등의 산업진흥에 관한 법률'이 시행되는 것에 맞춰 막걸리와 청주에 대한 품질인증제를 운영할 계획이라고 9일 밝혔다.주류품질인증제는 주류의 품질 향상과 소비자 보호 등을 위해 도입하는 것으로 품질인증을 받은 술에는 인증마크를 부착하게 된다.(후략) (2010.3.9, 아시아경제)http://www.asiae.co.kr/news/view.htm?idxno=2010030911055196993 &nbsp;",2010.03.11,이진필,142,"농식품부, 막걸리 품질인증제 8월 시행",453,2010년도 쌀가공산업육성 지원사업 공고,459
"- 수입쇠고기의 원산지&middot;유통기한을 휴대폰으로 꼭 확인하세요2010년 3월부터 수입쇠고기를 판매하는 대형마트, 정육점 등에 휴대폰으로 원산지?유통기한 등을 실시간 확인할 수 있는 『수입쇠고기 유통이력관리시스템』이 시범운영 된다.&nbsp;ㅇ 농림수산식품부는 총리실 주관으로 발표한 「식품안전종합대책」('08.7월)에 따라 수입쇠고기의 유통이력을 체계적으로 관리하고 수입쇠고기 위생안전에 대한 범국가적인 관심에 적극 부응하고자,&nbsp;ㅇ 「수입쇠고기 유통이력관리시스템」구축을 완료('10.2월)하고 2010년 3월부터 이마트, 갤러리아 백화점 등 일부 대형유통매장 중심으로 시범운영을 한 후 2010년 12월 중에 본격적인 도입을 추진할 계획이라고 밝혔다.&nbsp;농식품부는 2010년 3월 「수입쇠고기 유통이력관리시스템」의 시범운영에 앞서 한국갤럽조사연구소에 의뢰하여 일반소비자 1,000명 및 한우 사육농가 300명을 대상으로 수입쇠고기 유통이력시스템 도입에 대한 의식조사를 실시하였다.&nbsp;ㅇ 소비자의 경우 91%가 도입필요성을 크게 느낀다고 응답하였으며, 소비자가 알고 싶어 하는 수입쇠고기 이력정보로는 원산지, 유통기한 순으로 나타났고,&nbsp;ㅇ 한우농가의 75%는 수입쇠고기 유통이력시스템을 통해 원산지 둔갑을 막을 수 있어서 한우농가에 도움이 될 것이라고 응답하였다.&nbsp;본 시스템은 수입관련 영업자에게 유통단계별로 거래내역을 관리토록 함으로써 위해(危害)사고 발생시 긴급 회수를 지원하고, 국내산 쇠고기이력제도 시행과 더불어 소비자에게 정확하게 알권리 제공을 목적으로 구축되었다.&nbsp;ㅇ 쇠고기 수입업자와 유통단계별 영업자 등은 수입쇠고기 박스에 수입유통식별번호를 부착하고 거래관련 정보를 수입쇠고기 유통이력관리시스템에 기록?관리하게 된다.&nbsp;ㅇ 소비자는 시스템에 기록된 원산지, 유통기한, 냉장?냉동 여부 등 수입쇠고기 이력정보를 12자리 수입쇠고기 유통식별번호를 통해 휴대폰 인터넷 접속번호(8226)나 인터넷(www.meatwatch.go.kr) 등을 이용하여 쉽게 확인할 수 있다.&nbsp;ㅇ 수의과학검역원 등에서는 쇠고기를 수출한 상대국에서 위해 사고가 발생할 경우 회수대상 쇠고기를 시스템에 등록하고 수입쇠고기의 유통을 즉각적으로 차단할 수 있다.&nbsp;&nbsp;- 시스템에 기록된 위해 대상 쇠고기의 유통이력 정보가 모든 유통단계와 각 판매장 등으로 시스템을 통해 전송되며, 전송된 정보를 통해 중간 유통 중인 쇠고기는 입&middot;출고 단계에서 즉각 회수된다.&nbsp;&nbsp;- 판매장으로 입고된 쇠고기는 네트워크 기반(인터넷 등)의 전자저울에서 구매직전에 걸러지게 됨에 따라 소비자는 위해 쇠고기로부터 안전하게 보호받을 수 있게 된다.&nbsp;농식품부 관계자는 &ldquo;앞으로 네트워크 기반이 없는 영세정육점 영업자도 신용카드 단말기(전화선)를 이용해 위해쇠고기 대상 여부 등을 실시간으로 확인할 수 있게 함으로써 수입쇠고기 구매 소비자에 대한 안전장치를 한층 더 강화해 나갈 계획&rdquo;이라고 밝혔다.&nbsp;&nbsp;ㅇ 이러한 시스템은 3월부터 고기스토아 등 네트워크 기반이 없는 정육점을 대상으로 시범실시 후 확산해 나갈 계획이며&nbsp;&nbsp;ㅇ 시스템에 대한 이해도를 높이기 위해 3월 9일 농식품부 대회의실에서 소비자단체 및 한우생산자단체, 수입쇠고기 관련 단체, 농식품부 관계기관 등이 참석하여 『수입쇠고기 이력관리시스템』구축 최종완료 보고회를 개최한다고 덧붙였다.(2010.3.8, 농림수산식품부 홈페이지 보도자료)http://mifaff.korea.kr/gonews/branch.do?act=detailView&amp;type=news&amp;section=b_sec_1&amp;dataId=155439299",2010 수입쇠고기 유통이력관리.hwp,http://www.fact.or.kr/action.do?action=farmtech%24file&seq=141&file_seq=1,2010.03.09,이진필,141,수입쇠고기 유통이력관리시스템 3월부터 시범운영 후 12월 본격도입,301
"- 농식품부, 서울.경기.광역시 소재 20개교 팜스쿨 선정쌀이 벼가 아닌 &lsquo;쌀나무&rsquo;에서 나온다고 생각하는 요즘 어린 학생들에게 농촌을 보다 가까이서 느끼게 하기 위한 &lsquo;팜스쿨(farm school) 시범사업&rsquo;이 추진된다.&nbsp;&nbsp;○&nbsp;&nbsp;팜스쿨 시범학교로 선정된 초등학교는 농촌 체험마을과 결연을 통해 마을에서 제공하는 묘종과 흙을 가지고 교내 유휴공간에 텃밭을 조성하며, 연 1회 이상 마을을 방문하여 체험활동을 하게 된다.&nbsp;&nbsp;○&nbsp;&nbsp;그 뿐 아니라 텃밭에서 학생들이 키운 농작물은 친환경 재료로 학교 급식에 활용되며, 재량활동 시간에는 친환경 농업과 식생활에 대한 교육을 받을 수 있게 된다. &nbsp;농림수산식품부는 사업 대상학교 선정을 위해 서울&middot;경기 및 광역시 소재 학교를 대상으로 지난 2월 2일부터 22일까지 공모를 추진(총 55개교 신청)하였으며, 심사를 통해 최종 20개소를 선정하였다.&nbsp;&nbsp;○ &nbsp;농식품부 담당자는 예상보다 많은 학교가 다양한 아이디어를 가지고 지원하여 심사과정이 쉽지 않았다고 전했다.&nbsp;&nbsp;○ &nbsp;금번에 선정된 학교 중에는 학생들의 아버지를 대상으로 &lsquo;아버지회&rsquo;를 구성하여 자녀와 함께 교내 텃밭을 관리하겠다는 학교(서울대림초교), 전학년 교과서에서 친환경 식생활 지도 요소만을 골라 &lsquo;친환경 학습지&rsquo;를 제작하겠다는 학교(서울면중초교), 연말에 추수 감사제를 개최하여 &lsquo;재배왕&rsquo;을 선발하는 학교(대구조암초교) 등 농촌을 보다 학생들에게 쉽게 다가가게 하기 위한 아이디어가 돋보이는 학교들이 많았다.&nbsp;농식품부는 동 시범사업을 원활하게 추진하기 위해 각 학교가 원하는 체험학습에 맞는 체험마을을 선정(3.10~3.31)하고, 학교당 5백만원의 예산과 각종 농촌 체험학습 자료를 지원할 예정이다.&nbsp;&nbsp;○ &nbsp;아울러 연말에는 성과평가를 통한 인센티브를 부여(내년 선정 시 가점 부여)하고, 내년도부터는 예산 지원 규모를 두 배로 확대할 예정이다.&nbsp;&nbsp;○ &nbsp;농식품부는 동 시범사업이 생활화된 농촌 체험학습을 통해 미래 세대의 주역인 초등학생들의 농업.농촌에 대한 이해를 높이고 향후 건전한 농산물 소비자로 육성하는데 기여할 것으로 내다보고 있다.(2010.3.8, 농림수산식품부 홈페이지 보도자료)http://mifaff.korea.kr/gonews/branch.do?act=detailView&amp;type=news&amp;section=b_sec_1&amp;dataId=155439301",2010 팜스쿨 시범사업_1.hwp,http://www.fact.or.kr/action.do?action=farmtech%24file&seq=140&file_seq=1,2010.03.09,이진필,140,도심지 학교가 촌村스러워진다,304
"- 개도국특별긴급관세(SSM) 등의 잔여쟁점 논의3.8일 주간 스위스 제네바에서 DDA 농업협상이 개최될 예정이다.&nbsp;○ 각국의 고위급 협상단 및 WTO 농업의장은 3.8일 주간 모델리티의 잔여쟁점(개도국 특별긴급관세, 관세상한, 민감품목 등)에 대해 논의할 예정이다.&nbsp;&nbsp;&nbsp;&nbsp;※ 2009년 하반기부터 DDA 농업협상에서는 모델리티의 잔여쟁점 및 양허표 양식(template)에 대한 논의가 진행 중&nbsp;특히 금번 협상기간에는 농업 모델리티 협상의 대표적인 잔여쟁점 중의 하나인 개도국 특별긴급관세(SSM)* 등이 집중적으로 논의 될 것이다.&nbsp;○ 우리나라가 포함되어 있는 개도국 수입국 그룹(G33)과 주요 수출국간에 SSM의 주요 쟁점에 대한 의견 교환이 있을 것이다.&nbsp;&nbsp;&nbsp;&nbsp;※ 개도국 특별긴급관세(SSM: Special Safeguard Mechanism): 개도국에 한해 수입량이 일정물량 이상 증가하거나 수입가격이 일정가격 이하로 하락할 경우 추가관세를 부과할 수 있도록 하는 제도&nbsp;Lamy WTO 사무총장은 3.29-30일, DDA 협상을 점검?평가하기 위해 고위급 수준의 점검회의(stock-taking)를 개최할 예정인 바, 금번 농업협상은 3월말 점검회의 직전의 농업협상이라는 의의가 있다.&nbsp;농식품부와 외교부는 3.8일 주간의 모델리티 잔여쟁점 논의에 김종진 국제협력국장을 수석대표로 하는 대표단을 파견하여 우리 입장 반영을 위해 적극 노력할 계획이다.&nbsp;○ 특히 SSM 논의에서는 수입급증 등에 효과적으로 작동될 수 있는 SSM조치가 도입되도록 G33과 공조하여 대응할 예정이다.(2010.3.8, 농림수산식품부 홈페이지 보도자료)http://mifaff.korea.kr/gonews/branch.do?act=detailView&amp;type=news&amp;section=b_sec_1&amp;dataId=155439289",WTO·DDA 농업협상동향.hwp,http://www.fact.or.kr/action.do?action=farmtech%24file&seq=139&file_seq=1,2010.03.09,이진필,139,WTO/DDA 농업협상 동향,312
"- 8개국 15명 검역&middot;검사관 초청방문, &lsquo;10.3.8-12농림수산식품부는 우리 농식품의 수출 확대를 위하여 수출 유망국의 검역?검사관을 초청해 우리 검역 및 수출현장을 방문하여 우리 농식품의 안전성을 확인토록 하는 기회를 제공한다고 밝혔다.&nbsp;○ 동 사업은 농식품 수입국들이 자국민 보호 및 병해충 차단을 위해 갈수록 수입 검역을 강화해 나가는 추세임을 감안하여,&nbsp;○ 우리 농식품의 안전성을 수출 대상국 검역?검사관에게 직접 알리고, 또한 협력을 강화할 수 있는 계기를 만들어 수출 촉진을 도모하기 위해 지난 &rsquo;08년부터 추진하고 있다.&nbsp;&nbsp;&nbsp;&nbsp;* &rsquo;08년 6개국 검역관 초청, &rsquo;09년 중국 질검총국 초청 및 필리핀 검역소장 초청 등 추진&nbsp;금번 초청된 검역&middot;검사관은 앞으로 우리 농식품 수출이 유망시 되는 8개국 15명으로 주요 검역기관과 수출업체를 직접 방문하여 우리 농식품의 수출안전성 및 경쟁력 등을 가늠해보게 된다.&nbsp;○ 초청자는 싱가폴, 대만, 몽골, 카자흐스탄, 인도네시아, 필리핀, 태국, 베트남의 8개국 15명이며 3.8～12일 동안 농관원 시험연구소, 동식물 검역장 등 검역기관과 전국의 주요 수출업체를 방문하게 된다.&nbsp;농식품부는 금번 초청사업에 참여한 각국의 검역?검사관은 향후 우리 농식품의 해당국 수출시 검역&middot;검사에 있어 긍정적인 역할을 담당해줄 것이라고 기대하고 있다.&nbsp;한편, 우리 검역기관 및 수출업체들은 금번 초청사업을 통해 생산부터 유통, 수출에 이르는 전 과정에서 안전성 제고의 필요성을 인식하고, 앞으로 안전관리를 더욱 다지는 기회가 되었다고 평가하였다.(후략) (2010.3.8, 농림수산식품부 홈페이지 보도자료)http://mifaff.korea.kr/gonews/branch.do?act=detailView&amp;type=news&amp;section=b_sec_1&amp;dataId=155439286",농식품 수출유망국 검역 검사관 네트워크 강화.hwp,http://www.fact.or.kr/action.do?action=farmtech%24file&seq=138&file_seq=1,2010.03.09,이진필,138,농식품 수출유망국 검역·검사관 네트워크 강화,338
"&lsquo;10.3.4. 농림수산식품부는 낙농산업발전종합대책의 큰 틀을 마련하여 관련단체 대표들과 간담회를 개최하였다.&nbsp;농식품부 관계자는 그동안 낙농가와 유업계 등 다양한 이해관계자, 학계 등 전문가들의 의견을 광범위하게 수렴하여 FTA 등에 대비하여 장기적으로 국민의 주요 식량자원인 우유의 생산기반을 안정시키고,&nbsp;○ 낙농산업의 경쟁력을 강화시켜 나가기 위해 △안정적인 수급관리, △소비확대, △생산성향상, △제도개선 등에 중점을 두고 종합대책을 마련하였다고 밝혔다.&nbsp;동 대책의 주요내용을 살펴보면&nbsp;○ 첫째, 장기적으로 최소한 200만톤 이상의 원유(原乳-RAW MILK) 생산목표량을 설정하였다.&nbsp;&nbsp;&nbsp;- 이는 한&middot;EU FTA 이후 유제품 수입이 늘더라도 2009년도 현재 211만톤 수준인 국내 원유(原乳)의 생산 기반을 최소한 200만톤 수준은 유지해 나간다는 계획이다.&nbsp;○ 둘째, 장기적으로 원유수급을 안정시키기 위한 수단으로 &nbsp;전국적인 쿼터제(생산량 할당제)를 실시한다.&nbsp;&nbsp;&nbsp;- 현재 생산 쿼터제를 낙농진흥회, 협동조합, 일반 유업체별로 각각 관리하고 있는 것을 보완하여 총괄관리토록 함으로써 전국적으로 수급을 적절히 조절해 나가기 위한 것이다.&nbsp;&nbsp;&nbsp;- 이와 함께, FTA로 인한 피해 발생시에는 구조조정 등을 위한 보상대책을 별도로 마련할 예정이다.&nbsp;○ 셋째, 국산유제품 산업 육성을 위해 가공원료유(加工原料乳)를 연간 20만톤 이내에서 지원한다.&nbsp;&nbsp;&nbsp;- 우유는 젖소의 생리현상 등에 따라 계절적인 수급편차가 심한 반면 저장성이 없기 때문에 불가피하게 발생하는 잉여원유를 가공원료유로 공급하기 위한 것이다.&nbsp;○ 넷째, 낙농 관련 최고의사결정을 위한 중앙낙농기구를 설립, 운영할 계획이다.&nbsp;&nbsp;- 중앙낙농기구를 통해 전국쿼터제 운영, 가공원료유 지원, 원유가격 협의 등과 함께 전체적인 수급전망을 토대로 연간 쿼터운용계획을 수립하고, 장기적으로 낙농후계인력을 양성하기 위한 프로그램도 운영할 예정이다. &nbsp;&nbsp;○ 다섯째, 유제품 소비확대를 위해 학교우유급식 확대, 다양한 소비계층의 수요에 맞춘 신규유제품 개발, 낙농체험사업, 수출지원 등을 추진한다.&nbsp;&nbsp;- 특히 학교우유급식은 2009년에 저소득층 자녀 37만 4천명에게 무상으로 지원하던 것을 2010년에는 초등학교 차상위층을 포함하여 51만 2천명으로 확대한데 이어, 점차 중?고등학교 차상위계층까지 지원대상을 확대해 나간다는 계획이다.&nbsp;&nbsp;- 또한, 신규유제품을 개발하거나 낙농체험사업을 위한 시설비를 융자지원하며 국산 우유, 발효유, 조제분유, 탈지분유 등을 수출할 경우에는 수출물류비의 일부를 보조한다.&nbsp;○ 여섯째, 낙농가의 생산성 향상을 통한 국제경쟁력을 높이고자 낙농시설 현대화, 조사료 생산기반 확대, 젖소개량 등을 &nbsp;종합적으로 추진한다.&nbsp;&nbsp;- 낙농시설 현대화사업은 농가 호당 최대 2억원(보조 7천 5백만원, 융자 1억2천5백만원)까지 지원하며, 조사료공급을 확대하기 위해 조사료 재배면적을 2012년까지 37만㏊를 조성할 계획이다.&nbsp;&nbsp;- 또한 젖소개량의 핵심인 육종농가제도를 도입하여 핵군농가 20호, 육종농가 400호를 집중 육성할 계획이며, 젖소 능력검정을 확대하여 생산성향상과 경영합리화를 유도해 나갈 계획이다.&nbsp;농식품부는 이러한 낙농종합대책을 추진하기 위한 세부 시행방안을 마련코자 3.5일부터 실무 TF팀을 구성하여 운영키로 하였으며, 동 TF를 통해 생산자단체와 협동조합이 요구하고 있는 생산자위원회 설치 등의 요구사항을 검토 보완해 나갈 계획이다.&nbsp;이번에 마련한 낙농종합대책이 차질 없이 추진될 경우 그동안 낙농분야의 핵심과제로 대두되었던 우유 수급이 장기적으로 안정되고, DDA/FTA 등에 따른 시장개방체제하에서도 국내 낙농산업기반이 더욱 튼튼해 질 것으로 기대한다고 농식품부 관계자는 밝혔다. (2010.3.8, 농림수산식품부 홈페이지 보도자료)http://mifaff.korea.kr/gonews/branch.do?act=detailView&amp;type=news&amp;section=b_sec_1&amp;dataId=155439285",2010 낙농발전종합대책.hwp,http://www.fact.or.kr/action.do?action=farmtech%24file&seq=137&file_seq=1,2010.03.09,이진필,137,농식품부 낙농발전종합대책의 큰 틀 마련,328
"본 연구는 향후 50년 동안의 영국 토지(land) 사용의 미래에 대한 폭넓은 전망을 수행한 프로젝트(Foresight Land Use Futures Projects)의 세부 내용을 정리한 보고서이다. 구체적으로 증가하는 토지 사용 변화의 지침을 마련하고 지속가능한 행위에 대한 유인을 조사하며, 토지로부터 가치를 발굴하기 위한 좀 더 전략적인 접근방식을 제시하고 있다. 본 프로젝트의 목적은 (1) 향후 50년 동안 영국의 토지 사용에 있어 문제와 기회가 무엇인지를 조사하고, (2) 미래에 국민 및 경제에 좀 더 많은 가치를 지속적으로 부여하기 위해 토지를 사용하고 관리하기 위한 방안이 무엇인가를 분석하는 것이다. (중략)- 자연환경 보호를 위한 토지 활용: 많은 반자연(semi-natural) 지역이 국가의 안위 및 거주, 야생동식물 보호 등의 관점에서 매우 중요하며 국민의 웰빙 및 번영에 있어 그 기여하는 바가 매우 크다. 그럼에도 불구하고, 토지 활용에 있어 환경 변화 및 인간-중심의 변화의 향후 효과는 영국의 반자연 환경에 심각한 문제를 야기할 수 있다. 이에 대처하기 위해서는 (1) 야생동식물을 위한 보호지역이 어떻게 종이 좀 더 환경변화 및 변화된 거주지에 적용하는데 도움이 되는지에 대한 평가가 되어야 하고, (2) 토지의 품질 및 관리를 보장하기 위해 디자인된 현 규제 및 여타 방법들의 효과성 및 운영에 대해 검토해야 하며, (3) 토지 관리에 영향을 끼칠 수 있는 가능한 미래 방법들을 검토해야 한다. - 농업: 탄소 비용 및 광범위한 생태계 서비스를 반영할 수 있는 농토 관리자를 위한 동기 및 보상 시스템을 검토하고 재디자인해야 할 필요가 있다. - 산림지대: 전체 영국에서 산림지대가 차지하는 비율은 12%로 낮아졌다. 국가를 위한 장기적인 산림지대에 대한 투자가 필요한데, 추가적인 산림이 제공할 수 있는 혜택의 범위에 대한 세부 분석을 통해 산림지역을 어떻게 촉진할 것인지 결정할 필요가 있다.&nbsp; (후략) (2010.3.8, 한국과학기술정보연구원 정보분석본부)http://mirian.kisti.re.kr/gtb_trend/class_gtb/class_gtb_v.jsp?sub_menu=2&amp;cn=GTB2010030115&amp;dbt=TREND&amp;service_code=03&amp;user_id=betl2001",2010.03.08,이진필,136,영국 정부 토지(land) 활용의 미래 전략 발표,390,농식품부 낙농발전종합대책의 큰 틀 마련,328
"- 분야별 민간전문가 7명 채용&nbsp; 농림수산식품부는 3.4(목) 오후『국가식품클러스터 추진단』현판식을 갖고, 본격적인 국가식품클러스터 사업 추진에 나선다.『국가식품클러스터 추진단』은 전북 익산에 조성될 국가식품클러스터 관련업무 추진을 위한 T/F팀으로,&nbsp;○ 식품유통정책관(국장)을 단장으로 기업 지원, 투자 유치, 산단 조성 등 3개 팀으로 구성되었다.&nbsp;○ 국가식품클러스터 조성 전담인력으로 민간전문가 7명을 채용하여 국가식품클러스터 사업은 한층 탄력을 받을 것으로 기대된다.&nbsp;○ 추진단은 식품산업진흥법에 따라 내년에 법인으로 설립되는 클러스터 지원센터 설립 준비 및 클러스터 내에 건립될 기능성평가센터 등 3대 R&amp;D센터, 시험생산시설(pilot plant) 등 기업지원시설의 운영방안 마련과 국내&middot;외 기업 유치를 위한 투자유치 활동, 국가산단 지정 절차 추진을 위한 실무협의 등 업무를 수행하게 된다.&nbsp;&nbsp;&nbsp;&nbsp;&nbsp;* 3대 R&amp;D 센터 : 기능성평가센터, 품질안전센터, 패키징센터&nbsp;&nbsp;&nbsp;&nbsp;&nbsp;* 기업지원시설 : 시험생산시설(pilot plant), 임대형공장&nbsp;이번 현판식에는 장태평 농림수산식품부 장관, 제1차관 등 농식품부 관계자와 해당 지자체인 전라북도, 익산시 관계자가 참석한 가운데 진행된다.&nbsp;국가식품클러스터 조성 사업은 식품기업, 민간연구소, 식품 관련기업을 한 곳에 집적시켜, 시너지(synergy) 효과를 통해 식품산업의 경쟁력을 높이고자 추진되는 사업으로,&nbsp;○ 전라북도 익산시 왕궁면 일대에 국내 최초의 식품전문 국가산업단지를 조성하고, 여기에 국내&middot;외 식품기업 145개, 민간연구소 10개 이상 유치할 것을 목표로 추진 중이다.(2010.3.3, 농림수산식품부 홈페이지 보도자료)http://mifaff.korea.kr/gonews/branch.do?act=detailView&amp;type=news&amp;section=b_sec_1&amp;dataId=155438562",국가식품클러스터 추진단 본격 시동.hwp,http://www.fact.or.kr/action.do?action=farmtech%24file&seq=135&file_seq=1,2010.03.05,이진필,135,국가식품클러스터 추진단 본격 시동!,439
"농림수산식품부 공고 제2010-74호&nbsp; 2010년 농산물유통 전문교육 운영지침에 따라 2010년 농산물유통 지역별 전문교육기관 선정계획을 다음과 같이 공고합니다.&nbsp;&nbsp;&nbsp;&nbsp;&nbsp;&nbsp;&nbsp;&nbsp;&nbsp;&nbsp;&nbsp;&nbsp;&nbsp;&nbsp;&nbsp;&nbsp;&nbsp;&nbsp;&nbsp;&nbsp;&nbsp;&nbsp;&nbsp;&nbsp;&nbsp;&nbsp;&nbsp;&nbsp;&nbsp;&nbsp;&nbsp;&nbsp;&nbsp;&nbsp;&nbsp;&nbsp;&nbsp;&nbsp;&nbsp;&nbsp;&nbsp;&nbsp;&nbsp;&nbsp;&nbsp;&nbsp;&nbsp;&nbsp;&nbsp;&nbsp;&nbsp;&nbsp;&nbsp;&nbsp;&nbsp;&nbsp;&nbsp;&nbsp;&nbsp;&nbsp;&nbsp;&nbsp;&nbsp;&nbsp;&nbsp;&nbsp;&nbsp;&nbsp;&nbsp;&nbsp;&nbsp;&nbsp;&nbsp;&nbsp;&nbsp;&nbsp;&nbsp;&nbsp;&nbsp;&nbsp;&nbsp;&nbsp;&nbsp;&nbsp;&nbsp;&nbsp;&nbsp;&nbsp;&nbsp;&nbsp;&nbsp;&nbsp;&nbsp;&nbsp;&nbsp;&nbsp;&nbsp;&nbsp;&nbsp;&nbsp;&nbsp;&nbsp;&nbsp;&nbsp;&nbsp;&nbsp;&nbsp;&nbsp;&nbsp;&nbsp;&nbsp;&nbsp;&nbsp;&nbsp;&nbsp;&nbsp;&nbsp;&nbsp;&nbsp;&nbsp;&nbsp;&nbsp;&nbsp;&nbsp;&nbsp;&nbsp;&nbsp;&nbsp;&nbsp;&nbsp;&nbsp;&nbsp;&nbsp;&nbsp;&nbsp;&nbsp;&nbsp;&nbsp;&nbsp;&nbsp;2010년 3월 4일&nbsp;&nbsp;&nbsp;&nbsp;&nbsp;&nbsp;&nbsp;&nbsp;&nbsp;&nbsp;&nbsp;&nbsp;&nbsp;&nbsp;&nbsp;&nbsp;&nbsp;&nbsp;&nbsp;&nbsp;&nbsp;&nbsp;&nbsp;&nbsp;&nbsp;&nbsp;&nbsp;&nbsp;&nbsp;&nbsp;&nbsp;&nbsp;&nbsp;&nbsp;&nbsp;&nbsp;&nbsp;&nbsp;&nbsp;&nbsp;&nbsp;&nbsp;&nbsp;&nbsp;&nbsp;&nbsp;&nbsp;&nbsp;&nbsp;&nbsp;&nbsp;&nbsp;&nbsp;&nbsp;&nbsp;&nbsp;&nbsp;&nbsp;&nbsp;&nbsp;&nbsp;&nbsp;&nbsp;&nbsp;&nbsp;&nbsp;&nbsp;&nbsp;&nbsp;&nbsp;&nbsp;&nbsp;&nbsp;&nbsp;&nbsp;&nbsp;&nbsp;&nbsp;&nbsp;&nbsp;&nbsp;&nbsp;&nbsp;&nbsp;&nbsp;&nbsp;&nbsp;&nbsp;&nbsp;&nbsp;&nbsp;&nbsp;&nbsp;&nbsp;&nbsp;&nbsp;&nbsp;&nbsp;&nbsp;&nbsp;&nbsp;&nbsp;&nbsp;&nbsp;&nbsp;&nbsp;&nbsp;&nbsp;&nbsp;&nbsp;&nbsp;&nbsp;&nbsp;&nbsp;&nbsp;&nbsp;&nbsp;&nbsp;&nbsp;&nbsp;&nbsp;&nbsp;&nbsp;&nbsp;&nbsp;&nbsp;&nbsp;&nbsp;&nbsp;&nbsp;&nbsp; 농림수산식품부 장관(2010.3.4, 농림수산식품부 홈페이지 공고)http://www.mifaff.go.kr/USR/BORD0201/m_156/DTL.jsp?id=B10301010&amp;cate=&amp;key=subject&amp;search=&amp;search_regdate_s=&amp;search_regdate_e=&amp;order=&amp;desc=asc&amp;srch_prc_stts=&amp;pg=1&amp;mode=view&amp;idx=26846",2010년 농산물유통 지역별 전문교육기관 선정계획(농식품부 공고 제2010-74호).hwp,http://www.fact.or.kr/action.do?action=farmtech%24file&seq=134&file_seq=1,2010.03.05,이진필,134,2010년 농산물유통 지역별 전문교육기관 선정계획 공고,455
"농림수산식품부 공고 제2010-74호&nbsp; 2010년 농산물유통 전문교육 운영지침에 따라 2010년 농산물유통 지역별 전문교육기관 선정계획을 다음과 같이 공고합니다.&nbsp;&nbsp;&nbsp;&nbsp;&nbsp;&nbsp;&nbsp;&nbsp;&nbsp;&nbsp;&nbsp;&nbsp;&nbsp;&nbsp;&nbsp;&nbsp;&nbsp;&nbsp;&nbsp;&nbsp;&nbsp;&nbsp;&nbsp;&nbsp;&nbsp;&nbsp;&nbsp;&nbsp;&nbsp;&nbsp;&nbsp;&nbsp;&nbsp;&nbsp;&nbsp;&nbsp;&nbsp;&nbsp;&nbsp;&nbsp;&nbsp;&nbsp;&nbsp;&nbsp;&nbsp;&nbsp;&nbsp;&nbsp;&nbsp;&nbsp;&nbsp;&nbsp;&nbsp;&nbsp;&nbsp;&nbsp;&nbsp;&nbsp;&nbsp;&nbsp;&nbsp;&nbsp;&nbsp;&nbsp;&nbsp;&nbsp;&nbsp;&nbsp;&nbsp;&nbsp;&nbsp;&nbsp;&nbsp;&nbsp;&nbsp;&nbsp;&nbsp;&nbsp;&nbsp;&nbsp;&nbsp;&nbsp;&nbsp;&nbsp;&nbsp;&nbsp;&nbsp;&nbsp;&nbsp;&nbsp;&nbsp;&nbsp;&nbsp;&nbsp;&nbsp;&nbsp;&nbsp;&nbsp;&nbsp;&nbsp;&nbsp;&nbsp;&nbsp;&nbsp;&nbsp;&nbsp;&nbsp;&nbsp;&nbsp;&nbsp;&nbsp;&nbsp;&nbsp;&nbsp;&nbsp;&nbsp;&nbsp;&nbsp;&nbsp;&nbsp;&nbsp;&nbsp;&nbsp;&nbsp;&nbsp;&nbsp;&nbsp;&nbsp;&nbsp;&nbsp;&nbsp;&nbsp;&nbsp;&nbsp;&nbsp;&nbsp;&nbsp;&nbsp;&nbsp;&nbsp;2010년 3월 4일&nbsp;&nbsp;&nbsp;&nbsp;&nbsp;&nbsp;&nbsp;&nbsp;&nbsp;&nbsp;&nbsp;&nbsp;&nbsp;&nbsp;&nbsp;&nbsp;&nbsp;&nbsp;&nbsp;&nbsp;&nbsp;&nbsp;&nbsp;&nbsp;&nbsp;&nbsp;&nbsp;&nbsp;&nbsp;&nbsp;&nbsp;&nbsp;&nbsp;&nbsp;&nbsp;&nbsp;&nbsp;&nbsp;&nbsp;&nbsp;&nbsp;&nbsp;&nbsp;&nbsp;&nbsp;&nbsp;&nbsp;&nbsp;&nbsp;&nbsp;&nbsp;&nbsp;&nbsp;&nbsp;&nbsp;&nbsp;&nbsp;&nbsp;&nbsp;&nbsp;&nbsp;&nbsp;&nbsp;&nbsp;&nbsp;&nbsp;&nbsp;&nbsp;&nbsp;&nbsp;&nbsp;&nbsp;&nbsp;&nbsp;&nbsp;&nbsp;&nbsp;&nbsp;&nbsp;&nbsp;&nbsp;&nbsp;&nbsp;&nbsp;&nbsp;&nbsp;&nbsp;&nbsp;&nbsp;&nbsp;&nbsp;&nbsp;&nbsp;&nbsp;&nbsp;&nbsp;&nbsp;&nbsp;&nbsp;&nbsp;&nbsp;&nbsp;&nbsp;&nbsp;&nbsp;&nbsp;&nbsp;&nbsp;&nbsp;&nbsp;&nbsp;&nbsp;&nbsp;&nbsp;&nbsp;&nbsp;&nbsp;&nbsp;&nbsp;&nbsp;&nbsp;&nbsp;&nbsp;&nbsp;&nbsp;&nbsp;&nbsp;&nbsp;&nbsp;&nbsp;&nbsp; 농림수산식품부 장관(2010.3.4, 농림수산식품부 홈페이지 공고)http://www.mifaff.go.kr/USR/BORD0201/m_156/DTL.jsp?id=B10301010&amp;cate=&amp;key=subject&amp;search=&amp;search_regdate_s=&amp;search_regdate_e=&amp;order=&amp;desc=asc&amp;srch_prc_stts=&amp;pg=1&amp;mode=view&amp;idx=26846",2010년 농산물유통 전문교육 계획서 작성양식 및 요령.hwp,http://www.fact.or.kr/action.do?action=farmtech%24file&seq=134&file_seq=2,2010.03.05,이진필,134,2010년 농산물유통 지역별 전문교육기관 선정계획 공고,455
"농림수산식품부 공고 제2010-76호&nbsp;&nbsp;&nbsp;&nbsp;&nbsp;&nbsp;&nbsp;&nbsp;&nbsp;&nbsp;&nbsp;&nbsp;&nbsp;&nbsp;&nbsp;&nbsp;&nbsp;&nbsp;&nbsp;&nbsp;&nbsp;&nbsp; 2010년도 식품 기능성평가 지원사업 응모 안내 공고우리나라 식품산업 발전을 위하여 지리적 표시 농수산식품 등 국내 농수산물 기반 기능성식품&nbsp;&nbsp; 소재/식품의 인체적용시험을 지원하기 위하여 &rsquo;2010년도 식품 기능성평가 지원사업&rsquo; 응모 안내를&nbsp;붙임과 같이 공고하니 많은 참여 바랍니다.* 자세한 사항은 첨부 파일을 참고하십시오.(2010.3.3, 농림수산식품부 홈페이지 공고)http://www.mifaff.go.kr/USR/BORD0201/m_156/DTL.jsp?id=B10301010&amp;cate=&amp;key=subject&amp;search=&amp;search_regdate_s=&amp;search_regdate_e=&amp;order=&amp;desc=asc&amp;srch_prc_stts=&amp;pg=1&amp;mode=view&amp;idx=26839",2010 식품기능성평가 응모안내문.hwp,http://www.fact.or.kr/action.do?action=farmtech%24file&seq=133&file_seq=1,2010.03.05,이진필,133,2010년도 식품 기능성평가 지원사업 응모 안내 공고,453
"최근 발표된 사이언스 지의 기사 (2010년 2월 19일자) 에 따르면, 암모늄 형태로 된 질소 비료의 과다 사용으로 야기된 중국내 농경지의 산성화가 매우 심각하고, 이것은 산성비로 인한 산성화 피해보다 100배나 더 큰 수치인 것으로 밝혀졌다. 이러한 피해는 생태계 및 생물 다양성을 감소시키고, 이산화탄소와 질산 가스등의 온실가스 배출도 가중 시키며, 다량의 질소가 유출되어 결국 산성비 피해도 증가시키는 것으로 연구진은 예측하였다. 중국 정부는 인구 증가에 따라 더욱 크게 늘어난 식량요구량을 맞추기 위해, 작물의 생육 증진을 위한 화학비료 농법에 크게 의존하여 왔다. 현재 대략적으로 전세계 질소비료 30%가 중국에서 생산, 소비되고 있다. 이번 연구에서 영국의 국립 농업연구소인 로담스테드 (Rothamsted) 연구소와 중국 북경 농업대학과의 공동으로, 비료에 의한 환경피해를 최소화하면서도 작물 생산량을 증진시킬 수 있는 적정 시비량을 조사하였다. 이번 연구 논문의 공동 발표자인 로담스테드 연구소의 케이스 굴딩(Keith Goulding) 교수는 &ldquo;질소는 모든 지역에서 생산되는 작물 생산의 가장 중요한 영양 성분으로, 비료 거름 질소고정미생물 등의 형태로 반드시 공급되어야 한다. 그러나 초과 공급될 경우에는, 공기중이나 배수구로 유출되며, 이는 장기적으로 예상치 못한 피해를 줄 수 있다. 중국에서는 매년 헥타르당 3-4톤의 정도의 비료가 투입되는데, 이는 비닐 하우스 재배시 투입되는 시비량의 10배에 해당된다.&rdquo; 고 설명하였다. (후략) (2010.2.28, 한국과학기술정보연구원 정보분석본부)http://mirian.kisti.re.kr/gtb_trend/class_gtb/class_gtb_v.jsp?sub_menu=2&amp;cn=GTB2010030006&amp;dbt=TREND&amp;service_code=03&amp;user_id=betl2001 ",2010.03.04,이진필,132,중국내 주요 농경지 토양 산성화 심각,471,2010년도 식품 기능성평가 지원사업 응모 안내 공고,453
"색깔을 띄고 있는 병아리콩(chickpeas)이 일반 크림색과 베이지색의 병아리콩(그림파일 참고)과 비교하여 항산화 활성이 31배나 높다는 사실이 Journal of Food Science에 보고되었다. 이번 연구의 책임연구자인 이스라엘 볼카니센터 농업연구소(Agricultural Research Organization, The Volcani Center)의 Shmuel Galili 박사는 병아리콩이 검고 황색을 띄고 색깔의 강도가 높은 경우 항산화 물질 함량이 높으며, 병아리콩의 이 같은 기능성 식품으로서의 특성을 활용함으로써 여러 가지 퇴행성 질환 관리에 상당 수준 기여할 수 있을 것으로 예측하였다. 병아리콩은 전 세계 두류 생산량에 있어 건조 콩 다음을 차지하며 37개국에서 생산이 되고 있다. 이후의 연구 결과들을 통해 병아리콩의 유효성이 뒷받침되게 되면 병아리콩을 기능성 식품 원료로 주목하게 될 것이며 더나아가 그 추출물을 보충제로서 이용하는 것도 가능하게 될 것이다. (후략) (2010.2.28, 한국과학기술정보연구원 정보분석본부)http://mirian.kisti.re.kr/gtb_trend/class_gtb/class_gtb_v.jsp?sub_menu=2&amp;cn=GTB2010030002&amp;dbt=TREND&amp;service_code=03&amp;user_id=betl2001",2010.03.04,이진필,131,병아리콩의 기능성 식품으로서의 잠재성,602,2010년도 식품 기능성평가 지원사업 응모 안내 공고,453
"경기도에 사는 주부 장모씨(여, 35)는 유기식품을 구입하려고 최근 서울의 대형마트를 찾았다가, 유기가공식품 인증을 받지 않고 &lsquo;유기&rsquo;, &lsquo;organic' 등으로 표시되는 유기식품이 다양한데다, 가격은 일반식품보다 훨씬 비싸면서도 진짜 유기농 원료를 사용하였는지 확신이 서지 않아 발길을 돌릴 수밖에 없었다.&nbsp;○ 이처럼 유기식품 인증품과 비인증품, 국산과 수입산이 혼재하면서 유기식품을 원하는 소비자들에게 혼란을 야기하고 있는 실정이다.&nbsp;그러나 앞으로는 이런 우려가 없어질 것으로 보인다. 농림수산식품부에서『우수식품정보시스템』(http://www.goodfood.go.kr)을 구축하여 금년 3월부터 본격 가동하기 때문이다.&nbsp;○ 이 시스템에서는 유기가공식품뿐만 아니라, 인증 받은 전통식품, KS식품에 대한 정보도 제공한다.&nbsp;우수식품인증시스템에서는 특정제품의 인증여부뿐만 아니라,생산업체, 제품명과 일련번호, 인증기관, 성분&middot;함량 등 인증 제품에 대한 모든 정보를 소비자가 직접 확인할 수 있다.&nbsp;○ 유기식품의 경우에는 원료인 농산물의 유기인증 여부 및 첨가물의 유기함량 비율도 확인할 수 있다.&nbsp;한편, 2010년 2월 현재 유기가공식품은 199개 업체(해외업체 60개)에서 670여 제품이 인증을 받았고, 전통식품품질인증은 42품목 404개 공장, KS가공식품품질인증은 39품목 149개 공장이 인증을 받았다.&nbsp;○ 특히, 금년 하반기부터는 유기식품 등 우수식품 구입현장에서 소비자가 휴대전화 또는 ARS(전화자동응답)를 통하여 농식품인증정보에 대한 진위여부를 확인할 수 있는 서비스도 제공할 계획이라고 농식품부는 밝혔다.&nbsp;농식품부 관계자는 &ldquo;인증 받은 식품에 대한 소비자의 신뢰를 높여, 유기식품과 전통식품 인증품이 산업적으로 활성화될 수 있는 계기가 마련되었다&rdquo;고 이번 시스템 개발의 취지를 설명하였다.(2010.3.2, 농림수산식품부 홈페이지 보도자료)http://mifaff.korea.kr/gonews/branch.do?act=detailView&amp;type=news&amp;section=b_sec_1&amp;dataId=155438293",우수식품 정보시스템.hwp,http://www.fact.or.kr/action.do?action=farmtech%24file&seq=130&file_seq=1,2010.03.03,이진필,130,“유기식품 인증여부 눈으로 직접 확인하세요,304
"2010년 농어업경영컨설팅사업에 참여하고자 하는 컨설팅업체에 대한 신규인증과 기존 업체에 대한 재인증 계획을 첨부와 같이 공고하오니 3월10일까지 농업인재개발원에 필요한 서류를 우편으로 접수시켜 주시기 바랍니다.인증과 관련된 사항은 농업인재개발원 교육기획팀(전화: 031-460-8933 또는 031-460-8921)으로 문의하시기 바랍니다.(2010.3.2, 농림수산식품부 홈페이지 공고)http://www.mifaff.go.kr/USR/BORD0201/m_156/DTL.jsp?id=B10301010&amp;cate=&amp;key=subject&amp;search=&amp;search_regdate_s=&amp;search_regdate_e=&amp;order=&amp;desc=asc&amp;srch_prc_stts=&amp;pg=1&amp;mode=view&amp;idx=26828",2010 농어업경영체컨설팅업체인증계획 공고문.hwp,http://www.fact.or.kr/action.do?action=farmtech%24file&seq=129&file_seq=1,2010.03.03,이진필,129,2010년 농어업경영컨설팅 업체 인증 계획,333
"한국종자협회에서 발표한 2010년 1월 종자수입동향입니다.(2010.2.18, 한국종자협회 홈페이지)http://www.kosaseed.or.kr/html/mu4_sub02_view.asp?bbs_num=745 ",종자수입동향(2010-1).xlsx,http://www.fact.or.kr/action.do?action=farmtech%24file&seq=128&file_seq=1,2010.03.02,이진필,128,2010년 1월 종자수입동향,354
"- 3.3일부터 인터넷 사이트(www.at-contest.com/at-contest/)를 통해 공모전 관련 정보 제공, 3.24~31일까지 접수다가오는 4월부터는 우리 막걸리 위상에 걸맞은 매력적인 디자인과 음주패턴이 반영된 정량의 표준 잔이 사용될 것으로 전망된다.&nbsp;농림수산식품부는 국민들로부터 사랑받고 있는 막걸리의 대중화를 촉진하고 건강한 음주문화를 조성하기 위해 &ldquo;막걸리 잔 표준화 사업&rdquo;을 추진한다고 밝혔다.&nbsp;○ 최근 막걸리 붐이 일고 있으나, 일반 식당에서 막걸리는 맥주 잔이나 사발 등 다른 용도의 용기에 담아 마시고 있는 것이 현실이다. &nbsp;이제 막걸리 전용 용기 모델이 개발되면, 형태나 크기 등 사용 용도별로 표준화된 잔을 다양하게 사용할 수 있을 것으로 기대된다.&nbsp;○ 이번 막걸리 잔 공모전은 대학생, 일반인 등 국민 모두가 참여 &nbsp;가능하며, 이달 24일부터 31일까지 접수를 받아 전문가들로 구성된 심사위원의 심사를 거쳐 다음달 초에 표준 잔을 확정한다.&nbsp;대중적으로 사용할 수 있는 일반 보급형과 고급식당 또는 선물용으로 사용할 수 있는 고급형으로 구분하여, 전통적인 스타일과 현대적인 스타일로 구성된 실물 잔(4개)과 디자인(4개)을 선정한다.&nbsp;농림수산식품부 관계자는, 표준 잔은 막걸리 잔으로서의 전통성과 기능성뿐만 아니라 대량생산이 가능하여 표준 잔이 상용화될 수 있는 경제성도 함께 고려하여 선정하고,&nbsp;○ 이번 공모전의 수상작에 대해서는 실용신안 등록 등의 조치를 취한 후 공개하여 누구나 사용할 수 있도록 할 계획이라고 밝혔다.&nbsp;아울러, 인터넷 공모전을 통해 선정하는 4개의 실물 잔 외에 도자기&middot;유리&middot;금속 3개 분야별로 각 4개씩 12개의 잔을 공예 및 디자인 관련 전문가들에 의뢰하여 제작할 계획이라고 밝혔다.&nbsp;○ 이렇게 만들어진 총 16개의 표준 잔을 2010 남아공 월드컵 16강 진출 기념 막걸리 프로젝트와 연계하여 보급해 나갈 계획으로,&nbsp;○ 이와 같은 막걸리 관련 사업을 통해 지난해에 이어 금년에도 막걸리 붐(boom)이 이어질 것으로 기대된다고 밝혔다.&nbsp;막걸리 참가 공모전은 3.3일부터 오픈되는 인터넷 사이트(http: //www.at-contest.com/at-contest/)를 통해 참여 가능하다.(2010.3.1, 농림수산식품부 홈페이지 보도자료)http://mifaff.korea.kr/gonews/branch.do?act=detailView&amp;type=news&amp;section=b_sec_1&amp;dataId=155438171",막걸리 표준잔개발.hwp,http://www.fact.or.kr/action.do?action=farmtech%24file&seq=127&file_seq=1,2010.03.02,이진필,127,막걸리 표준 잔 만든다,359
"- 「외래병해충 방제대책 회의」를 통해 폐기하기로 결정(2.22)농림수산식품부는 2월 22일 학계 및 관계부서 전문가들과 「외래병해충 방제대책 회의」를 개최하고, 감자걀쭉병 감염이 의심되는 감자를 모두 폐기(매몰)하기로 하였다고 밝혔다.&nbsp;감자걀쭉병(PSTVd)은 &ldquo;걀쭉바이로이드&rdquo;의 감염에 의한 병으로 접촉 및 영양체(씨감자)를 통하여 전염되며, 걀쭉병이 걸리면 감자가 기형이 되고, 수확량이 감소(25&sim;40%)하므로 감자 생산농가에 큰 피해를 줄 수 있어 감자업계에서는 감자의 &nbsp;&ldquo;구제역&rdquo;이라고 말하기도 한다.&nbsp;○ 특히, 감자걀쭉병은 그동안 우리나라에서 발생하지 않아 동 병이 발생하는 중국&middot;미국&middot;뉴질랜드 등으로부터 감자의 수입을 제한할 수 있었다.&nbsp;이번 방제대상은 감자걀쭉병 감염이 우려되는 주식회사 포테이토밸리에서 생산&middot;공급한 씨감자 및 조직배양한 미니씨감자 등이며, 오염의 우려가 있는 동 업체의 실험실과 시설도 포함된다.&nbsp;농식품부는 주식회사 포테이토밸리에서 구입한 씨감자를 가지고 있는 농가는 3월말까지 해당 시&middot;군에 모두 신고하여 줄 것을 당부하였다.&nbsp;이와는 별도로 농촌진흥청, 식물검역원 등에서 감자걀쭉병 발생관련 관계전문가 합동 역학조사를 실시하고 유통되는 감자의 걀쭉병 분포를 조사할 계획이다.&nbsp;아울러, 농식품부는 감자걀쭉병과 같은 식물의 외래병해충을 효율적으로 방제할 수 있도록, 식물방역법 및 종자산업법 등 관련 법도 보완해나갈 계획이라고 밝혔다.(2010.3.1, 농림수산식품부 홈체이지 보도자료)http://mifaff.korea.kr/gonews/branch.do?act=detailView&amp;type=news&amp;section=b_sec_1&amp;dataId=155438167",2010 감자걀쭉병 방제.hwp,http://www.fact.or.kr/action.do?action=farmtech%24file&seq=126&file_seq=1,2010.03.02,이진필,126,감자걀쭉병 방제 실시,425
"- 신규과제 167억원, 계속과제 534억원 등을 중점기술분야에 투자 농림수산식품부는 농산업의 고부가가치화를 목표로 산&middot;학&middot;연을 지원하는 농림기술개발사업의 금년도 추진계획을 확정하였다고 밝혔다.&nbsp;○ &lsquo;10년도 농림기술개발사업에 총730억원을 투자할 예정이며 그중 167억원은 신규과제에, 534억원은 기존 계속과제 등에 지원한다.&nbsp;농식품부는 정책수요를 반영하여 금년 농정시책인 저탄소 녹색성장, 종자산업육성, 쌀소비 촉진 및 농식품 안전확보 등을 위한 신규 기술개발과제 10개를 선정, 중점 지원할 계획이다.&nbsp;○ 저탄소 녹색성장, 종자산업 육성을 위한 분자농업기술, 농림 바이오매스 활용 바이오신소재 개발, 주요작물의 분자육종 시스템 구축 등에 향후 3&sim;5년간 125억원을 투자할 예정이며&nbsp;○ 점차 감소하고 있는 쌀소비 촉진에 필요한 쌀 가공제품 개발, 농식품 위해물질 검출기술 개발, 살처분 가축의 소각장치 개발, 항생제 대체 동물질병 치료제 개발 등 3년에 걸쳐 84억원을 투입할 계획이다.&nbsp;농식품부는 &lsquo;10년도 농림기술개발사업에서 284개 계속과제에 총 534억원을 투자할 계획으로, 분야별로는&nbsp;○ 녹색기술 및 육종기술개발분야 183억원, 첨단농자재개발분야 119억원, 농산업현장기술분야 136억원, 수출전략기술분야 96억원, 기타 분야에 계속 지원할 계획이다.&nbsp;&lsquo;09년도부터 농식품부는 과제관리 강화를 추진하였으며 기획ㆍ평가ㆍ관리의 전주기적 관리체계를 도입하여&nbsp;○ 사업 내 농식품수출연구 13개 사업단 중 2개 사업단을 중단 조치하였고, 우수 연구팀에 대하여는 연구비 증액 등의 인센티브를 제공하였다.&nbsp;또한 &lsquo;10년도에는 연구개발사업의 성과 활용율 제고를 위한 제도적 뒷받침으로 연구개발사업 운영규정을 개정하였다(&rsquo;10.2.22.).&nbsp;○ 운영규정 개정의 주요사항은, 우수과제 발굴을 위한 사전기획 의무화, 계속지원 연구팀은 연구실적에 대한 중간평가를 매년 받아 평가결과 하위 20%(종전 10%) 연구팀 조기중단 조치,&nbsp;○ 성과가 미흡한 연구팀에 대하여 연구개발사업 참여제한조치 강화 및 연구비 환수제도 신설, 우수 연구팀에는 인센티브 제공 등이다.(2010.2.26, 농림수산식품부 홈페이지 보도자료)http://mifaff.korea.kr/gonews/branch.do?act=detailView&amp;type=news&amp;section=b_sec_1&amp;dataId=155437793",2010 R&D 사업추진.hwp,http://www.fact.or.kr/action.do?action=farmtech%24file&seq=125&file_seq=1,2010.03.02,이진필,125,"저탄소 녹색성장, 쌀소비 확대, 식품안전 등을 위한 R&D 사업에 730억원 투자",456
"- '10. 3. 2일부터 1개월간 126개 시.군 순회수리 농림수산식품부는 영농철 농업기계 수리시 불편을 해소하기 위해 3월2일부터 31일까지 1개월 동안 &ldquo;2010년 봄철 전국농업기계 순회수리봉사&rdquo;를 실시한다고 밝혔다.&nbsp;○ 트랙터, 이앙기 등 봄철 영농기에 주로 사용하는 농기계를 중심으로 점검&middot;수리하며, 간단한 고장은 농업인이 스스로 고칠 수 있도록 수리 및 응급처치 방법에 대한 교육도 실시한다.&nbsp;○ 순회수리봉사 기간동안 점검&middot;수리비는 무료이며, 부품값은 실비로 받는다.&nbsp;○ 현장수리가 어려운 경우에는 해당지역 농기계 사후관리업소 또는 제조업체에 인계하여 수리하게 된다.&nbsp;특히, 고유가 시대를 맞이하여 농기계 사용과정에서 발생하는 연료소모를 최소화할 수 있도록 농기계 점검 교육을 실시한다.&nbsp;○ 유류 사용 농기계에 대해 에너지 절감효과를 극대화할 수 있도록 연료 공급 장치를 중점 점검한다.&nbsp;○ 또한 경운&middot;정지 등의 작업 시 적정 회전수로 작업하고, 각종 체인?벨트 등의 유격을 규정에 맞추도록 하는 등 농업기계 조작취급 방법에 대한 교육도 실시한다.&nbsp;순회수리봉사는 중앙순회수리반과 지역순회수리반으로 편성해서 산간 오지지역을 중심으로 우선 실시한다.&nbsp;○ 중앙순회수리반은 5개 농기계 제조업체(대동공업, 국제종합, 동양물산, 아세아텍, 엘에스엠트론)에서 40대의 수리용 차량과 66명의 전문수리기사로 40개 반을 편성하여 126개 시&middot;군을 순회한다.&nbsp;○ 지역순회수리반은 시&middot;군별로 농업기술센터, 지역농협 농기계 서비스센터, 농기계 사후관리업소 등이 참여하여 지역실정에 맞게 읍&middot;면 또는 마을단위로 순회한다.(2010.2.25, 농림수산식품부 홈페이지 보도자료)http://mifaff.korea.kr/gonews/branch.do?act=detailView&amp;type=news&amp;section=b_sec_1&amp;dataId=155437622",2010 농기계순회수리_1.hwp,http://www.fact.or.kr/action.do?action=farmtech%24file&seq=124&file_seq=1,2010.02.26,이진필,124,『2010년 봄철 전국농업기계 순회수리봉사』실시,458
"2010년 농림수산식품 연구개발사업 시행계획 공고&nbsp;저탄소 녹색성장 구현과 고부가가치 농림수산식품 산업 육성을 위한 기반기술 개발 및 산업화&middot;실용화 기술개발 연구과제를 지원하기 위하여 &quot;2010년 농림수산식품 연구개발사업 시행계획&quot;을 붙임과 같이 공고합니다.2010년 2월 25일농림수산식품부 장관* 자세한 공고내용은 첨부파일을 참고하시기 바랍니다.(2010.2.26, 농림수산식품부 홈페이지 보도자료)http://www.mifaff.go.kr/USR/BORD0201/m_156/DTL.jsp?id=B10301010&amp;cate=&amp;key=subject&amp;search=&amp;search_regdate_s=&amp;search_regdate_e=&amp;order=&amp;desc=asc&amp;srch_prc_stts=&amp;pg=1&amp;mode=view&amp;idx=26820",2010 농림수산식품 연구기술개발사업 사업공고문.pdf,http://www.fact.or.kr/action.do?action=farmtech%24file&seq=123&file_seq=1,2010.02.26,이진필,123,2010년 농림수산식품 연구개발사업 시행계획 공고,479
"전국 4개 군, 논 203ha에 조사료용 벼 시범재배 사업 실시&nbsp;올해 국내에서는 처음으로 식용이 아닌 조사료용 벼가 시범 재배된다. &nbsp;농림수산식품부는 전국 4개 군, 논 203ha에 조사료용 벼 시범재배 사업을 실시한다고 2.24일 밝혔다.&nbsp;○ 전남 해남 금호간척지에 160ha, 충남 당진 대호간척지에 20ha, 그리고 일반논인 전남 장흥에 13ha와 전북 장수에 10ha 정도 조사료용 벼를 시범 재배한다.&nbsp;&nbsp;&nbsp;&nbsp;* 전남 장흥군 : &quot;쌀먹인 한우브랜드 육성&quot; 차원에서 추진&nbsp;○ 이번 사업은 조사료 생산 확대의 필요성이 제기되고 있는 가운데 우리나라 토양?기후 등의 여건상 옥수수보다 벼가 유리할 수 있다는 점에 착안하여 논농업 다양화 대책의 일환으로 시도되는 것이다.&nbsp;&nbsp;&nbsp;&nbsp;* 일본의 경우 지난 '99년부터 시작하여 '08년 9천ha 정도 재배&nbsp;○ 조사료용 벼는 식용 벼에 비해 30～35일 정도 빨리(호숙기와 황숙기 사이) 수확해서, 사일리지로 제조하여 가축의 사료로 사용하게 된다. 논에 조사료용 벼를 재배할 경우에는 쌀수급안정, 조사료 자급율 제고와 수입대체, 축산물 품질 고급화 등 일석수조(一石數鳥)의 효과가 기대된다.&nbsp;○ 또한, 논의 형태와 기능을 유지하면서 쌀 생산을 조절하는 효과가 매우 클 뿐 아니라 유사시에는 쌀 생산 용도로 즉시 전환이 가능하다는 장점이 있다.□ 조사료용 벼 품종은 식용 쌀과는 다른 전용품종을 사용한다. &nbsp;현재 녹양?목우벼 2개 전용품종이 개발되어 있다.&nbsp;○ 농촌진흥청 분석결과에 의하면 이들 품종을 가축에 급여하면 일반 볏짚에 비해 사료효율이 높기 때문에 수입산 농후사료를 대체하는 효과가 큰 것으로 나타났다.&nbsp;&nbsp;&nbsp;- 전용품종은 식용 벼(추청?남일)에 비해 생체(生體) 수량은 60%, 가소화 영양소 총량(TDN)은 35% 더 높으며, 한우에 급여시 일반 볏짚 사일리지에 비해 일일당(一日當) 증체량이 9～20% 높다는 것이다.&nbsp;&nbsp;&nbsp;* TDN(Total digestible nutrient) : 가축이 소화할 수 있는 영양소의 총량&nbsp;다만, 조사료용 벼의 경우 소득이 식용 쌀에 크게 못미치기 &nbsp;때문에 정부는 각종 간접적인 지원방안을 강구하기로 하였다.&nbsp;○ 옥수수 조사료에 준하여 사일리지 제조비로 톤당 3만원을 &nbsp;지원하고, ha당 805천원인 간척지 사용료를 면제해주며, 간척지 임대기간도 1년에서 5년으로 연장해 준다.&nbsp;○ 그리고 농진청에서 사료용 벼 전용품종을 무상공급하고, 재배 및 사육기술 지도도 실시한다. 농림수산식품부는 앞으로 조사료용 벼 시범재배 결과를 평가하여 재배면적을 더욱 확대할 계획이며, 아울러 논에 타작물 재배를 확대하기 위한 다양한 대책을 추진해 나갈 계획이라고 밝혔다.92010.2.24, 농림수산식품부 홈페이지 보도자료)http://mifaff.korea.kr/gonews/branch.do?act=detailView&amp;type=news&amp;section=b_sec_1&amp;dataId=155437294",2010 사료용 벼 시범재배.hwp,http://www.fact.or.kr/action.do?action=farmtech%24file&seq=122&file_seq=1,2010.02.25,이진필,122,논에 조사료용 벼도 재배한다,733
"- &lsquo;2009년 식품산업 분야별 현황조사&rsquo; 자료집 발간&nbsp;농림수산식품부는 식품산업 구성주체들의 식재료 구매실태를 조사한 &lsquo;2009년 식품산업 분야별 현황조사&rsquo; 자료집을 발간한다고 밝혔다.&nbsp;&nbsp;○ 동 자료는 식품제조업, 식품유통업, 외식업, 5대 도시 가구를 대상으로 전문조사기관인 &lsquo;코리아리서치&rsquo;에서 54개 품목의 구매실태를 종합적으로 조사한 결과이다.&nbsp;&nbsp;&nbsp;&nbsp;* 조사항목 : 농수산물 품목수?품목량, 구매액, 구매처 및 구매 시 고려 요인 등&nbsp;&nbsp;&nbsp;&nbsp;* 표본수 : 식품제조업(1,000), 식품유통업(1,500), 외식업(1,000), 5대도시 가구(1,000)&nbsp; - 평균 구매 품목수&nbsp;(식품제조업) 3.3개, (유통업) 7.0개, (외식업) 17.3개&nbsp;&nbsp;외식업의 80%이상이 10개 이상의 품목을 구매하며, 식품제조업은 약 78%에 해당하는 업체가 5개미만, 유통업은 약 78%업체가 4개미만 또는 5～9개 품목을 구매하는 것으로 나타났다.&nbsp; - 구매량&nbsp;(식품제조업) 11백만톤 (유통업) 21백만톤 (외식업) 3.4백만톤&nbsp;&nbsp;식품제조업의 구매량(11백만톤)은 외식업(3.4백만톤)의 약 3배 규모이나, 유통업(21백만톤) 대비 약 50% 수준인 것으로 확인되었다.&nbsp; - 구매액&nbsp;(식품제조업) 14조원 (유통업) 56조원 (외식업) 13조원&nbsp;&nbsp;농수산물의 구매액은 식품제조업(14조원)과 외식업(13조원)은 비슷한 규모이나 식품유통업(56조원)대비 25% 수준으로 나타났다. &nbsp;&nbsp;&nbsp;○ 구성 주체들이 공통적으로 구매하는 주요 품목의 구매 단가는 외식업, 유통업, 제조업 순으로 제조업이 가장 낮은 것으로 나타났다.(2010.2.24, 농림수산식품부 홈페이지 보도자료)http://mifaff.korea.kr/gonews/branch.do?act=detailView&amp;type=news&amp;section=b_sec_1&amp;dataId=155437295",2009 식품산업 분야별 구매현황조사.hwp,http://www.fact.or.kr/action.do?action=farmtech%24file&seq=121&file_seq=1,2010.02.25,이진필,121,국내 농수산식품 원료구매 현황 한 눈에,313
"◇ 지난 2년 성과 키워드 : 개혁, 안전, 식품, 안정- (개혁) 농&middot;어업인이 주인되는 농&middot;수협개혁 본격 추진- (안전) 원산지 표시&middot;쇠고기 이력제로 쇠고기 점유율 50%, 선진국 수준의 농식품 안전성 등 안전 농식품의 안정적 공급체계 구축- (식품) &rsquo;09년 식품산업 매출액 134조원으로 크게 증가, 히트상품 1위 막걸리 선정, 한식세계화 추진 및 농식품 수출 48억불 달성- (서민생활 안정) 쌀 등 농식품 가격 안정으로 가계 부담 경감◇ 앞으로 10년 비전 키워드 : 체질 전환, 신성장동력, 식품산업- (체질전환) 창조적 전문농업 경영체 34만호 육성, 농식품클러스터 집적 및 모태펀드 확대로 혁신적 농기업 활성화- (신성장동력) 동식물 자원 활용 생명산업 육성, 녹색산업 활성화- (식품산업) 매출액 260조, 고용 212만명의 고부가가치 산업화농식품 수출 300억불, 세계 10위권 수출국으로 도약- (국가식품시스템) (가칭)&lsquo;국가식품위원회&rsquo; 신설, 비축제 확대- (지역역량 강화) 1만명의 지역리더 육성, 1시군.1명품화- (추진체계 개편) 거버넌스 확립, 농정기관별 조직개편, 금융 및 R&amp;D 활성화(2010.2.24, 농림수산식품부 홈페이지 보도자료)http://mifaff.korea.kr/gonews/branch.do?act=detailView&amp;type=news&amp;section=b_sec_1&amp;dataId=155437293",출범 2년성과 참고자료.hwp,http://www.fact.or.kr/action.do?action=farmtech%24file&seq=120&file_seq=1,2010.02.25,이진필,120,이명박정부 출범 2년 농정성과 및 비전 2020,352
"◇ 지난 2년 성과 키워드 : 개혁, 안전, 식품, 안정- (개혁) 농&middot;어업인이 주인되는 농&middot;수협개혁 본격 추진- (안전) 원산지 표시&middot;쇠고기 이력제로 쇠고기 점유율 50%, 선진국 수준의 농식품 안전성 등 안전 농식품의 안정적 공급체계 구축- (식품) &rsquo;09년 식품산업 매출액 134조원으로 크게 증가, 히트상품 1위 막걸리 선정, 한식세계화 추진 및 농식품 수출 48억불 달성- (서민생활 안정) 쌀 등 농식품 가격 안정으로 가계 부담 경감◇ 앞으로 10년 비전 키워드 : 체질 전환, 신성장동력, 식품산업- (체질전환) 창조적 전문농업 경영체 34만호 육성, 농식품클러스터 집적 및 모태펀드 확대로 혁신적 농기업 활성화- (신성장동력) 동식물 자원 활용 생명산업 육성, 녹색산업 활성화- (식품산업) 매출액 260조, 고용 212만명의 고부가가치 산업화농식품 수출 300억불, 세계 10위권 수출국으로 도약- (국가식품시스템) (가칭)&lsquo;국가식품위원회&rsquo; 신설, 비축제 확대- (지역역량 강화) 1만명의 지역리더 육성, 1시군.1명품화- (추진체계 개편) 거버넌스 확립, 농정기관별 조직개편, 금융 및 R&amp;D 활성화(2010.2.24, 농림수산식품부 홈페이지 보도자료)http://mifaff.korea.kr/gonews/branch.do?act=detailView&amp;type=news&amp;section=b_sec_1&amp;dataId=155437293",비전2020 참고자료.hwp,http://www.fact.or.kr/action.do?action=farmtech%24file&seq=120&file_seq=2,2010.02.25,이진필,120,이명박정부 출범 2년 농정성과 및 비전 2020,352
"◇ 지난 2년 성과 키워드 : 개혁, 안전, 식품, 안정- (개혁) 농&middot;어업인이 주인되는 농&middot;수협개혁 본격 추진- (안전) 원산지 표시&middot;쇠고기 이력제로 쇠고기 점유율 50%, 선진국 수준의 농식품 안전성 등 안전 농식품의 안정적 공급체계 구축- (식품) &rsquo;09년 식품산업 매출액 134조원으로 크게 증가, 히트상품 1위 막걸리 선정, 한식세계화 추진 및 농식품 수출 48억불 달성- (서민생활 안정) 쌀 등 농식품 가격 안정으로 가계 부담 경감◇ 앞으로 10년 비전 키워드 : 체질 전환, 신성장동력, 식품산업- (체질전환) 창조적 전문농업 경영체 34만호 육성, 농식품클러스터 집적 및 모태펀드 확대로 혁신적 농기업 활성화- (신성장동력) 동식물 자원 활용 생명산업 육성, 녹색산업 활성화- (식품산업) 매출액 260조, 고용 212만명의 고부가가치 산업화농식품 수출 300억불, 세계 10위권 수출국으로 도약- (국가식품시스템) (가칭)&lsquo;국가식품위원회&rsquo; 신설, 비축제 확대- (지역역량 강화) 1만명의 지역리더 육성, 1시군.1명품화- (추진체계 개편) 거버넌스 확립, 농정기관별 조직개편, 금융 및 R&amp;D 활성화(2010.2.24, 농림수산식품부 홈페이지 보도자료)http://mifaff.korea.kr/gonews/branch.do?act=detailView&amp;type=news&amp;section=b_sec_1&amp;dataId=155437293",출범2주년성과 및 농정비전2020.hwp,http://www.fact.or.kr/action.do?action=farmtech%24file&seq=120&file_seq=3,2010.02.25,이진필,120,이명박정부 출범 2년 농정성과 및 비전 2020,352
"보편적인 목초 식물 싸리가 방목 반추동물에 유해한 위장 선충을 물리치는 데 도움이 될 수 있는데, 이 선충은 질병이나 사망의 원인이 될 수 있는 것이라고 미 농업연구청 (Agricultural Research Service, ARS)학자들이 보고했다. 동물학자 Joan Burke 등은 중국 덤불 클로버라고 부르는 싸리 (Sericea lespedeza) 조성물을 특허 출원했다. 이 식물은 1930년대에 토양 침식을 최소화시키기 위해 미국에 도입되었다. 이 식물을 건조해서 작은 알 형태로 만든 것을 동물 먹이에 첨가하면 암소와 양의 소화관에 있는 위장 선충의 생식환(reproductive cycles) 이 방해를 받는다. 이것이 특히 효과적인 경우는 염전위충 (barber pole worm, Haemonchus contortus )인데, 이 선충은 이 동물의 주름 위(진정위)의 벽에 달아 붙어 피를 먹이로 기생한다. 암것 벌레는 하루에 알을 5,000개 이상 낳고 그 동물의 배설물로 들어간다. (후략) (2010.2.19, 한국과학기술정보연구원 정보분석본부)http://mirian.kisti.re.kr/gtb_trend/class_gtb/class_gtb_v.jsp?sub_menu=2&amp;cn=GTB2010020535&amp;dbt=TREND&amp;service_code=03&amp;user_id=betl2001 ",2010.02.23,이진필,119,마초 식물이 반추동물의 위장 선충을 물리쳐,370,이명박정부 출범 2년 농정성과 및 비전 2020,352
"&nbsp;농촌진흥청(청장 김재수)은 돼지고기 품질 향상을 위해 출하 돼지의 몸무게를 규격화 할 수 있는 장치를 국내실정에 맞게 개발했다. 이 장치는 양돈장에서 출하돈을 관리할 때 일어날 수 있는 돼지 스트레스를 최소화하고 일손을 줄이기 위해 개발했으며, 특허 출원을 완료됐다. 현재 양돈농가는 비육돈을 출하할 때 함께 수용된 돼지를 모두 출하하거나, 관리자가 눈대중으로 돼지의 체중을 확인해 출하하면서 도축 체중을 규격화하는데 어려움이 많았다. (후략) (2010.2.17, 공감코리아, 농촌진흥청 보도자료)http://korea.kr/newsWeb/pages/brief/partNews2/view.do?dataId=155435783&amp;call_from=extlink&amp;call_from=extlink",2010.02.23,이진필,118,돼지 몸무게 ‘눈대중’에서 ‘자동’으로 측정,584,이명박정부 출범 2년 농정성과 및 비전 2020,352
"경기 김포시는 지역 특산주인 &lsquo;김포인삼쌀맥주&rsquo;를 오는 8월 출시할 예정이라고 18일 밝혔다.시에 따르면 최근 대곶면 대명리 경기서부인삼유통센터 옆에 1810여㎡ 규모의 인삼쌀맥주 원료가공 처리시설을 설치한데 이어 오는 8월까지 유통센터 2층에 910여㎡ 규모의 &lsquo;인삼쌀맥주 갤러리&rsquo;를 꾸민 뒤 시판에 나설 예정이다.김포파주인삼농협이 운영하게 될 갤러리에는 인삼쌀맥주 판매장 및 김포인삼 재배법과 먹는 법을 홍보하는 교육장, 인삼을 원료로 한 과자와 건강환, 영양갱 등을 전시 판매하는 전시관 등이 들어선다. (후략) (2010.2.18, 문화일보)http://www.munhwa.com/news/view.html?no=20100218010314430510020",2010.02.23,이진필,117,김포 인삼쌀맥주 8월에 나온다,405,이명박정부 출범 2년 농정성과 및 비전 2020,352
"IT기술의 급속한 발전으로 농업분야에서도 기존의 생산기술 중심에서 농업정보 활용을 통한 경쟁력 확보를 도모하고, 인터넷 사용자의 폭발적인 증가와 컴퓨터 관련 신기술의 급속한 발전을 이용하여 새로운 마케팅기법을 도입, 틈새시장을 공략하는 &lt;경기농업마케팅대학&gt;(이하 마케팅대학)이 운영되고 있다. (후략) (2010.2.18, 데일리안)http://www.dailian.co.kr/news/news_view.htm?id=192492&amp;sc=naver&amp;kind=menu_code&amp;keys=25 ",2010.02.23,이진필,116,농업 e-마케팅시대를 여는 경기농업마케팅대학,425,이명박정부 출범 2년 농정성과 및 비전 2020,352
"고려 공민왕 시절 문익점 선생이 원나라에서 가져왔던 목화씨 몇 개가 이 땅의 의류문화에 혁신을 가져왔고 민초들은 따뜻한 겨울을 보내게 됐다.딸기의 경우도 일제 치하에 있던 1943년 경남 밀양 삼랑진 금융조합 이사였던 송준생 씨가 일본 금융조합이사회에 참석한 뒤 일본 딸기 모종 10포기를 가져와 삼랑진에 심은 것이 시초였던 것으로 알려져 있다.거꾸로 우리 토종이었던 털개회나무(정향나무)가 해방 직후 어수선하던 시절 미국 농무부 소속 미더교수에 의해 태평양을 건너가 미국서 개량된 후 '미스킴라일락'으로 바뀌었다.미스킴라일락은 미국 라일락시장의 30%를 차지할 정도로 최고 품종이 됐고 국내로 역수입되고 있다.또 크리스마스 트리로 인기를 끄는 구상나무 역시 우리나라에서 미국으로 건너가 종자개량 후 특허등록이 돼 재배용으로 수입하려면 거꾸로 로열티를 지불하고 있다.모두 종자, 생물자원이 얼마나 중요한지 단적으로 보여준다.여기다 현재 우리 농가에서 재배하고 있는 고추와 딸기, 토마토, 파프리카 등은 물론 과일과 화훼 등 대부분이 로열티를 지불하고 종자를 들여오고 있으니 농업의 미래를 위해서도 종자 수집ㆍ보존과 개량은 필수적이다.(후략) (2010.2.21, 연합뉴스)http://news.naver.com/main/read.nhn?mode=LSD&amp;mid=sec&amp;sid1=100&amp;oid=001&amp;aid=0003132092",2010.02.23,이진필,115,<2010 농촌현장> 종자 지켜라..세계는 종자전쟁,471,이명박정부 출범 2년 농정성과 및 비전 2020,352
"농촌진흥청은 농촌진흥사업의 위상을 높이는데 공헌한 3명을 선정, 녹색명예의 전당에 헌정한다고 21일 밝혔다.녹색명예 전당의 첫 대상자는 연구부문에 농진청 국립식량과학원 박동수 연구사, 기술지도 부문에는 경북 경주시 농기센터 김태우 지도사, 농산물생산 부문에는 경기 화성에서 배를 생산하는 이윤현 농업인이 선정됐다.(후략) (2010.2.21, 뉴시스)http://news.naver.com/main/read.nhn?mode=LSD&amp;mid=sec&amp;sid1=102&amp;oid=003&amp;aid=0003099512",2010.02.23,이진필,114,농촌진흥사업에 공헌한 3人 녹색명예의 전당에 헌정,471,이명박정부 출범 2년 농정성과 및 비전 2020,352
"최근 &lsquo;중국농업대학(中國農業大學)&rsquo; 연구학자들은 &lsquo;중국 농업 과학&rsquo;지에 &ldquo;지구온난화는 중국의 농작물 생산 관련 기후 지역 분류에 영향을 끼치고 있으며 이로 인해 중국의 식량생산이 영향을 받고 있다&rdquo;는 내용의 연구 성과를 최초로 공식 발표하여 주목을 받고 있다. 중국 과학자들은 전국 각 지역 기상센터의 1980년까지 기록한 기후 자료에 근거하여 지난 20세기 80년대 중기에 &lsquo;중국 농작물 생산 기후 지역 분류 작업&rsquo;을 완성하였다. 하지만 지난 1981년도부터 지구온난화로 인해 이미 분류된 중국의 농작물 생산 관련 기후 지역은 변화가 발생하기 시작하였다. 지구온난화가 중국 농작물 생산에 어떤 영향을 끼치는가 하는 것은 중국 정부, 과학기술계와 농업 생산 관리 부문의 관심사로 떠올랐다.(후략) (2010.2.16, 한국과학기술정보연구원 정보분석본부)http://mirian.kisti.re.kr/gtb_trend/class_gtb/class_gtb_v.jsp?sub_menu=2&amp;cn=GTB2010020398&amp;dbt=TREND&amp;service_code=03&amp;user_id=betl2001 ",2010.02.22,이진필,113,지구온난화 영향을 받고 있는 중국의 식량생산,474,이명박정부 출범 2년 농정성과 및 비전 2020,352
"2010년 3개소 중 1개소 선정, 2개소 2.17~3.15 공모농림수산식품부는 2.16일 가축분뇨 에너지화 시범사업 대상자로 전라북도 정읍의 (유)친환경대현그린을 선정하였다.&nbsp;○ 이번에 선정된 시범사업자는 지난해 11.25일자로 시도로부터 사업신청을 받아 농림수산식품부에 설치된 축산환경자원화협의체의 서류&middot;현장&middot;발표 평가 절차를 거쳐 최종 확정하였다.&nbsp;&nbsp;&nbsp;※ 시범사업 신청 : 7개소(진천, 부여, 홍성, 김제, 정읍, 산청, 양산)&nbsp;&nbsp;&nbsp;※ 축산환경자원화협의체는 퇴&middot;액비화&middot;에너지화&middot;환경분야 등 전문가로 구성&nbsp;이번에 시범사업자로 선정된 (유)친환경대현그린은 현재 가축분뇨를 이용, 액비(液肥)를 만들어 농경지에 활용하는 자연순환농업에 참여하고 있는 곳으로서,&nbsp;○ 앞으로는 가축분뇨와 음식잔재물 등을 이용하여 에너지(전기&middot;가스)를 생산하여 한전에 판매하고 일부는 축사&middot;원예시설&middot;농산물 건조장 등에 공급한다는 계획이다.&nbsp;&nbsp;※ 100톤 처리시 1일 전기 8,000㎾h 생산(월 24만 ㎾), 동 전기생산량으로 농촌일반농가 800호 사용 가능&nbsp;○ 또한 가축분뇨 등을 활용하여 에너지를 생산한 후 남는 발효액은 인근 농경지에 작물재배시 액비(液肥)로 이용한다는 계획을 세워놓고 있다.&nbsp;&nbsp;※ 에너지 생산후 남는 혐기소화액(36천톤)을 액비로 사용할 경우 농경지(900㏊)에 이용 가능&nbsp;농식품부는 나머지 2개소에 대하여 2.17일부터 3.15일까지 시도(시군)를 통해 사업 신청을 받아 3월중 선정할 계획이다.&nbsp;한편, 농식품부는 지난해 9.23일 &nbsp;&ldquo;가축분뇨 바이오 에너지화 실행계획&rdquo;을 발표하면서 금년도에 시범사업 3개소를 추진한 후 평가결과에 따라 확대해 나간다는 계획을 내놓은 바 있다.&nbsp;○ 그동안 정부는 가축분뇨 처리를 위해 가축분뇨를 퇴비나 액비로 만드는 농축협&middot;영농조합법인을 지원해 왔으나,&nbsp;○ 올해부터는 가축분뇨 등을 이용하여 가스&middot;전기 등을 생산&middot;공급하는 데에도 지원하고 지원대상에 민간기업도 포함시킨 것이다.&nbsp;○ 민간기업이 참여할 경우 가축분뇨 처리에 소요되는 정부 재정과 농업조직체의 비용 부담이 줄어들 것으로 예상되기 때문이다.(2010.2.17, 농림수산식품부 홈페이지 보도자료)http://mifaff.korea.kr/gonews/branch.do?act=detailView&amp;type=news&amp;section=b_sec_1&amp;dataId=155435790",2010 가축분뇨 에너지화사업.hwp,http://www.fact.or.kr/action.do?action=farmtech%24file&seq=112&file_seq=1,2010.02.17,이진필,112,"농식품부, 가축분뇨 에너지화 시범사업자 선정",482
"금년 추가사업은 2월, 2011사업은 3월중 시&middot;군청에 신청농림수산식품부는 안전한 농식품 공급 확대를 위해 농산물우수관리(GAP)시설 지원사업을 확대 추진하기로 하고, 2～3월중에 2010년 추가사업과 2011년도 사업대상자 신청을 받는다고 밝혔다.&nbsp;○ GAP인증 농산물은 재배단계부터 농약, 중금속, 병원성 미생물 등 각종 위해요소가 유입 또는 오염되지 않도록 관리되는 농산물로서, 수확 후 판매단계까지 지정된 시설에서 선별&middot;포장되며 생산 이력도 기록&middot;관리된다.&nbsp;○ 농산물을 수확 후 처리하는 농산물우수관리(GAP) 시설은 현재 450여개가 지정되어 있으며, 금년에는 14개 시?군 16개소에 대해 GAP시설보완 사업대상자를 이미 선정한 바 있다.&nbsp;&nbsp;※ 농산물우수관리(GAP)시설이란 : 농산물의 수확 후 선별&middot;포장&middot;저장과정에서 이물 등 물리적 위해요소와 세균&middot;곰팡이를 비롯한 생물 및 화학적 위해요소로부터 노출되지 않도록 엄격하게 청결 관리하는 시설로서 농림수산식품부 장관이 지정한 시설&nbsp;농림수산식품부는 2월중에 금년 사업대상자를 추가로 신청 받을 계획이며, 금년부터는 지난해와 달리 작목반이 보유하고 있는 소규모 유통시설도 GAP 시설보완 사업을 신청할 수 있다고 밝혔다.&nbsp;○ 또한, 예산의 효율적 집행을 위하여 내년(2011)도 사업신청은 금년 3월중에는 사전에 신청할 수 있도록 하였으며, 사업 &nbsp;신청은 관할 시&middot;군&middot;구청에서 접수한다.&nbsp;&nbsp;&nbsp;&nbsp;- 생산자단체 : 국비보조 30%, 지방비보조 20%, 자부담 50%&nbsp;&nbsp;&nbsp;&nbsp;- 시장&middot;군수 : 국비보조 50%, 지방비보조 50%(2010.2.15, 농림수산식품부 홈페이지 보도자료)http://mifaff.korea.kr/gonews/branch.do?act=detailView&amp;type=news&amp;section=b_sec_1&amp;dataId=155435397",GAP시설보완사업.hwp,http://www.fact.or.kr/action.do?action=farmtech%24file&seq=111&file_seq=1,2010.02.17,이진필,111,"농식품부, 농산물우수관리(GAP)시설 지원사업 신청받는다",306
"전북 김제시가 향토산업 육성사업으로 추진한 '수박 가공 식품공장'이 시험가동에 들어갔다.김제시는 11일 &quot;지역 수박의 명품화를 위한 사업의 일환으로 총 사업비 24억을 투자해 수박가공 식품공장 및 원료 보관창고를 신축하고 가공생산 시설라인 설치, 포장재 및 용기개발, 상품홍보 사업 등을 완료했다&quot;고 밝혔다.사업 주체인 선농원은 만경읍과 백산면 농가들이 재배하는 수박을 가공하여 수박 잼, 수박고추장, 수박조청 상품을 출시할 예정이다. 또 수박껍질과 씨를 가공하여 수박비누 및 수박차를 생산하기로 했다.이와 함께 수박 스낵, 수박간장 상품을 새로 개발하여 이달중 본격적인 출시에 들어갈 예정으로 이날 시식회를 갖고 첫선을 보이기도 했다.(후략) (2010.2.11, 뉴시스)http://news.naver.com/main/read.nhn?mode=LSD&amp;mid=sec&amp;sid1=102&amp;oid=003&amp;aid=0003086558",2010.02.16,이진필,110,"김제시, 수박 가공식품 연이어 출시…상품화 '시동'",392,"농식품부, 농산물우수관리(GAP)시설 지원사업 신청받는다",306
"흰잎마름병균을 조기 정복할 수 있는 길이 열렸다. 농촌진흥청(청장 김재수)은 벼 잎이 하얗게 말라 죽는 벼 흰잎마름병균에 대한 억제활성 물질을 대량으로 탐색할 수 있는 기술을 개발했다. 이 기술은 농촌진흥청 유전자분석개발과 김정구 박사 연구팀이 건국대학교 연구팀과 공동으로 지난 2008년부터 수행한 &lsquo;벼흰잎마름병균 방제물질 탐색&rsquo; 연구의 성과로, 벼 흰잎마름병균 이외에도 수인성 세균병원균에 대해서도 응용이 가능하다. (후략) (2010.2.10, 공감코리아 농촌진흥청 보도자료)http://korea.kr/newsWeb/pages/brief/partNews2/view.do?dataId=155434580&amp;call_from=extlink&amp;call_from=extlink",2010.02.16,이진필,109,벼 흰잎마름병균 조기정복 길 열려,319,"농식품부, 농산물우수관리(GAP)시설 지원사업 신청받는다",306
"평균 온도가 섭씨 30도를 초과하게 되면 가장 중요한 곡물 일부의 수율이 급격히 감소한다. 금세기 말 열대 및 아열대 지역의 대부분에서는 정기적으로 가장 더운 여름철로 기록되었던 것보다 더 높은 온도를 지속적으로 갱신하게 될 것으로 예측된다. Science지 2월 12일 자에 게재된 국제 과학자 패널의 기고문에서, 전세계 지도자들에게 금세기 말 30억 명 이상의 인구가 적도 근처에 거주하고 있으며 기아 재앙을 피하기 위해서라도 지속가능한 농업을 위한 지도자들의 생각을 획기적으로 바꿀 것을 요구하고 있다. 연구팀은 농업생물공학(agricultural biotechnology)의 사용에 대한 전세계 지도자들의 일반적인 편견을 극복해야 할 필요성이 있다고 촉구하며, 특히 혹독한 환경에서의 수확량을 증대시키기 위한 유전자조작 곡물과 가장 유용한 과학을 기반으로 한 이런 곡물에 대한 규제 기준을 확립할 필요성을 강조하였다. (후략) (2010.2.12, 한국과학기술정보연구원 정보분석본부)http://mirian.kisti.re.kr/gtb_trend/class_gtb/class_gtb_v.jsp?sub_menu=2&amp;cn=GTB2010020332&amp;dbt=TREND&amp;service_code=03&amp;user_id=betl2001",2010.02.16,이진필,108,지속가능한 농업을 위한 획기적 인식의 변화 촉구,342,"농식품부, 농산물우수관리(GAP)시설 지원사업 신청받는다",306
"중국은 국가 식량자원 안전을 보장하는 하나의 수단으로 잡교벼 기술에 바이오 기술 접목을 적극 추진하고 있다. &lsquo;잡교벼의 아버리&rsquo;로 불리우는 중국 공정원 왠룽핑(袁隆平) 원사는 &ldquo;비록 중국의 잡교벼 기술은 현재 세계적으로 선진 수준에 있지만 만약 분자 육종 기술 연구를 강화하지 않는다면 5년에서 10년 사이에 중국의 잡교벼 기술은 국제 수준을 따라 가지 못할 것&rdquo;이라고 2월7일 신화사 기자와의 인터뷰에서 밝혔다. 과학기술에 힘입어 최근 6년 동안 중국의 약식 생산량은 증가세를 유지했다. 그러나 장원한 안목에서 인구, 자원, 생태 등 요인으로 인해 양식 안전 보장에 많은 도전이 제기되고 있다. 왠룽핑 원사는 &ldquo;중국에는 경작지가 적은 반면 인구가 많아 양식 안전을 보장하자면 반드시 기술 혁신에 의존해야 한다&rdquo;고 지적했다.(2010.2.8, 한국과학기술정보연구원 정보분석본부)&nbsp;http://mirian.kisti.re.kr/gtb_trend/class_gtb/class_gtb_v.jsp?sub_menu=2&amp;cn=GTB2010020212&amp;dbt=TREND&amp;service_code=03&amp;user_id=betl2001",2010.02.12,이진필,107,"중국, 바이오기술이 국가 식량 안전을 보장하는 지름 길",412,"농식품부, 농산물우수관리(GAP)시설 지원사업 신청받는다",306
"제2차 농림어업인 삶의 질 향상 및 농산어촌 지역개발&nbsp;추진 전략&nbsp;&nbsp;▶ 삶의 질 향상을 위한 2대 선진제도 도입&nbsp; &nbsp;&nbsp;○ 농어촌서비스기준, 농어촌영향관리 가이드라인&nbsp;&nbsp;▶ 지역이 주도하는 지속가능 발전 체계 구축&nbsp;&nbsp;&nbsp; ○ 지역의 자율과 창의, 민간 참여 확대 &nbsp;&nbsp;▶ 삶의 질 향상 정책 추진체계 정비&nbsp;&nbsp;&nbsp;&nbsp;○ 사무국 기능 강화 및 지방계획 내실화",제2차 농림어업인 삶의 질 향상 기본계획.hwp,http://www.fact.or.kr/action.do?action=farmtech%24file&seq=106&file_seq=1,2010.02.11,이진필,106,제2차 농림어업인 삶의 질 향상 및 농산어촌 지역개발 5개년 기본계획,418
"미 농무부(USDA)에 따르면 지금까지 미국에 유입된 외래종 동식물은 모두 5만종으로 추산되어, 이들 외래 유입종의 확산에 대해 정부와 관련 전문가들은 많은 우려를 하고 있다. 최근 하버드 대학을 중심으로 한 공동 연구진이 발표한 연구에 따르면, 기후 변화가 이들 외래 침입성 식물 (invasive plant)의 확산을 더욱 촉진하여 그 피해가 커지고 있다는 것이 확인되었다. 외래 침입종 (non-native invasive species) 들이 다른 식물체보다 기후 변화의 대처에서 개화와 과실 시기의 적응이 빨라 생존율이 더 높게 나타났기 때문이다.(후략) (2010.2.6, 한국과학기술정보연구원)http://mirian.kisti.re.kr/gtb_trend/class_gtb/class_gtb_v.jsp?sub_menu=2&amp;cn=GTB2010020177&amp;dbt=TREND&amp;service_code=03&amp;user_id=betl2001",2010.02.11,이진필,105,기후변화가 외래 침입종 식물의 확산을 돕는다,442,제2차 농림어업인 삶의 질 향상 및 농산어촌 지역개발 5개년 기본계획,418
"중소기업청의 지원사업 메뉴를 다음과 같이 안내하오니 많은 이용 바랍니다.중소기업청홈체이지&gt;지원사업하위메뉴 : 융자/자금, 기술, 판로/수출, 인력, 창업벤처, 컨설팅/정보화, 여성/장애인기업, 전통시장/소상공인, 지식서비스, 기타, 규제개혁http://www.smba.go.kr/smba.tdf?a=user.kor.policy.RegulationApp&amp;c=2004&amp;mc=SMBA_POLICY_10&amp;lclasId=A00000&amp;brd_id=12AA ",2010.02.08,이진필,104,"농림수산식품부, 농촌체험학교인 팜스쿨 시범사업 추진",440,제2차 농림어업인 삶의 질 향상 및 농산어촌 지역개발 5개년 기본계획,418
"- 서울, 경기 및 6대 광역시 소재 초등학교 20개교 공모농림수산식품부는 도심지 초등학교와 농촌 체험마을간 결연을 맺어 초등 교과과정과 연계한 체험학습을 운영하는 「팜스쿨(farm school)」시범사업을 추진한다.&nbsp;○ 이는 도시와 농어촌간 교류를 촉진하기 위해 지난해 12월에 발표된 「도농교류 5개년 계획」의 일환이며, 미래 세대의 주역인 초등학생들의 농업&middot;농촌에 대한 이해를 높이고, 향후 건전한 농산물 소비자로 육성하기 위한 것이다.&nbsp;농림수산식품부는 이를 위해 서울, 경기 및 6대 광역시 소재 초등학교를 대상으로 공모(2.22한)와 심사를 통해 20개교를 선정하고 학교당 5백만원의 예산을 지원할 예정이다.&nbsp;○ 팜스쿨 시범사업 학교로 선정될 경우, 동 학교는 농촌 지역의 체험마을과 결연을 맺고, 마을과 협의를 통해 교내에 소규모 농촌 체험공간(상자 텃밭, 옥상 텃밭 등)을 조성하고 연1~2회 해당 마을을 방문하여 체험활동을 진행하게 된다.&nbsp;○ 아울러 재량활동 시간을 활용하여 친환경 농업 및 식생활에 대한 교육을 진행하고 친환경 급식도 실시하게 된다.&nbsp;농식품부 관계자는 &ldquo;동 시범사업이 기존 농촌 체험활동의 일회적&middot;일방적인 측면을 탈피하여 생활화된 농촌 체험교육에 기여할 것으로 기대하고 있다&rdquo;며,&nbsp;○ &ldquo;금년 시범사업 성과를 평가하여 향후 예산지원 확대 등 적극적인 지원 방안을 검토할 예정&rdquo;이라고 말했다.(2010.2.8, 농림수산식품부 홈페이지 보도자료)",2010 팜스쿨 시범사업.hwp,http://www.fact.or.kr/action.do?action=farmtech%24file&seq=103&file_seq=1,2010.02.08,이진필,103,"농림수산식품부, 농촌체험학교인 팜스쿨 시범사업 추진",450
"농림수산식품부는「곤충산업의 육성 및 지원에 관한 법률」이 &nbsp;2010년 2월 4일자로 공포되었다고 밝혔다.&nbsp;○ 최근 사슴벌레, 장수풍뎅이 등의 곤충은 자연생태학습 및 애완용으로 각광을 받으면서 농가의 새로운 소득원으로 대두되고 있으며, 천적&middot;화분매개에 곤충을 활용하는 등 곤충산업의 잠재 가능성은 높으나 그 동안 제도적 법적장치가 미흡해 성장에 한계가 있었다.&nbsp;○ 이번에 「곤충산업의 육성 및 지원에 관한 법률」이 제정&middot; 공포됨으로써 곤충산업을 체계적이고 종합적으로 육성?지원할 수 있는 제도적 기틀이 마련되었다.&nbsp;동 법률은 지난해 12월 국회를 통과한 것으로 주요 내용은 다음과 같다.&nbsp;○ 첫째, 농림수산식품부장관은 곤충산업의 기반조성과 경쟁력 강화를 위하여 중장기투자계획, 연구개발사업 등이 포함된 종합계획을 5년마다 수립하고,&nbsp;&nbsp;&nbsp;- 종합계획의 추진을 위하여 매년 시행계획을 수립&middot;시행하도록 하였다.&nbsp;&nbsp;○ 둘째, 곤충관련 전문인력을 양성하고, 기술개발 및 사육시설설치 등의 지원을 통해 산업화를 촉진하도록 하였으며,&nbsp;&nbsp;&nbsp;&nbsp;- 또한 곤충사육 농가의 안정적인 정착에 필요한 기술보급을 위하여 지자체장은 곤충과 관련된 교육사업 등에 예산을 지원할 수 있도록 하였다.&nbsp;&nbsp;○ 셋째, 곤충을 사육, 생산, 가공 또는 유통하려는 자는 해당 지자체에 신고하도록 규정하고,&nbsp;&nbsp;&nbsp;&nbsp;- 곤충의 무단방출 등으로 인하여 사람의 생명&middot;신체와 생태환경에 대한 피해가 발생하지 아니하도록 적절한 예방조치를 할 수 있도록 하였다.&nbsp;&nbsp;농식품부 관계자는 &ldquo;이번 법률 공포로 곤충산업이 한 단계 도약할 수 있는 계기가 될 뿐만 아니라, 곤충에서 유래한 기능성 및 의약품 물질을 발굴하는 등 생명산업의 소재로서 미래에 무한한 가치를 창출할 것으로 기대하고 있다&rdquo;며,&nbsp;&nbsp;○ &ldquo;동 법률에서 위임된 구체적인 사항은 6개월 내에 하위법령(시행령, 시행규칙)에 차질 없이 반영해 나가는 한편, 곤충산업 발전기획단을 구성하여 중장기 종합육성계획을 수립하여 추진해 나갈 것&rdquo;이라고 밝혔다.(2010.2.8, 농림수산식품부 홈페이지 보도자료)http://mifaff.korea.kr/gonews/branch.do?act=detailView&amp;type=news&amp;section=b_sec_1&amp;dataId=155433806",곤충산업 육성지원.hwp,http://www.fact.or.kr/action.do?action=farmtech%24file&seq=102&file_seq=1,2010.02.08,이진필,102,"농식품부,「곤충산업의 육성 및 지원에 관한 법률」 제정 공포",432
"지난해 12월 농림수산식품 분야의 과학기술 연구개발(R&amp;D) 중장기 계획이 처음으로 수립됐다. 이 &lsquo;제1차 농림수산식품과학기술 육성 종합계획&rsquo;은 단순 기술개발뿐만 아니라 인재육성이나 인프라 구축까지 아우르는 2010년부터 2014년에 걸친 방안이다. 종합계획의 수혜를 받게 될 연구원과 학계는 정책을 반기면서도 구체적 발전 방안과 제언을 아끼지 않았다.19일 서울 서초구 서초동 생명공학정책연구센터(센터장 현병환) 서울 회의실에서 열린 &lsquo;특집 전문가 좌담회&rsquo;에서는 농림수산식품 분야의 현황과 문제점을 공유하고 중장기 발전 방안과 정책을 제언하는 논의가 오갔다. 좌담회에는 박영훈 한국생명공학연구원장, 오병석 농림수산식품부 과학기술정책과장, 임광수 국립수산과학원장, 정승 농림수산식품기술기획평가원장, 조성인 서울대 교수가 참석한 가운데 현병환 생명공학정책연구센터장의 사회로 진행됐다.(후략) (2010.1.27, 생명공학정책연구센터 홈페이지 BT전문가죄담회)http://www.bioin.or.kr/board.do?num=195532&amp;cmd=view&amp;bid=professor&amp;cate1=&amp;s_key=&amp;s_str=&amp;page=1&amp;sdate=&amp;edate=",2010.02.08,이진필,101,"농림수산식품 R&D, 발상의 전환 절실해",285,"농식품부,「곤충산업의 육성 및 지원에 관한 법률」 제정 공포",432
"농림수산식품부 공고 제2010-31호&nbsp;해외자원개발사업법 제10조 및 동법시행령 제9조의 규정에 따라 해외농업개발의 촉진을 위하여 2010년도 해외농업개발 국고보조금 지급기준 및 해외농업환경조사 사업자 모집을 다음과 같이 공고합니다.2010년 2월 2일농림수산식품부장관(2010.2.2., 농림수산식품부 홈페이지 공지&#8228;공고, 자세한 내용은 농림수산식품부 홈페이지 및 붙임 자료를 참고하시기 바랍니다.)http://www.mifaff.go.kr/USR/BORD0201/m_156/DTL.jsp?id=B10301010&amp;cate=&amp;key=subject&amp;search=&amp;search_regdate_s=&amp;search_regdate_e=&amp;order=&amp;desc=asc&amp;srch_prc_stts=&amp;pg=1&amp;mode=view&amp;idx=26726 &nbsp;",2010 해외농업환경조사 사업자 모집_1.hwp,http://www.fact.or.kr/action.do?action=farmtech%24file&seq=100&file_seq=1,2010.02.04,이진필,100,2010년도 해외농업환경조사 사업자 모집,355
"□&nbsp; 농산물 안전관리 강화○ 국립농산물품질관리원(원장 하영효, 이하 &lsquo;농관원&rsquo;이라함)은 농식품 안전에 대한 국민들의 높은 관심과 기대에 부응하기 위해 금년부터 농산물 안전성 관리 대상 유해물질을 확대하고 조사 물량도 대폭 늘리는 등 안전관리를 강화해 나갈 계획이라고 밝혔다.○ 관리대상 유해물질&nbsp; - (종전) 4개 분야 : 농약, 중금속, 병원성 미생물, 곰팡이 독소&nbsp; - (금년) 6개 분야로 확대 : 농약, 중금속, 병원성 미생물, 곰팡이 독소 다이옥신 등 잔류성 유기오염물질, 방사능○&nbsp;조사 물량 : (&lsquo;09계획) 56,600건 &rArr; (&rsquo;10계획) 64,000건, 13%증가○ 농관원은 '94년부터 농산물의 품질향상과 안전농산물의 생산&middot;공급을 위하여 농식품에 잔류하는 농약, 중금속 등 유해물질에 대한 안전성 조사를 해오고 있으며, 특히, 재배과정 중의 농산물을 대상으로 사전 예방적 차원의 안전성 조사를 위주로 해왔다.○ 금년에는 생산단계에서부터 철저한 안전관리를 위해 전년도 부적합률이 높고 생산량이 많으며 국민들이 많이 소비하는 54개 농산물을 선정, 농약 등 기존 관리대상 유해물질 외에 다이옥신 등 다양한 유해물질을 대상으로 농가 출하 전 조사를 통해 부적합품이 시장에 출하되지 않도록 차단할 계획이다.○ 품목별 조사물량은 &lsquo;국제식품규격위원회&rsquo;(CODEX)에서 권고하는 무작위 샘플링 권고기준을 적용하여 산정함으로써 조사의 신뢰성을 확보하였다.- 생산량이 많고 국민이 주로 소비하는 54개 품목 14,000건- 전국 인지도가 높은 지역특화 농산물 3,800건- 주요 수출 농산물 4,000건, 지역별 자체관리 3,500건 등○ 폐금속 광산 인근 농경지에서 재배되는 농산물을 대상으로 중금속 오염여부를 조사하여 부적합품인 경우에는 전량 폐기 조치할 계획이다.- 폐금속 광산 인근 재배농산물의 중금속 조사 : 2,700건○ 한편, 농관원에서는 &lsquo;농산물품질관리법&rsquo;의 개정 시행(&lsquo;09.12)으로 지난해까지 농식품의 안전성을 생산, 저장 단계 등 농가가 시장 출하하기 전까지의 단계에서만 관리하던 것을 금년부터는 유통?판매 단계까지 관리 영역을 확대, 명실상부한 &lsquo;농장에서 식탁까지&rsquo;의 일관된 안전관리 체계를 갖추게 되었다.○ 앞으로는 농산물의 유통과정 조사를 통하여 부적합품이 발견될 때에는 생산지를 포함한 전 과정을 추적 조사하고 원인을 정확히 규명하여 재발 방지 등 조치가 가능하게 되었다.○ 이 조사는 금년이 시행 첫해인 점을 감안, 다중 소비처 등을 대상으로 2,000건 정도를 조사하고, 향후 점진적으로 조사 물량을 확대해 나가고,○ 이외에 학교와 같은 집단급식소 등에 공급되는 농산물, 친환경 농산물&middot;GAP 농산물 등 인증 농산물을 대상으로 유통 단계에서잔류농약 조사를 실시하여 소비자의 안전 수요에 부응할 계획이다.- 학교급식 등 집단급식소 4,300건, 친환경 등 인증 농산물 5,000건- 정책 수립 등에 활용하기 위한 모니터링 실시○&nbsp;농관원은 우리나라 농산물의 안전수준을 평가하기 위해 &lsquo;농산물 유해물질 잔류조사&rsquo;를 새롭게 도입한다. 이를 위해 지난해 &lsquo;한국농촌경제연구원&rsquo;에 용역을 의뢰하여 유해물질 잔류조사 시스템 구축을 위한 방안을 마련하였고, 이를 근거로 세부 조사지침을 수립하였다.○ 금년에는 잔류범위가 광범위하고 국민관심이 높은 농약을 대상으로 잔류정도를 우선 조사하고, 연차적으로 조사대상 유해물질을 확대해 나갈 계획이다.* 조사 대상 : 쌀 등 54개 품목을 대상으로 잔류농약 14,000건 조사○ 조사 결과는 54개 품목별로 안전성 수준을 분석하고, 그 결과는 농관원 홈페이지 등을 통하여 일반에 공개한다.○ 잔류조사를 통하여 농산물의 안전성 관리수준에 대한 평가와 안전성 관리를 위한 데이터가 제공될 수 있으므로 정부는 물론, 자치단체ㆍ생산자 단체ㆍ소비자 단체 등 다양한 주체들이 폭넓게 활용할 수 있을 것으로 기대된다.&nbsp;□ 민간 안전성 검사기관 지정○ 농관원에서는 금년부터 안전성조사의 일부와 시험분석업무를 전문적이고 효율적으로 수행하기 위해 안전성 검사기관을 지정하고, 조사와 시험분석업무를 대행하게 할 수 있게 됨(농산물품질관리법 개정시행, &lsquo;09.12)에 따라 검사기관을 지정하고 일부 시료수거, 분석업무 등을 위탁할 계획이다.○ 안전성 검사기관으로 지정받기 위해서는 농관원장이 정하는 일정 수준 이상의 장비 등을 갖추고, 농관원장에게 신청하면 심사를 거쳐 안전성 검사기관으로 지정받게 된다.* 안전성 검사시관 지정기준 : 전문인력 6명, 검사실 면적 250㎡, 유해물질별로 일정 수준의 분석장비 등○ 농관원에서는 이 검사기관 지정제도를 통하여 정부와 민간이 역할을 분담함으로써 늘어나는 분석수요에 대응하고, 효율적인 안전성 관리가 이루어질 것으로 기대하고 있다.○ 하영효 원장은 &ldquo;금년부터 강화되는 안전관리를 통하여 전 국민이 안심하고 우리 농식품을 소비할 수 있도록 최선을 다하고, 특히 생산에서 유통?판매까지 전 단계에서 안전성이 유지되도록 관리해나갈 것임&rdquo;을 강조하고,&nbsp;&rdquo;안전성 조사를 통한 농산물 신뢰 향상으로 국내 농식품의 경쟁력이 제고될 것으로 기대한다&rdquo;고 밝혔다.(2010.2.3, 농림수산식품부 홈페이지 보도자료)http://mifaff.korea.kr/gonews/branch.do?act=detailView&amp;type=news&amp;section=b_sec_1&amp;dataId=155432981",2010 농산물 안전성관리계획.hwp,http://www.fact.or.kr/action.do?action=farmtech%24file&seq=99&file_seq=1,2010.02.04,이진필,99,2010년 농산물 안전관리계획,318
"&nbsp;□ 금융기관이 신기술(nep) 인증기업&#8228;이노비즈 기업 등 혁신형 중소기업에 대해기술평가 전문기관의 기술평가를 바탕으로, 자체 여신심사를 거쳐 사업화자금을 대출해주는 &lsquo;10년도「혁신형 중소기업 기술금융 지원사업」이 2.1(월)부터 추진됨&nbsp;* 기술평가 전문기관(4개) : 기술보증기금, 한국과학기술정보연구원, &nbsp;한국발명진흥회, 한국산업기술진흥원&nbsp;ㅇ 보통 사업화대출은 담보를 통해 이루어지지만, 이 사업은 혁신형 중소기업이 보유한 우수기술에 대한 기술평가를 통해 신용대출이 이루어진다는 점에서 큰 의의가 있음□ 금년도 대출규모는 신규로 참여한 한국수출입은행, 한국정책금융공사 및 4개 시중은행(국민&#8228;기업&#8228;신한&#8228;우리銀)이 조성한 1,000억원 수준임 * 지원계획 : ① 한국수출입은행(200억원, 기업당 최고 3～5억원) &nbsp;② 한국정책금융공사(100억원, 기업당 최고 5억원)&nbsp;③ 국민은행&#8228;기업은행&#8228;신한은행&#8228;우리은행(총 700억원, 제한없음)&nbsp;ㅇ 이 사업의 대출 규모는 &lsquo;06년 사업 개시 이후 매년 지속 증가하고 있어, 이 사업이 성공리에 정착하고 있음을 시사하고 있음* 177억원(&lsquo;06년) &rarr; 190억원(&lsquo;07년) &rarr; 464억원(&rsquo;08년) &rarr; 651억원(&lsquo;09년)(2010.2.1, 지식경제부 홈페이지 보도자료)&nbsp;http://www.mke.go.kr/news/bodo/bodoView.jsp?seq=58289&amp;pageNo=2&amp;srchType=1&amp;srchWord=&amp;pCtx=1",2010 산업기술시장과 기술평가를 통한 기술사업화 대출 1천억원 지원.hwp,http://www.fact.or.kr/action.do?action=farmtech%24file&seq=98&file_seq=1,2010.02.03,이진필,98,기술평가를 통한 기술사업화 대출 1천억원 지원,424
"&nbsp;□&nbsp;지식경제부는 중기청, 16개 지자체, 12개 수출 지원기관*의 수출지원사업을 책 한권으로 정리하여 「2010년 무역ㆍ통상진흥 종합시책**」을 발간ㆍ배포하였음&nbsp;* ①kotra ②수보 ③중진공 ④무역협회 ⑤ktnet ⑥전략물자관리원 ⑦전시산업진흥회 ⑧대한상사중재원 ⑨수입업협회 ⑩세계해외한인무역협회 ⑪신보 ⑫기보&nbsp;** 구성 : ①&lsquo;09년 수출입 평가 및 &rsquo;10년 전망 ②무역ㆍ통상 종합 전략 ③중기청, 12개 수출 지원기관, 16개 지자체별 지원 사업 개요&nbsp;ㅇ 동 안내책자에는 지경부 등 30개 정부기관 및 수출 지원기관별 수출 지원사업 320여개가 모두 정리되어 있고, 무역실무 단계별로도 찾아보기 쉽게 도표화하였음&nbsp;* 무역실무 단계 : 시장조사 및 마케팅 &rarr; 거래선 발굴(시장개척단, 전시회, 수출상담회 등) &rarr; 보험 및 물류 &rarr; 사후관리(상사중재, 법률자문, 무역구제 등)&nbsp;- 또한 사업별 지원대상, 지원내용, 신청방법 및 절차 등을 상세히소개하고, 담당 부서 및 연락처를 표기하여 수출지원사업에 대한 궁금증을 해결할 수 있도록 했음&nbsp;ㅇ 수출지원 프로그램이 다양하고 많음에도 불구하고, 그동안 중소기업이 파악하기에는 어려운 점이 있었으나 동 안내자료만 보면 필요한 지원사업을 쉽게 파악할 수 있게 되었음&nbsp;ㅇ 동 시책 자료는 지경부(www.mke.go.kr) 및 무역협회(www.kita.net) 홈페이지에서도 다운로드 가능함 (2010.2.1, 지식경제부 홈페이지 보도자료)http://www.mke.go.kr/news/bodo/bodoView.jsp?seq=58300&amp;pageNo=1&amp;srchType=1&amp;srchWord=&amp;pCtx=1",2010 국내 모든 수출지원사업을 책 한 권으로 안내.hwp,http://www.fact.or.kr/action.do?action=farmtech%24file&seq=97&file_seq=1,2010.02.03,이진필,97,2010 국내 모든 수출지원사업을 책 한 권으로 안내,342
"농림수산식품부는 농어업의 체질개선과 농림수산식품산업의 발전을 위한 2010년도 주요업무계획을 제도적으로 확고히 뒷받침하기 위하여 「농림수산식품산업 복합단지 지정 및 지원에 관한 특별법」과 「어업구조조정특별법」 등 25개 법률 제&middot;개정안을 추진하는 「2010년도 농림수산식품부 정부입법계획」을 확정하였다고 밝혔다.(2010.2.2, 농림수산식품부 홈페이지 보도자료)http://mifaff.korea.kr/gonews/branch.do?act=detailView&amp;type=news&amp;section=b_sec_1&amp;dataId=155432623",2010년 농식품부입법계획.hwp,http://www.fact.or.kr/action.do?action=farmtech%24file&seq=96&file_seq=1,2010.02.02,이진필,96,"농림수산식품부, 2010년 정부입법계획 발표",377
"- 기획재정부 등 관계부처 차관, 농협중앙회장 등 유관기관장, 민간의 관련분야 주요인사 등 20명으로 구성&nbsp;농림수산식품부는 2월 1일, 범국가적 차원의 식생활 교육 전개를 위하여 지난해 11월 시행된 &lsquo;식생활교육지원법&rsquo; 제18조의 규정에 따라「국가 식생활교육 위원회」를 구성하였다고 밝혔다.&nbsp;&nbsp;○ 위원회는 관계 부처 차관, 유관기관장, 민간의 관련분야 주요인사 등 총 20명으로 구성되며, 민간위원과 농림수산식품부장관이 공동위원장을 맡게 된다.&nbsp;주요 위원은 기획재정부, 교육과학기술부, 보건복지가족부, 행정안전부, 환경부, 문화체육관광부, 여성부 차관과 농촌진흥청장 등 관련부처 차관 8명,&nbsp;&nbsp;○ 농협협동조합중앙회장, 농수산물유통공사장, 한국농촌경제연구원장, 한국식품연구원장 등 유관기관장 4명,&nbsp;&nbsp;○ 교육, 보건의료, 영양, 언론&middot;소비자, 식품, 농업 등 관련분야를 대표하는 직능단체 대표 및 전문가 중 7명을 위촉하여 구성하였다.(위원 명단 : 붙임)&nbsp;농림수산식품부는 이번「국가 식생활교육 위원회」구성을 계기로 건전한 식생활 확산을 위한 대책을 본격적으로 추진할 계획이다.&nbsp;&nbsp;○ 2월중 제1차「국가식생활교육위원회」를 개최하여 향후 5년간의 식생활교육기본계획(안), 식생활 교육 정책의 목표와 추진방향 등 식생활교육지원 전반에 대한 사항을 심의?의결할 예정이다.&nbsp;&nbsp;○ 특히 기존 영양중심의 식생활에서 환경?농식품 산업을 동시에 고려하는 &lsquo;녹색 식생활 지침&rsquo;을 학계와 공동으로 개발하여 보급할 계획이다.&nbsp;&nbsp;○ 녹색식생활 확산을 위한 민간차원의 &lsquo;식생활교육국민네트워크&rsquo;를 통하여 범국민적인 녹색 식생활 운동을 전개할 계획이다.&nbsp;&nbsp;&nbsp;* 식생활교육지원법(&lsquo;09.5제정. 11.28시행) : 어릴때부터 건전한 식습관을 가질 수 있도록 하는 한편, 환경친화적인 식생활개선, 전통 식생활 문화 계승&middot;발전, 지역농수산물 소비촉진 등을 통한 농식품 산업육성과 국민건강 증진을 목적으로 제정.(2010.2.1, 농림수산식품부 홈페이지 보도자료)&nbsp;http://mifaff.korea.kr/gonews/branch.do?act=detailView&amp;type=news&amp;section=b_sec_1&amp;dataId=155432378",식생활교육위원회 구성.hwp,http://www.fact.or.kr/action.do?action=farmtech%24file&seq=95&file_seq=1,2010.02.02,이진필,95,"농림수산식품부, '국가식생활교육위원회' 구성",418
"정책목표에 부합하고 현장의 교육수요를 반영한 농업교육 프로그램을 개발하고 역량있는 교육주체와 우수프로그램을 발굴하고자 합니다. 이에, 「&lsquo;10년 제1차 농업교육 분야별 우수프로그램 」을 다음과 같이 모집 공고합니다.1. 공모방향&nbsp;&nbsp; &#10061; 농정목표 달성을 위해 신규과정 확대 발굴 및 기존과정 보완 추진&nbsp;&nbsp;&nbsp; - 비용절감, 친환경농업, 농협경제사업활성화, 회계 및 경영장부 기장 등 &rsquo;10년 농정 추진방향에 부합된 신규과정 공모&nbsp;&nbsp;&nbsp; - 기 운영되는 교육과정 개선 및 보완&#8228;조정&nbsp; &#10061; 교육수요자의 자발적 참여를 유도하고, 현장 적용 성과를 높일 필요가 시급한 교육사업을 대상으로 순차적 공모&nbsp;&nbsp;&nbsp; - 농업인교육, 해외연수, 귀농교육 3개 사업&nbsp; &#10061; 자율적이고 창의적인 교육과정 제안 유도&nbsp;&nbsp;&nbsp; - 체계화된 교육 분야, 목표, 대상 등 방향성을 명확하게 제시, 교육 공모에 활용&nbsp;&nbsp;&nbsp; - 설명회 개최를 통해 공모 목적, 방법 등을 안내하여 적극적인 참여 유도&nbsp; &#10061; 제안기관 및 프로그램에 대한 공정한 평가 실시&nbsp;&nbsp;&nbsp; - 내&#8228;외부 전문가로 구성된 평가위원회 구성&#8228;운영&nbsp;&nbsp;&nbsp; - &rsquo;09년 농업교육운영기관&#8228;프로그램 평가 결과 반영2. 교육사업별 추진 방향 및 일정&nbsp;&nbsp; &#10061; 농업인교육 프로그램&nbsp;&nbsp;&nbsp; - 분야별로 총 2~3회에 걸쳐 교육과정 공모 실시&nbsp;&nbsp;&nbsp; - 분야 및 목적이 명확하게 반영될 수 있도록 제시(예시1. 참조)&nbsp;&nbsp;&nbsp; - 1차 공모&nbsp;&nbsp;&nbsp;&nbsp; &middot; 공모분야 : 창업&middot;마케팅&middot;경영, 친환경&middot;품목기술 , 조직화&middot;리더쉽&middot;농촌, 소비자&middot;청소년 교육 (총 4개분야)&nbsp;&nbsp;&nbsp;&nbsp; &middot; 공모기간 : 2010년 1월 22일(금) ~ 2월 8일(월)까지, 18일간&nbsp;&nbsp;&nbsp; - 2차 공모&nbsp;&nbsp;&nbsp;&nbsp; &middot; 공모분야 : 누락 및 추가 필요 과정에 대해 실시&nbsp;&nbsp;&nbsp;&nbsp; &middot; 공모기간 : 3월 추진 (필요한 경우 추가 공모 실시)&nbsp; &#10061; 해외연수&nbsp;&nbsp;&nbsp; - 해외시장 개척, 비용절감, 녹색성장 등 신규 분야 발굴 및 연수지역 다양화 추진&nbsp;&nbsp;&nbsp; - 해외연수 실시 일정에 따라 상&middot;하반기로 나눠 해외연수 기관 및 프로그램 공모 실시&nbsp;&nbsp;&nbsp; - 공모기간&nbsp;&nbsp;&nbsp;&nbsp; &middot; 상반기 실시 해외연수과정 : 1월 말 ~ 2월 초&nbsp;&nbsp;&nbsp;&nbsp; &middot; 하반기 실시 해외연수과정 : 4월 ~ 5월&nbsp;&nbsp; &#10061; 귀농교육&nbsp;&nbsp;&nbsp; - 권역별&middot;분야별 영역을 설정하여 귀농교육 전문기관 및 프로그램 공모&nbsp;&nbsp;&nbsp; - 2개월이상 장기 합숙 교육이 가능한 교육기관 및 프로그램 중심 추진&nbsp;&nbsp;&nbsp; - 공모기간 : 2월 중&nbsp; *&nbsp;문의전화 : 농업인재개발원 교육지원팀(☎031-460-8937,8926) (2010.2.2., 농림수산식품부 공고&middot;공지)http://www.mifaff.go.kr/USR/BORD0201/m_156/DTL.jsp?id=B10301010&amp;cate=&amp;key=subject&amp;search=&amp;search_regdate_s=&amp;search_regdate_e=&amp;order=&amp;desc=asc&amp;srch_prc_stts=&amp;pg=1&amp;mode=view&amp;idx=26707",2010년농업교육사업공모계획서.hwp,http://www.fact.or.kr/action.do?action=farmtech%24file&seq=94&file_seq=1,2010.02.02,이진필,94,2010년 우수농업교육 프로그램 공모 알림,413
"사업별 주요변경사항&nbsp;&nbsp;&lt;귀농 농업창업 및 주택마련 지원사업&gt;구&nbsp; 분현 행(2009)변 경(2010)변경 사유지원자격 및요건ㅇ귀농기준일&nbsp;-2004년 1월 1일 이후ㅇ귀농기준일&nbsp;-2005년 1월 1일 이후ㅇ귀농 기준일 조정&nbsp;(5년 기준)추가ㅇ2005.1.1이후 농어촌지역으로 이주한 후 다른 농어촌 지역으로 이주한 자 포함ㅇ농어촌지역에서 이동을 제한적으로 인정*이동전 지역에서 귀농자금 대출자는 제외지원제외 대상ㅇ동일 시&#8228;군으로 이주자는 제외&nbsp;ㅇ도&#8228;농 복합시의 경우 관내 도시지역에서 농촌지역 이주시 인정 ㅇ귀농대상자 범위 &nbsp;&nbsp;확대 &nbsp;지원대상ㅇ농업분야&nbsp;ㅇ농업분야 외에 임업, 수산분야 추가ㅇ지원대상분야&nbsp;&nbsp;&nbsp;범위 확대ㅇ주택구입비ㅇ주택구입 외에 신축자금 지원ㅇ귀농인 주거마련 &nbsp;&nbsp;지원융자방식ㅇ사업완료 후 대출&nbsp;&nbsp;&nbsp;&nbsp;&nbsp;ㅇ(사전)농지 및 축사부지구입ㅇ(사후)시설설치, 제조&#8228;가공시설 등&nbsp;*사후융자 사업 중 &nbsp; 담보제공시 사전대출 ㅇ사전&#8228;사후대출 가능사업을 구체적 명시&nbsp;&nbsp;&nbsp;&nbsp;대출한도ㅇ 1천만원~2억원ㅇ 2억원까지ㅇ최저 융자 기준액 &nbsp;삭제사업신청일ㅇ 귀농 : 연중 수시&nbsp;ㅇ 좌동ㅇ 수산 : &lsquo;10.3.12까지&nbsp;ㅇ신청기간 명시구&nbsp; 분현 행(2009)변 경(2010)변경 사유대출금취급기관ㅇ귀농 : 경종(농협),&nbsp;&nbsp; &nbsp;&nbsp;&nbsp;&nbsp;&nbsp;&nbsp;&nbsp;&nbsp;축산(축협)&nbsp;ㅇ 귀농 : 경종&#8228;임업&nbsp;&nbsp;&nbsp;&nbsp; (농협), 축산(축협)ㅇ 어업 : 수협ㅇ대출금 취급기관 &nbsp;&nbsp;명시&nbsp;농지구입 지원단가(㎡/원)ㅇ논 : 12,100 ㅇ밭&#8228;과수원 : 15,125ㅇ축사부지 : 밭 단가의 70%삭제ㅇ공시지가 감정가 적용(50~70%)으로 기준단가의 실효성이 없음&nbsp; &lt;주택수리비 지원사업지침&gt;구&nbsp; 분현 행(2009)변 경(2010)변경 사유지원자격 및요건ㅇ귀농기준일&nbsp;-2004년 1월 1일 이후ㅇ귀농기준일&nbsp;-2005년 1월 1일 이후ㅇ귀농 기준일 조정&nbsp;(5년 기준)추가ㅇ2005.1.1이후 농어촌지역으로 이주한 후 다른 농어촌 지역으로 이주한 자 포함ㅇ농어촌지역에서 이동을 제한적으로 인정*이동전 지역에서 귀농자금 대출자는 제외지원대상ㅇ농업분야&nbsp;ㅇ농업분야 외에 수산분야 추가ㅇ지원 대상분야 &nbsp;&nbsp;범위 확대&nbsp; &lt;귀농인의 집 지원사업지침&gt;구&nbsp; 분현 행(2009)변 경(2010)변경 사유지원대상ㅇ농업분야&nbsp;ㅇ농업분야 외에 수산분야 추가ㅇ지원대상분야&nbsp;&nbsp;&nbsp;범위 확대&nbsp;&nbsp;&lt;귀농인 농업인턴제사업지침&gt;구&nbsp; 분현 행(2009)변 경(2010)변경 사유인턴대상자 신청자격ㅇ18~55세 이하인 자&nbsp;삭제&nbsp;&nbsp;ㅇ연령제한 삭제하여 &nbsp;&nbsp;참여자 범위 확대지원대상ㅇ농업분야&nbsp;ㅇ농업분야 외에 수산분야 추가ㅇ지원 대상분야 &nbsp;&nbsp;범위 확대",2010년도 귀농귀촌사업지침.hwp,http://www.fact.or.kr/action.do?action=farmtech%24file&seq=93&file_seq=1,2010.02.02,이진필,93,2010년도 귀농귀촌 사업지침,416
"식물에서 가장 과소 평가되는 부위인 뿌리는 수분과 양분을 흡수함으로써 실직적으로는 식물생장에 있어 결정적인 역할을 하는 부위이다. 물 가용성의 변화와 지속적인 인구 증가 상황에서 식물뿌리 발달의 조절 방식에 대한 이해는 매우 중요하다. 그런데 독일의 막스 플랑크 연구소 학자들에 의해서 식물 호르몬 옥신(auxin)이 세포 사이클 (cell cycle)활성 증가와 함께 뿌리 분기(root branching)를 증가시킨다는 사실이 애기장대 식물에서 확인되었다. 또한 이 연구자들은 배 발달에 결정적인 두 단백질이 뿌리 분기에 있어서도 결정적인 역할을 한다는 것을 확인했다. 이들의 연구 결과는 건조 상황과 양분이 빈약한 토양에서 빠르게 생장하는 식물 개발에 이용될 수 있으며 학술지 PNAS에 발표되었다(January 25 - 29, 2010). (후략) (한국과학기술정보연구원 정보분석본부)http://mirian.kisti.re.kr/gtb_trend/class_gtb/class_gtb_v.jsp?sub_menu=2&amp;cn=GTB2010010817&amp;dbt=TREND&amp;service_code=03&amp;user_id=betl2001",2010.02.02,이진필,92,식량확보의 근간 : 호르몬이 측근 발달을 조절하는 방법,428,2010년도 귀농귀촌 사업지침,416
"국립종자원(원장 김창현)은 올 봄에 파종할 콩 보급종 983톤에 대해 2월 1일부터 3월 20일까지 시&middot;군 농업기술센터와 읍?면 주민센터를 통해 신청을 받는다고 밝혔다.&nbsp;○ 신청을 받는 품종은 대원, 태광, 황금, 풍산나물 등 &nbsp;총 6개 품종이며 각 시?도별로 선호도가 높은 품종 1~3개가 신청&middot;공급된다.&nbsp;○ 콩 보급종은 국산콩의 자급률을 높이기 위해 생산원가의 절반 수준인 12,200원/5kg으로 공급하며, 신청농업인에 대한 배송은 4월 1일부터 5월 10일까지 지역 농협을 통해서 이뤄질 예정이다.&nbsp;국립종자원 관계자는 &ldquo;정부 보급종은 철저한 포장관리를 통하여 생산하고 현대적인 시설에서 정선 및 소독된 보증종자로, 순도가 높고 병해 발생이 적다&ldquo;고 강조하면서 재배농업인이 정부 보급종을 사용해줄 것을 당부하였다.(2010.1.28, 농림수산식품부 홈페이지, 보도자료)http://mifaff.korea.kr/gonews/branch.do?act=detailView&amp;type=news&amp;section=b_sec_1&amp;dataId=155431822",2010 봄 콩 보급종 신청접수.hwp,http://www.fact.or.kr/action.do?action=farmtech%24file&seq=91&file_seq=1,2010.02.01,이진필,91,"국립종자원, 올 봄에 파종할 콩 보급종 신청 접수",278
"○ 변동직불금 지급 예정액 5,971억원과 지난 해 지급한 고정직불금*) 6,328억원을 합하면 2009년산 쌀직불금은 총 1조 2,299억원이다.&nbsp;&nbsp;&nbsp;* 1ha당 지급액 : 농업진흥지역 746천원, 진흥지역 밖 597천원&nbsp;○ 2009년산 수확기 평균 쌀값1)이 80kg 당 142,360원으로 조사됨에 따라 변동직불금은 80kg 당 12,028원2), 1ha 당 733,708원3)으로 결정되었으며, 지급대상자는 815천명, 지급면적은 814천ha이라고 밝혔다.&nbsp;&nbsp;&nbsp;1) 수확기 쌀값 조사 : 통계청, &nbsp;조사기간 2009.10.1 ～ 2010.1.31&nbsp;&nbsp;&nbsp;2) 변동직불금(80kg) :〔(목표가격, 170,083원)-(쌀값, 142,360원)〕&times;85%-고정직불금(11,536원)&nbsp;&nbsp;&nbsp;3) 1ha 당 금액 : 12,028원 &times; 61가마(1ha 당 쌀 생산량)&nbsp;이에 따라 &lsquo;09년도 쌀 생산 농업인의 쌀 80kg 당 조수입은 165,924원으로써 평균 쌀값 142,360원과 고정직불금 11,536원, 변동직불금 12,028원을 모두 합한 액수이며, 이는 목표가격 대비 97.6%이며,&nbsp;○ 쌀 80kg으로 환산한 &lsquo;09년산 쌀직불금은 23,564원으로, 지난 해(11,475원) 보다 12,089원 증가하여 쌀 생산 농업인들의 소득보전에 기여한 것으로 분석된다고 농식품부는 밝혔다.&nbsp;아울러 변동직접지불금 지급은 전년도까지는 통상 3월에 지급하였으나, 금년도는 설이 2월 중순에 있어 농업인의 설 자금 수요를 고려하여,&nbsp;○ 총 지급액의 절반은 설 전에 농업인에게 지급하고, 나머지는 종전처럼 3월경에 지급할 계획이라고 밝혔다.&nbsp;&nbsp;&nbsp;※ 농가당 지급액 : 지급단가(원/80kg) &times; 61가마/80kg &times; 벼재배 면적㎡&divide;10,000㎡(2010.2.1, 농림수산식품부 홈페이지 보도자료)http://mifaff.korea.kr/gonews/branch.do?act=detailView&amp;type=news&amp;section=b_sec_1&amp;dataId=155432319",2009년산 쌀변동직불금.hwp,http://www.fact.or.kr/action.do?action=farmtech%24file&seq=90&file_seq=1,2010.02.01,이진필,90,"2009년산 쌀에 대한 “변동직불금”을 80kg 당 12,028원, 1ha 당 733,708원으로 결정·고시",279
"농림수산식품부는 국가식품클러스터 사업을 담당할 민간전문가 9명을 채용할 계획이라고 밝혔다.&nbsp;○ 이번에 채용하는 민간전문가는 기업지원, 투자유치, 산단조성 등 3개 분야에서 총괄 역할을 수행하는 관리급 3명과 담당 업무를 수행하는 팀원급 6명이며,&nbsp;○ 자격 요건은 관리급의 경우 해당분야 경력 7년 이상(박사학위 소지자는 경력 2년 이상), 팀원급의 경우 해당분야 경력 3년 이상의 경력자이다.&nbsp;1.27일부터 농림수산식품부 홈페이지를 비롯한 관련 기관 홈페이지에 채용공고를 게재 중이며, 접수는 2.2일부터 시작되어 2.8일까지 이뤄진다.&nbsp;○ 1차 서류심사와 2차 면접심사를 통해 2월 중 예비 합격자를 확정하고, 3월부터는 본격적인 업무를 추진할 계획으로,&nbsp;○ 최종 채용여부는 약 3개월 동안 근무한 후 업무수행능력을 평가하여 결정하게 된다.&nbsp;○ 이번에 채용되는 민간전문가는 1년간 계약을 통해 근무하게 되며, 근무 실적에 따라 연봉 외에 성과급을 지급할 계획이다.&nbsp;채용에 관한 자세한 내용은 농림수산식품부, 행정안전부의 나라일터, 한국농수산물유통공사, 한국식품공업협회, 한국식품연구원, 인쿠르트(Incruit), 잡 코리아(job Korea), 커리어(Daum 취업센터) 홈페이지의 게재 내용을 참조하면 된다. (2010.2.1, 농림수산식품부 홈페이지 보도자료)http://mifaff.korea.kr/gonews/branch.do?act=detailView&amp;type=news&amp;section=b_sec_1&amp;dataId=155432327&nbsp;",국가식품클러스터추진단 구성.hwp,http://www.fact.or.kr/action.do?action=farmtech%24file&seq=89&file_seq=1,2010.02.01,이진필,89,"국가식품클러스터 업무 분야별 경력직 민간전문가 9명 채용, 2.2(화)부터 2.8(월)까지 원서 접수",296
"-&lsquo;농림수산식품 연구개발사업 평가 기본계획 심의&rsquo;로 부&middot;청 소관 R&amp;D 사업에 대한 본격적 평가 실시&nbsp;1월 20일(수), 농림수산식품부(공동위원장 : 한문위 민간대표, 민승규 차관)는 &quot;제4차 농림수산식품과학기술위원회(이하 &ldquo;농과위&rdquo;라 함)&quot;를 개최하였다.&nbsp;이번 회의에서 &lsquo;연구개발사업 평가 기본계획&rsquo;이 원안 의결되어, 올해부터 농식품부와 농진청&middot;산림청에서 추진하고 있는 농림수산식품분야 R&amp;D 사업에 대한 평가가 본격적으로 실시된다.&nbsp;금번 연구개발사업의 평가체계 도입의 목적은&nbsp;○ 국정&middot;농정 방향과의 합치여부 및 연계성을 중점적으로 점검하여 효율적 재정운영 방향 등 투자개선 방향을 제시하고,&nbsp;○ 예산조정&middot;배분 방향, 정책&middot;사업기획, 향후 투자 방향 등의 자료로 활용하기 위한 것이다.&nbsp;우선 &lsquo;10년에는 평가체계의 조기 정착을 위해 대표성을 갖는 단위사업 및 기술군을 대상으로 소규모&middot;심층평가를 실시하고, &rsquo;11년부터는 부&middot;청 사업 전반으로 확대 실시할 계획이다.&nbsp;○ 단위사업별 평가대상으로는 부 소관 사업 중 대표적인 공모사업인 &ldquo;농림기술개발사업&rdquo;을 선정하고, 현장실용기술 분과위에서 1~4월까지 평가를 진행한다.&nbsp;○ 기술분야평가 대상으로는 사업비 증가율이 높은 핵심분야로서 부&middot;청의 다수 R&amp;D 사업에 분산되어 있어 포괄적인 심층평가가 필요한 &ldquo;바이오&rdquo; 분야를 선정하여 녹색성장&middot;신성장동력 분과위 주관으로 평가를 실시하고 9월까지 농과위에 상정할 계획이다.&nbsp;평가결과는 부&middot;청 R&amp;D 추진체계 개선, 중복성 조정, 사업간 연계를 통한 공동기획과제 발굴 등 개선사항을 적극 반영하고,&nbsp;○ 부&middot;청의 연차별 시행계획 수립 시 농과위 주관으로 전년도 평가결과에 대한 기관별 반영 여부 및 조치결과를 확인하는 시스템으로 운영할 계획이다.&nbsp;동 평가제도는 그간 독립적으로 추진하고 있던 부&middot;청의 연구개발사업의 상호 시너지효과를 창출하고, 재정을 규모화&middot;효율화해 나가기 위한 소통과 공유의 출발점이 될 것이라는데 큰 의미가 있다고 위원회는 평가했다.&nbsp;아울러, &ldquo;농림수산식품 R&amp;D 투자 조사&middot;분석 결과&rdquo;에 대한 보고를 받고, 향후 추진될 조사&middot;분석 계획에 대해 논의했다.&nbsp;○ 참석자들은 향후 농림수산식품 R&amp;D 사업방향을 제시하고, 투자를 확대하기 위해서는 체계적인 조사&middot;분석 및 평가가 필요하며, 매년 정례적으로 이뤄져야 한다는데 의견을 함께하였다. (자료출처 : 농림수산식품부 홈페이지 보도자료)http://mifaff.korea.kr/gonews/branch.do?act=detailView&amp;type=news&amp;section=b_sec_1&amp;dataId=155430842",2010.01.25,이진필,88,제4차 농림수산식품과학기술위원회 개최 결과,326,"국가식품클러스터 업무 분야별 경력직 민간전문가 9명 채용, 2.2(화)부터 2.8(월)까지 원서 접수",296
"농림수산식품부 공고 제2010-22호2010년『도농교류 협력사업』시행계획 공고&nbsp; 도시소비자와 청소년 등에게 농어업&middot;농어촌에 대한 이해를 높이고 우리 농어업&middot;농어촌의 중요성을 널리 알리는 한편, 농업인에게는 소비자 지향적인 영농과 안정적인 농어촌 생활을 유도하기 위한 2010년도 도농교류 협력사업 시행계획을 다음과 같이 공고합니다.2010년&nbsp; 1월 25일농림수산식품부 장관 자료출처 : 농림수산식품부 홈페이지 공지&middot;공고",2010년 도농교류협력사업 시행계획 공고.hwp,http://www.fact.or.kr/action.do?action=farmtech%24file&seq=87&file_seq=1,2010.01.25,이진필,87,2010년 도농교류협력사업 시행계획 공고,338
"□ 교육과학기술부(장관 안병만)는 금년도에 추진할 『2010년도 원천기술개발사업 시행계획』을 확정ㆍ발표하였다. 원천기술개발사업은 미래 성장잠재력을 확보하고 국민의 삶의 질을 제고하기 위해 ▲바이오(1,544억원), ▲나노(455억원), ▲융합기술(1,195억원), ▲에너지ㆍ환경 등(355억원) 미래 유망분야의 핵심원천기술을 전략적으로 개발하기 위한 사업으로 12개 세부사업으로 구성되어 있으며, 금년에는 작년보다 18%가 증가한 3,549억원을 투자할 계획이다.[선택과 집중에 따른 투자 확대]&nbsp;○ 총 투자 : (&lsquo;09) 3,006억원(&rsquo;10) 3,549억원&nbsp;&nbsp;&nbsp;&nbsp;○ 신규 투자 : (&lsquo;09) 564억원(&lsquo;10) 808억원&nbsp;&nbsp;&nbsp;&nbsp;○ 신규 사업수 : (&lsquo;09) 5개 (&lsquo;10) 16개□ 금년도 원천기술개발사업의 특징은 신규사업 및 신규투자가 전년도에 비해 대폭 확대되었다는 것이다. 총 12개 세부사업 중 5개 사업이 신규로 추진되며 총 546억원이 투입되며, 기존사업 중에서도 262억원이 투입된다.&nbsp;&nbsp; ○ 신규사업으로는 세계일류의 기초ㆍ원천 기술 강국으로 도약하기 위해 2021년까지 총 15개의 세계적 기초ㆍ원천연구 거점을 구축하고 우리나라를 대표할 수 있는 원천기술을 확보하는 것을 목표로 글로벌 프론티어 사업을 추진하며, 금년도에는 시범사업으로 2 ~ 3개 사업단에 150억원을 지원할 예정이다.&nbsp;&nbsp; ○ 국민의 삶의 질 향상과 직결되는 식품 오염인자 실시간 인식기술 등의 핵심기술 개발을 목표로 공공복지안전연구사업을 추진하고 50억원을 투입한다.&nbsp;&nbsp; ○ 원격실험ㆍ화상연구를 가능하게 하는 실시간ㆍ쌍방형 사이버랩을 구축하는 사이버융합연구ㆍ교육 고도화사업에 신규로 30억원을 투입한다.&nbsp;&nbsp; ○ 학ㆍ연 협력을 바탕으로 녹색기술(출연(연))과 전문인력을 동시에 양성(대학)할 수 있는 기반형융합녹색연구를 신규로 추진하여 녹색성장분야 6개 기반기술을 개발하며, 금년도는 12억원을 투입하여 실시간ㆍ대기환경 감시센서 분야 1개 녹색연구단을 선정 지원할 계획이다.&nbsp;&nbsp; ○ 또한 신규 인프라 구축사업으로 글로벌 신약개발의 효율적 지원을 위한 &lsquo;신약개발지원센터&rsquo;설립에 금년도에는 304억원을 투입하여 착수하고, 생명연구 및 산업의 기반이 되는 자원을 체계적으로 관리하고 활용을 촉진하기 위해 금년도에 22억원을 투입하여 &lsquo;국가생명자원정보센터&lsquo;를 지정하여 운영한다.□ 한편 난치병 치료를 위한 줄기세포, 친환경 고부가가치의 그린나노기술, 차세대소프트웨어 등 미래 유망신기술 개발을 위해 기존사업 내에서 262억원을 신규로 투입하여 과제를 발굴ㆍ지원한다.&nbsp;&nbsp; ○ 특히 그동안 문제점으로 지적된 신약개발 단계별 연계 미흡을 극복하고 우수 후보물질을 발굴 임상 산업화로 연계하여 글로벌신약으로 개발하기 위해 금년도에 신규로 20억원을 투입하여 &lsquo;전주기적 부처연계 신약개발사업&rsquo;을 복지부, 지경부와 협의하여 추진할 예정이다.□ 금년도에는 특히 원천연구개발의 선진화를 위한 다각적인 제도개선이 이루어질 예정이다. 3P(Paper, Patent, Product)분석을 통한 전략기획을 강화하며, 연구자 역량 및 질적 지표에 의한&nbsp; 평가를 확대(&lsquo;09년 30%&rarr;&rsquo;10년 40%)하는 등 평가제도를 개선하며 다년도 협약체결, 성실실패 용인 제도의 정착 등 연구자 친화적인(Researcher-Friendly) 제도를 보다 더 내실있게 추진할 예정이다.&nbsp;[원천기술개발사업 제도 선진화]&nbsp;&nbsp;&nbsp; 개선 방향&nbsp;(&lsquo;10)추진 내용&nbsp;○ Top-Down연구기획체계 개선&nbsp;○ 평가 및 성과관리 선진화&nbsp;○ 집행관리 강화 등○ 기초연구사업 및 부처간 연계 강화○ 평가자 검증 강화 및 데이터베이스 구축○ 추적평가 활성화를 통한 성과 확산 강화○ 선정평가시 연구자역량 및 질적 평가 강화○ 조기집행 강화를 통한 경기활성화 기여○ 성실 실패 용인 제도의 도입 및 확대 등□ 또한, 경제난국의 극복과 고용창출에 적극 동참하기 위해 2010년 원천기술개발사업 예산 중 2,629억원(74%)을 상반기에 조기 집행할 계획이다.□ 2009년 한해동안 원천기술개발사업은 국내외 SCI 논문 2,711여건,&nbsp; 특허 1,593여건, 기술이전 38건 등 정량적 성과뿐아니라, 세계 최소형 바이오칩 분석시스템, 세계 최초의 건식 CO₂저장 실증공장 시설, 세계 최고수준의 초전도 케이블 등 다수의 원천기술개발 성과를 내는 교과부 대표 연구개발사업이다.□ 원천기술개발사업의 2010년도 시행계획에 대한 세부 사항은 교육과학기술부 홈페이지(www.mest.go.kr) 및 한국연구재단 홈페이지(www.nrf.go.kr)에서 열람할 수 있다&lt;자료문의&gt; ☎ 2100-6835&nbsp; 미래원천기술과 과장 최원호, 사무관 김재신&nbsp;&nbsp;&nbsp;&nbsp;&nbsp;&nbsp;&nbsp;&nbsp;&nbsp;&nbsp;&nbsp;&nbsp;&nbsp;&nbsp;&nbsp;&nbsp;&nbsp;&nbsp;☎ 2100-6654&nbsp; 융합기술팀 팀장 임요업, 사무관 최도영&nbsp;&nbsp;&nbsp;&nbsp;&nbsp;&nbsp;&nbsp;&nbsp;&nbsp;&nbsp;&nbsp;&nbsp;&nbsp;&nbsp;&nbsp;&nbsp;&nbsp; ☎ 2100-6889&nbsp; 연구환경안전팀 팀장 나치수, 사무관 임영남(자료출처 : 교육과학기술부 홈페이지, 보도자료)http://mest.korea.kr/gonews/branch.do;GONEWSSID=CQ2vLP0DqZvtQNhhssdtYBLRNwCkRKzMKTCxhdz2rf2vvrQ0VJ21!-1055509920?act=detailView&amp;dataId=155429538&amp;sectionId=b_sec_2&amp;type=news&amp;currPage=1&amp;flComment=1&amp;flReply=0",2010년 원천기술개발사업 시행계획(안)_1.hwp,http://www.fact.or.kr/action.do?action=farmtech%24file&seq=86&file_seq=1,2010.01.20,이진필,86,"2010년 원천기술개발에 3,549억원 지원, 상반기 74% 집행",408
"첨단유리온실시범사업 사업자&nbsp;공모 공고&nbsp;1. 사업개요&nbsp;&nbsp; - 우선협상 대상지 위치.면적 : 화옹.석물.고흥 등 3개소&nbsp;&nbsp; - 사업내용 : 시설원예 수출작목에 적합한 첨단유리온실 미 선별.가공 등 유통시설이 포함된 시범단지(10.6ha)를 조성하여 경영하는 사업2. 신청자격 및 방법 : 농업법인 또는 2개 이상의 농업법인으로 구성된 연합체(컨소시엄), 농업을 목적으로 한 일반법인 및 대규모농어업회사 사업자도 신청가능3. 공모주체 : 한국농어촌공사4. 공모절차&nbsp; - 사업설명회 개최 : 2010.1.26(화), 15:00&nbsp;&nbsp; 한국농어촌공사 농촌인재개발원 대강강&nbsp; - 사업신청서 접수 : 2010.3.15(월)-3.19(금) 09:00~18:00&nbsp;&nbsp;&nbsp;&nbsp;&nbsp;&nbsp; * 최종일 시한 신청서류 일체를 지참, 접수장소 도착 시점 기준&nbsp;&nbsp;- 접수처 : 한국농어촌공사 녹색사업처(직접 방문접수)\5. 기타사항&nbsp; - 본 공고문의 세부내용, 신청서 및 사업계획서 양식, 우선협상대상지 관할 시군관계자 연락처 등은 첨부파일을 참조하시기 바람.&nbsp; - 문의 : 한국농어촌공사 녹색사업처(031-420-3884)&nbsp;&nbsp; 끝.(자료출처 : 농림수산식품부 홈페이지 보도자료)http://www.mifaff.go.kr/USR/BORD0201/m_156/DTL.jsp?id=B10301010&amp;cate=&amp;key=subject&amp;search=&amp;search_regdate_s=&amp;search_regdate_e=&amp;order=&amp;desc=asc&amp;srch_prc_stts=&amp;pg=1&amp;mode=view&amp;idx=26682&nbsp;",첨단유리온실시범사업공모선정추진계획.hwp,http://www.fact.or.kr/action.do?action=farmtech%24file&seq=85&file_seq=1,2000.01.20,이진필,85,첨단유리온실시범사업 사업자 공모 공고,510
"70세 고령농이 2억원짜리 농지를 담보로 제공하고 농지연금에 가입하면 사망시까지 매달 약 65만원* 정도를 연금으로 받게 될 것으로 보인다.&nbsp;&nbsp;&nbsp;* 예상금액이며 향후 상품모형 설계에 따라 달라질 수 있음&nbsp;&nbsp;※ 농지연금제도 : 고령농에게 농지를 담보로 매달 연금을 지급하여 노후생활안정을 지원하고, 고령농 사망시 그 농지를 처분하여 상환하는 제도&nbsp;○ 또한, 농지연금에 가입한 농업인은 주택연금과는 달리 담보 목적물인 농지를 경작할 수 있고 임대할 수도 있어 실질적으로 주택연금 보다 더 많은 수입을 얻을 수 있을 것으로 예상된다.&nbsp;&nbsp;&nbsp;* 70세 고령농이 2억원 상당의 논을 담보로 농지연금 가입시 연금액 65만원/월 외에 벼를 경작할 경우 32만원/월, 임대할 경우 19만원/월 추가 수입&nbsp;○ 즉, 주택연금 가입자는 주택을 활용한 추가 수입 확보에 제한이 있으나, 농지연금은 가입기간 동안 그 농지를 경작하거나 임대할 수 있기 때문에 연금 외에 추가 수입을 얻을 수 있다.&nbsp;농지연금 가입자격은 부부 모두 만 65세 이상이고, 영농경력 5년 이상이며, 소유하고 있는 농지의 총면적이 3만㎡ 이하인 농업인이다.&nbsp;○ 담보로 제공하는 농지는 저당권 등 제한물권이 설정되지 않아야 하며, 압류&middot;가압류&middot;가처분 등의 목적물이 아니어야 한다.&nbsp;○ 농지연금을 받던 농업인이 사망한 경우 그 배우자가 계속하여 연금을 받기를 원하는 경우에는 승계절차를 거쳐 이어서 받을 수 있다.&nbsp;가입자(배우자)가 사망한 경우에는 그 상속인이 그동안 가입자가 받은 연금과 이자를 상환하고 저당권을 해지하거나, 담보농지를 처분하여 회수하게 된다.&nbsp;○ 이 경우 농지연금 상환액은 담보농지 처분가격 범위내로 한정되므로 담보농지를 처분하고 남는 금액이 있으면 상속인에게 돌려주고, 부족한 금액은 상속인에게 청구하지 않는다.&nbsp;농림수산식품부는 농지연금 시행 준비를 위해 금년도 예산 22억원을 확보하고, 상품모형 설계&middot;운영시스템 개발 등을 연내 마무리하여 &lsquo;11년부터 농지연금을 본격 시행할 계획이라고 밝혔다.(자료출처 : 농림수산식품부 홈페이지 보도자료)http://mifaff.korea.kr/gonews/branch.do?act=detailView&amp;type=news&amp;section=b_sec_1&amp;dataId=155429826&nbsp;",농림수산식품부-농지연금 시행.hwp,http://www.fact.or.kr/action.do?action=farmtech%24file&seq=84&file_seq=1,2010.01.19,이진필,84,내년부터 농지연금으로 노후걱정 없앤다,436
"- 농기계임대사업소 166개소로 늘어나 농가 이용편의 기대&nbsp;농림수산식품부는 2010년도 농기계임대사업 대상자로 61개 사업소를 선정하고 총 500억원(국고 250, 지방비 250)의 사업비를 지원한다고 밝혔다.&nbsp;○ 선정된 사업자에 대해서는 개소당 6～12억원을 지원하여 임대용 농기계를 구입하거나, 보관창고 설치, 관리장비 구입 등 농기계임대사업에 필요한 시설?장비를 갖추게 된다.&nbsp;○ &rsquo;10년도 사업자 선정은 사업계획의 적정성, 임대농기계 기종 선정의 타당성, 사후관리 계획 등을 종합적으로 심사하고, 농기계임대사업소의 최초설치 여부, 기 지원액 등을 감안하여 특정지역에 편중 지원되지 않도록 시?군간 형평성을 고려하였다고 농식품부는 밝혔다.&nbsp;이번 사업자 선정으로 &rsquo;03년 시범사업을 시작으로 &rsquo;09년까지 전국 134개소에서 운영하던 농기계임대사업소가 추가로 32개소가 신설되어 166개소로 늘어나게 된다.&nbsp;○ 기존의 임대사업소 29개소는 임대농기계 수요 증가로 시설을 증설하게 됨으로서 그 동안 임대 농기계 부족과 장거리 임대로 인한 농업인들의 불편이 어느 정도 해소되고, 농가들이 농기계를 구입하지 않고 임대하여 사용하게 됨으로서 농가 경영부담도 크게 줄어들 것으로 기대된다.&nbsp;○ 특히, 금년에는 정부의 경제활성화 조치 계획에 따라 예년보다 사업자를 1～2개월 앞당겨 선정함으로서 조기에 임대농기계를 구입하거나 시설을 완공하여 농사철에 농업인들이 임대용 농기계를 활용할 수 있도록 할 계획이다.&nbsp;농기계임대사업은 농기계 구입가격에 비해 연간 사용일수가 극히 적어 이용효율이 떨어지거나, 밭농사의 이식 작업이나 수확작업 등과 같이 타 분야에 비해 농업 기계화율이 낮은 부분의 농기계를 정부가 구입하여 필요한 농가에게 1～3일 동안 단기간 임대하는 사업으로 매년 이용수요가 꾸준히 증가하고 있다.&nbsp;○ 이에 따라 정부에서는 중&middot;장기적으로 농기계임대사업소를 350개까지 확대&middot;설치하여 시&middot;군당 2～3개소의 농기계임대사업소를 운영하도록 할 계획이다.(자료출처 : 농림수산식품부 홈페이지 보도자료)http://mifaff.korea.kr/gonews/branch.do?act=detailView&amp;type=news&amp;section=b_sec_1&amp;dataId=155429821",2010.01.19,이진필,83,2010년도 농기계임대사업 대상자 선정,440,내년부터 농지연금으로 노후걱정 없앤다,436
"농림수산식품부공고 제2010-15호해외자원개발사업법 제11조 및 같은법 시행령 제11조의 규정에 따라 2010년 해외농업개발사업 자금의 융자집행계획 및 사업자 모집을 다음과 같이 공고합니다.2010년 1월 15일농림수산식품부장관2010년 해외농업개발사업 융자계획 및 사업자 모집1. 지원 계획&nbsp;ㅇ 해외농업개발 융자금 : 210억원ㅇ 융자금리 등 : 연리 2%, 3년 거치 7년 균등상환&nbsp;ㅇ 사업자별 지원한도 : 지원대상(사용용도) 소요사업비의 70%를 원칙으로 함. 다만, 사업자별 융자지원 한도액/비율은 예산 규모, 융자 신청 규모를 감안하여 융자심의회에서 결정&nbsp;ㅇ 융자업무 대행기관 : 한국농어촌공사2. 사업대상자&nbsp;ㅇ 해외에서 농&#8228;축산물을 개발하기 위하여 해외자원개발사업법 제5조의 규정에 따라 해외자원개발사업계획을 농림수산식품부 장관에게 신고한 자(이하 &ldquo;해외농업개발사업자&rdquo;라고 함)&nbsp;&nbsp;&nbsp;- &rsquo;10년도는 융자 신청을 하기 전까지 해외자원개발사업계획신고서를 농림수산식품부에 제출&middot;접수한 자도 융자 신청 가능&nbsp;&nbsp;&nbsp;&nbsp;&nbsp;* 해외자원개발사업계획 신고 대상 농&#8228;축산물 : 농업&#8228;농촌 및 식품산업기본법에 의한 농작물재배업 및 축산업으로 생산한 산물(농림수산식품부고시 제2009-332호, 2009.9.14)3. 자격 및 요건&nbsp;ㅇ 해외농업개발사업 경험 및 기반이 축적된 사업자&nbsp;ㅇ 해외농업개발사업자 중 시설 설치 및 농산물 재배 등을 위한 토지를 임차&middot;매입 등의 방법으로 확보하였거나, 현지 기업 지분참여 등이 확정된 자&nbsp;ㅇ 타당한 계획을 수립&#8228;추진하고 있으며, 담보* 제공 능력 등 충분한 사업수행 능력을 갖춘 자&nbsp;&nbsp;&nbsp;&nbsp;* 담보 : 국내담보를 원칙으로 하며, 담보의 종류는 융자업무대행 기관인 한국농어촌공사의 융자관련 세부규정에서 정함&nbsp;&nbsp;&nbsp;&nbsp;&nbsp;&nbsp;&nbsp;&nbsp;- &lsquo;10년은 시중은행 지급보증서와 서울보증보험의 이행 또는 지급보증보험증권으로 한정&nbsp;ㅇ 해당국에서 투자승인을 받은 등 융자 결정 후 바로 사업추진 가능자&nbsp;ㅇ 국내 곡물수급 비상시 반입명령 수용이 가능한 자&nbsp;ㅇ 밀&middot;옥수수&middot;콩 등 국내 농산물과 경합되지 않는 작물 개발자 우선 지원ㅇ 곡물 수출 여력이 있고, 개발도입 잠재력이 크며, 수출이 가능&nbsp; 하도록 제도&middot;기반이 갖추어진 국가 진출자 우선 지원&nbsp;&nbsp;&nbsp;&nbsp;- 식량 순수입 빈곤국(식량원조수혜 등), 정치적 불안정 등 투자&#8228;국외 여행 등에 우려가 있는 국가 진출자는 원칙적으로 지원 대상에서 제외ㅇ 수급조절, 가격안정 등 공공의 목적을 위해 국가기관(정부사업 대행기관 포함)이 행하는 사업 우선 지원&nbsp;&nbsp;※ 농업법인의 경우 &ldquo;농림수산업 실시규정(훈령 제1291호) 제48조(농수산법인의 지원요건 및 사후관리기준)에서 규정한 별표4의 농수산법인 지원요건&rdquo;에 적합하지 않은 자는 지원대상에서 제외4. 융자금의 사용용도&nbsp;ㅇ 농산물 생산에 필요한 농기계 구입, 부대시설 설치에 필요한 비용 및 영농비(종자대&middot;비료대&middot;농약대/농장형)&nbsp;ㅇ 농산물 유통에 필요한 건조&#8228;저장&#8228;가공 등에 소요되는 비용(유통형)&nbsp;&nbsp;&nbsp;&nbsp;* 토지의 임차, 매입 등에 소요되는 비용은 융자지원 대상금에서 제외&nbsp;ㅇ 농장형, 유통형의 해외현지 법인 지분참여 비용 등&nbsp;&nbsp;※ 융자금 용도 세부내역은 대상자 선정 후 융자약정체결시 융자대행기관인 한국농어촌공사와 협의&middot;확정5. 융자 신청 접수 및 융자지원액&nbsp;ㅇ 융자신청 접수 기간 및 융자금 지원 총액구 분접수기간융자금지원총액비 고상반기 사업자&lsquo;10. 2.1&sim;2.17145억원&nbsp;하반기 사업자&lsquo;10.6.14&sim;6.26&nbsp;65억원&nbsp;&nbsp;&nbsp;&nbsp;&nbsp;* 정부예산배정, 융자수요 등에 따라 지원계획 변경 가능&nbsp;ㅇ 신청서 양식 및 작성 요령 등은 한국농어촌공사 해외농업개발 홈페이지(http//oai.ekr.or.kr/ekr/oai.html)를 참조&nbsp;ㅇ 접수기관 및 문의처 : 한국농어촌공사 해외사업추진단( 031-420-4202)&nbsp;&nbsp;&nbsp;- 주소 : 경기도 의왕시 안양판교로 30, 한국농어촌공사 해외사업추진단, 우편번호 437-703&nbsp;&nbsp;&nbsp;&nbsp;&nbsp;&nbsp;* 토요일&middot;일요일 및 공휴일은 접수하지 않으며, 우편접수는 접수기간 마지막일 18:00(한국시간)까지 도착분에 한함6. 융자대상자 결정 및 통보 등&nbsp;ㅇ 융자대상자 결정은 관계전문가로 구성된 융자심의회의 심의를 거쳐 결정&nbsp;&nbsp;&nbsp;- 융자대상자 선정을 위해 필요시에는 관계전문가가 현지확인을 할 수 있음&nbsp;ㅇ 결정여부 통보는 개인별로 통보할 예정임&nbsp;ㅇ 선정절차① 공 고&rArr;②융자신청 접수&rArr;③융자대상자 선정&rArr;④융자약정체결/지급농식품부,&nbsp;농어촌공사&nbsp;농어촌공사&nbsp;융자심의회*&nbsp;융자대상자, 농어촌공사&nbsp;&nbsp;&nbsp;&nbsp;* 융자심의는 1차 서류심사, 2차 서류심사 합격자에 대한 면담으로 진행&nbsp;&nbsp;&nbsp;&nbsp;&nbsp;&nbsp;- 면담은 사업계획 설명, 질의&#8228;응답으로 이루어질 예정&nbsp;ㅇ 융자금 지급방법 : 사업진도에 따라 분기별 지급을 원칙으로 함7. 기타사항&nbsp;ㅇ 본 안내서에 기재되지 않은 사항은 농림수산식품부 및 한국농어촌공사가 별도로 정한 기준에 따름&nbsp;ㅇ 융자신청자는 융자심사와 관련한 자료 요청, 현지확인 등에 성실히 협조하여야 함&nbsp;&nbsp;&nbsp;- 자료를 제출하지 않거나 현지 확인 등에 협조하지 않을 경우 융자대상 심사에서 제외&nbsp;ㅇ 융자목적에 맞지 않도록 사용하면 융자금은 회수 조치되며, 해외자원개발계획신고서의 내용과 다르게 사업을 추진할 경우 해외자원개발사업법에 의하여 처벌받을 수 있음&nbsp;ㅇ 융자대상자 결정 후, 융자대상자의 담보제공 등 융자절차를 거쳐 융자금을 지원할 예정으로 융자대상자 선정과 동시 융자금을 지원하는 것은 아님&nbsp;&nbsp;&nbsp;&nbsp;- 융자 신청 후 융자결정 금액이 다를 경우 사업계획서(변경)를 제출&nbsp;ㅇ 신용조사 등 사업신청에 필요한 경비는 신청자 부담&nbsp;ㅇ 사업계획서는 한글파일로 작성, 편철하지 않을 것&nbsp;ㅇ 구비서류 중 미비한 사항이 있는 경우 접수를 하지 않으며, 제출된 서류는 일체 반환하지 않음.&nbsp;ㅇ 심의결과 등에 대하여 일체의 이의신청을 할 수 없음(자료출처 : 농림수산식품부 홈페이지 보도자료)&nbsp;http://www.mifaff.go.kr/USR/BORD0201/m_156/DTL.jsp?id=B10301010&amp;cate=&amp;key=subject&amp;search=&amp;search_regdate_s=&amp;search_regdate_e=&amp;order=&amp;desc=asc&amp;srch_prc_stts=&amp;pg=1&amp;mode=view&amp;idx=26672",2010년 농림수산식품부 해외농업개발 융자사업자모집.hwp,http://www.fact.or.kr/action.do?action=farmtech%24file&seq=82&file_seq=1,2010.01.19,이진필,82,2010년 해외농업개발사업 융자계획 및 사업자 모집 공고,444
본 보고서는 국가연구개발 특허기술동향조사 사업으로 한국특허정보원에서 전담하여 안소영 국제특허법률사무소에서 수행한 &quot;기능성 물질&quot; 관련 특허동향 및 조사분석 보고서입니다.?,20091231_기능성물질(안소영특허사무소).pdf,http://www.fact.or.kr/action.do?action=farmtech%24file&seq=81&file_seq=1,2010.06.03,이진필,81,기능성 물질,296
본 보고서는 국가연구개발 특허기술동향조사 사업으로 한국특허정보원에서 전담하여 비아글로벌(주)에서 수행한 &quot;그린 바이오 기술 기반 작물보호제 개발&quot; 관련 특허동향 및 조사분석 보고서입니다.?,20091231_그린바이오기술기반작물보호제개발(비아글로벌).pdf,http://www.fact.or.kr/action.do?action=farmtech%24file&seq=80&file_seq=1,2010.06.03,이진필,80,그린 바이오 기술 기반 작물보호제 개발,307
본 보고서는 국가연구개발 특허기술동향조사 사업으로 한국특허정보원에서 전담하여 노벨 국제특허법률사무소에서 수행한 &quot;곤충 자원 산업화&quot; 관련 특허동향 및 조사분석 보고서입니다,20091231_곤충자원산업화(노벨특허사무소).pdf,http://www.fact.or.kr/action.do?action=farmtech%24file&seq=79&file_seq=1,2010.06.03,이진필,79,곤충 자원 산업화,318
본 보고서는 국가연구개발 특허기술동향조사 사업으로 한국특허정보원에서 전담하여 아이피아이에서 수행한 &quot;가축 분뇨 처리기술&quot; 관련 특허동향 및 조사분석 보고서입니다,20091231_가축분뇨처리기술(발행일_20091231).pdf,http://www.fact.or.kr/action.do?action=farmtech%24file&seq=78&file_seq=1,2010.06.03,이진필,78,가축 분뇨 처리기술,364
본 보고서는 국가연구개발 특허기술동향조사 사업으로 한국특허정보원에서 전담하여 21세기 국제특허법률사무소에서 수행한 &quot;농기계용 디젠엔지&quot; 관련 특허동향 및 조사분석 보고서입니다,20081231_농기계용디젤엔진(21세기특허사무소).pdf,http://www.fact.or.kr/action.do?action=farmtech%24file&seq=77&file_seq=1,2010.06.03,이진필,77,농기계용 디젤 엔진,354
본 보고서는 국가연구개발 특허기술동향조사 사업으로 한국특허정보원에서 전담하여 21세기 국제특허법률사무소에서 수행한 &quot;천연물신약 특허동향&quot; 관련 특허동향 및 조사분석 보고서입니다,20071231_천연물신약특허동향(21세기특허사무소).pdf,http://www.fact.or.kr/action.do?action=farmtech%24file&seq=76&file_seq=1,2010.06.03,이진필,76,천연물 신약 특허동향,404
본 보고서는 국가연구개발 특허기술동향조사 사업으로 한국특허정보원에서 전담하여 그린국제특허법률사무소에서 수행한 목질계 바이오매스 관련 특허동향 및 조사분석 보고서입니다,20071231_바이오(목질계바이오매스)분야(그린특허사무소).pdf,http://www.fact.or.kr/action.do?action=farmtech%24file&seq=75&file_seq=1,2010.06.03,이진필,75,바이오(목질계 바이오매스) 분야 특허동향,445
한식 세계화/전통식품 산업화,20091231_한식세계화_전통식품산업화(윕스).pdf,http://www.fact.or.kr/action.do?action=farmtech%24file&seq=74&file_seq=1,2010.06.03,이진필,74,한식 세계화/전통식품 산업화,479
"농식품부는 공적개발원조(ODA : Official Development Assistance) 사업으로 2009년부터 올해까지 216백만원을 들여 몽골 울란바트르 및 할흐골 지역의 낙농발전을 위한 기술 및 경영 컨설팅을 지원하고 있다고 밝혔다.물이 귀한 몽골에서는 우유가 식수대용으로 활용될 뿐만 아니라 다양한 유제품에 사용되고 있어 그 수요가 많다. 그러나, 젖소의 우유 생산량이 매우 낮아 품종 개량과 사료급여 체계 등 낙농기술의 개선이 절실한 상황이다.이를 개선하기 위해 농식품부는 국내산 우수 젖소 정액 및 기자재를 지원하여 인공수정을 시술하고, 대학 관계자와 주민들에게도 관련 기술을 전수할 뿐만 아니라 번식, 육종, 사료, 경영관리 등 낙농과 관련한 종합 컨설팅을 지원하고 있다.사업 1차 년도(&lsquo;09년도)에 인공수정을 한 48마리의 젖소가 82%의 높은 임신율을 나타내면서 송아지를 생산한 것을 본 지역 농민들이 동 사업에 참여를 적극적으로 희망하여 2차 년도에는 66마리의 젖소에 인공수정이 시술되었다.금년에는 몽골현지 사료성분 분석을 통한 적합한 영양소 급여기준을 설정하고, 우유생산 농가의 수입분석을 통한 경영컨설팅 등을 실시할 계획이다.몽골의 울란바트르 인근 지역에서 소규모 낙농업을 경영하고 있는 바타르(43세) 씨는 금번 사업에 참여한 이후 개량된 젖소에서 짠 우유를 시장에 팔아 돈도 벌고, 영양이 풍부한 우유를 아이들에게도 마음껏 먹일 수 있게 되었다며, 앞으로 실습교육 등에도 적극 참여할 계획이다.농식품부 국제개발협력과장 주원철 과장은 &ldquo;이 사업을 통해 몽골 축산업 생산성이 증대되어 몽골 주민들의 영양 상태를 개선하고, 농가소득을 향상시키는 동시에 향후 국내 유가공 관련 민간기업 진출에 적합한 환경을 조성하는 데에도 기여할 것으로 기대한다.&rdquo;고 밝혔다. (2011.07.31. 농림수산식품부 홈페이지 보도자료)http://www.mifaff.go.kr/gonews/content_view.jsp?newsid=155441322&amp;section_id=b_sec_1",몽골 낙농산업 발전을 위한 컨설팅.hwp,http://www.fact.or.kr/action.do?action=farmtech%24file&seq=73&file_seq=1,2011.08.02,박병도,73,몽골에 한국 낙농기술을 심다,496
"농림수산식품부는 7월 29일 「농업교육이 농업경영체 성공에 미치는 영향 실증분석」의 최종보고회를 개최하고 농가소득과 농업교육간의 상관관계를 발표하였다.현재 운영되고 있는 교육프로그램 및 교육시간을 기준으로 볼 때, 2009년도 1시간의 농업교육 수강은 2010년에 약 10만원의 소득증대 효과가 있는 것으로 나타났다.&nbsp; ※ 최근 3년간의 농업교육 효과를 분석한 결과 농업교육에 참여한 농가들의 경우 농업교육 이수 후의 평균 소득증가율은 17.54%로 나타남.&nbsp; ※ 고소득 농가의 경우 1 시간의 농업교육시간은 약 16만원~18만원의 소득 증대효과가 발생한 반면 중&middot;저소득 농가의 경우 소득효과는 상대적으로 적어 1시간의 농업교육 효과는 약 4만원~5만원 수준으로 나타남.&nbsp;교육의 효과는 농가의 소득수준에 따라 다르게 나타남으로써 맞춤형 농업교육이 필요한 것으로 나타났다.&nbsp; ※ 품목별 분석 결과 식량작물과 채소류의 경우 1시간의 교육은 각각 12만원, 13만원 수준의 소득상승효과가 있는 것으로 나타났으나, 축산물과 과일류에서는 특정한 효과가 나타나지 않음.&nbsp; ※ 소득 증대에 중요한 교육 프로그램은 &middot;주요작목 생산 지식 및 기술 습득 과정, &middot;농업 정책 동향 과정, &middot;조직문화, 공동체 문화과정 &middot;인터넷 및 컴퓨터 활용능력 과정, &middot;영농관련 자격증 취득과정의 5개가 소득증대효과가 있는 것으로 나타남최소교육시간이 40시간 이상이 되어야 농업교육이 소득증가에 효과가 있는 것으로 나타나 교육시간과 교육과정 조정의 필요성이 제기되었다.&nbsp; ※ 1시간-40시간 교육은 소득 증가의 효과가 거의 없는 것으로 나타나, 단기 단발성 교육과정을 과감하게 폐지하고 체계적이며 중장기적 교육과정으로 재편하는 것이 바람직함. 소득효과가 가장 높은 교육시간은 41시간-90시간으로 나타나 소득효과를 극대화하는 적정교육시간이 존재함&nbsp;이 조사결과에 따라, 농림수산식품부에서는 농업인들의 소득을 체계적으로 증대시키기 위한 농업교육 프로그램 중장기 로드맵을 마련할 계획이다.&nbsp;○ 첫째, 가급적 많은 농업인들이 농업교육에 참여할 수 있도록 유도하는 것이 중요함으로 홍보를 통해 농가의 교육참가를 증가시키고&nbsp;○ 둘째, 품목별&middot;소득수준별&middot;교육과정별 적정교육시간을 파악하여 맞춤형 교육과정으로 재편&middot;개발함으로써 농업교육의 효과를 극대화하며&nbsp;○ 셋째, 평가를 통하여 교육 효과를 높이고, 세부교육과정 운영 효율성을 높이기 위하여 전문인력 양성 등을 지속적으로 지원해 나갈 계획이다.&nbsp;분석을 위한 실태조사는 전국의 농업경영체를 대상으로 통계전문조사기관을 활용하여 실시되었다. 조사 표본은 지역별 소득별 비중을 고려하여 임의할당추출법을 적용한 1,010명을 조사한 결과이다.&nbsp;&nbsp;※「농업교육이 농업경영체 성공에 미치는 영향 실증분석」연구 책임자 : 전남대학교 농업경제학과 서종석교수(2011.07.29. 농림수산식품부 홈페이지 보도자료)http://www.mifaff.go.kr/gonews/content_view.jsp?newsid=155441320&amp;section_id=b_sec_1",농업교육과 성과.hwp,http://www.fact.or.kr/action.do?action=farmtech%24file&seq=72&file_seq=1,2011.08.02,박병도,72,1주일의 농업교육 수강은 약 400만원의 소득 증대효과 발생,496
"농림수산식품부는 「농어업경영체 육성 및 지원에 관한 법률」에 의해 설립된 농업법인(영농조합법인 및 농업회사법인)에 대한 전국적인 운영 실태조사를 시행한다고 한다.&nbsp;전국 시&middot;군(자치구 포함)별로 관할 등기소 등 행정기관의 협조를 받아 장기 미운영, 설립 목적과 취지에 반한 위법 운영사례, 설립 요건 충족여부, 농림수산정책사업 지원여부 및 사후관리 등 주요 운영실태를 조사한다.&nbsp;※ 조사 근거 : 농어업경영체 육성 및 지원에 관한 법률 제20조(농업법인 및 어업법인의 지원 등) 제2항 및 제3항&nbsp;- 주요 내용 : 시장？군수 또는 구청장은 농어업법인 운영실태 등에 대한 조사를 위하여 필요한 경우 등기소와 그 밖의 관계 행정기관에 무료로 필요한 서류를 요청할 수 있음.&nbsp;* 필요시 시&middot;군 담당 공무원의 무료 등기열람도 가능 일제 조사결과 불법, 장기 미운영법인에 대해서는 자진해산 권고 또는 법원에 해산 청구를 할 예정이다.&nbsp;* 해산 요청 근거 : 「농어업 경영체 육성 및 지원에 관한 법률」 제16조제4항 및 제19조제5항에 의해 상법 제176조를 준용하여 해산청구 가능또한 농업법인에 대한 경영정보의 등록 및 운영을 지속적으로 보완함으로써 체계적이고 투명한 관리 기반을 마련한다동시에 농업법인의 협업적&middot;기업적 경영체로서의 육성과 안정&nbsp; 적인 소득증대를 위한 각종 지원책과 연계하는 방안도 마련할 계획이다..(2011.07.29., 농림수산식품부 홈페이지 보도자료)&nbsp;http://www.mifaff.go.kr/gonews/content_view.jsp?newsid=155441319&amp;section_id=b_sec_1",농업법인 일제점검 보도자료.hwp,http://www.fact.or.kr/action.do?action=farmtech%24file&seq=71&file_seq=1,2011.08.02,박병도,71,농업법인(영농조합법인 및 농업회사법인)에 대한 「전국적 운영실태 조사」실시,363
"농림수산식품부 공고 제2011-305호&nbsp;&nbsp;&nbsp;&nbsp;&nbsp;&nbsp; 농림수산식품 분야 우수실용기술의 발굴&middot;보급&middot;확산을 촉진하고, 기술의 사업화에 기여하고자 다음과 같이 우수실용기술평가 시범사업 추진을 공고합니다.&nbsp;&nbsp;&nbsp;&nbsp;&nbsp;&nbsp;&nbsp;&nbsp;&nbsp;&nbsp;&nbsp;&nbsp;&nbsp;&nbsp;&nbsp;&nbsp;&nbsp;&nbsp;&nbsp;&nbsp;&nbsp;&nbsp;&nbsp;&nbsp;&nbsp;&nbsp;&nbsp;&nbsp;&nbsp;&nbsp;&nbsp;&nbsp;&nbsp;&nbsp;&nbsp;&nbsp;&nbsp;&nbsp;&nbsp;&nbsp;&nbsp;&nbsp;&nbsp;&nbsp;&nbsp;&nbsp;&nbsp;&nbsp;&nbsp;&nbsp;&nbsp;&nbsp;&nbsp;&nbsp;&nbsp;&nbsp;&nbsp;&nbsp;&nbsp;&nbsp;&nbsp;&nbsp;&nbsp;&nbsp;&nbsp;&nbsp;&nbsp;&nbsp;&nbsp;&nbsp;&nbsp;&nbsp;&nbsp;&nbsp;&nbsp;&nbsp;&nbsp;&nbsp;&nbsp;&nbsp;&nbsp;&nbsp;&nbsp;&nbsp;&nbsp;&nbsp;&nbsp;&nbsp;&nbsp;&nbsp;&nbsp;&nbsp;&nbsp;&nbsp;&nbsp;&nbsp;&nbsp;&nbsp;&nbsp;&nbsp;&nbsp;&nbsp;&nbsp;&nbsp;&nbsp;&nbsp;&nbsp;&nbsp;&nbsp;&nbsp;&nbsp;&nbsp;&nbsp;&nbsp;&nbsp; &nbsp;&nbsp;&nbsp;&nbsp;&nbsp;&nbsp; 2011년 7월 11일농림수산식품부장관&nbsp;1.&nbsp; 목적&nbsp;□ 농림수산식품 분야 우수 신기술 평가·인증제도의 도입·정착을 통해 농림수산식품 분야 우수실용기술의 발굴&middot;보급&middot;확산을 촉진하고, 기술의 사업화에 기여&nbsp;&nbsp; - 금번 시범사업(우수실용기술평가)을 통해 농림수산식품 분야 신기술 인증제도(본사업) 시행에 대비(시범사업의 추진 결과는&nbsp; 향후 문제점 도출 및 개선대책 마련 등을 통해 환류)&nbsp;2. 신청자격&nbsp;□ 농림수산식품 분야 우수실용기술을 보유한 법인·사업자 또는 개인&nbsp;3. 평가대상&nbsp;□ 국내 신기술 및 개량기술, 외국도입 개량기술로서 산업재산권을 보유한 기술&nbsp;&nbsp; - 접수일을 기준으로 개발이 완료된 기술로서 향후 2년 이내에 상용화가 가능한 기술에 한함&nbsp;4. 평가분야&nbsp;□ ①기계·설비·자재산업 ②종자산업 ③기후변화대응/환경생태 ④재해·질병방제 ⑤바이오에너지 ⑥융복합, 정보기술&nbsp;&nbsp;&nbsp; * 금번 시범사업에서는 농림수산식품 7대 산업분야 20개 세부부문 중에서 6개 부문을 우선시행하고, 향후 본 사업 시행시 평가대상 분야(부문)의 확대 검토5. 평가기준&nbsp;□ (서류심사) 신규성·진보성·현장 적용성에 대해 심사&nbsp;□ (현장조사) 신청인, 신청기술, 신청기술 적용 제품 및 서류심사시 지정한 내용을 조사하여 그 결과를 종합심사에 제출&nbsp;□ (종합심사) 인증필요성 및 인증시 파급효과를 전반적으로 평가하여 종합결과 도출6. 평가절차&nbsp;□ (서류심사) 신규성·진보성·현장 적용성 평가 및 향후 평가 분류&nbsp;□ (현장조사) 기술 개발현장 및 적용제품 사업장 등 현지조사(필요시)&nbsp;□ (성능·성분 분석) 공인 시험분석기관에 신청기술 심사(필요시)&nbsp;□ (종합심사) 우수실용기술 여부 최종 판정&nbsp;&nbsp;&nbsp; * 종합심사를 통과한 기술을 대상으로 30일 이상 공고하여 이해관계인 의견조회 절차를 거쳐 평가의 투명성과 객관성 확보[우수실용기술 시범사업 평가 절차]7. 시범사업 평가결과 조치&nbsp;□ 시범사업을 통해 우수실용기술로 평가된 기술은 향후 신기술 인증제도(본사업)가 시행될 경우, 시행공고 6개월 이내 접수시 서류심사, 현장조사를 거치지 않고, 종합심사를 받을 수 있도록 우대조치&nbsp;8. 심사 수수료&nbsp;□ 금번 시범사업에서는 평가 수수료를 면제&nbsp;&nbsp;&nbsp; * 다만, 서류심사 결과에 따라 신청기술에 대한 성능？성분 분석 등을 통해 입증이 필요한 사항이 있는 경우에는 그 비용은 신청자 본인이 부담9. 공고 및 접수 &nbsp;□ 공고기간 : 2011. 7. 11 ~ 8. 9&nbsp;□ 접수기간 : 2011. 8. 3 ~ 8. 9, 18:00까지&nbsp;□ 접수방법 : 농림수산식품기술기획평가원(www.ipet.re.kr)의 접수 시스템에 접속하여 수행&nbsp;□ 접수(제출) 서류&nbsp;&nbsp; - 별지 제1호의 우수실용기술평가 신청서(내려받기) &nbsp;&nbsp; - 별지 제2호의 신청기술 설명서(내려받기)&nbsp;&nbsp; - 산업재산권 등록증 사본&nbsp;&nbsp; - 사업자등록증 사본(사업자인 경우) &nbsp;&nbsp; - 주민등록등본(개인인 경우) 또는 법인등기부등본(법인인 경우)&nbsp;&nbsp;&nbsp; * 각 자료는 한글문서 1개로 통합하여 제출하고, 직(날)인이 있는 서류？증빙자료는 스캔하여 첨부10. 문의처 &nbsp;□ 농림수산식품기술기획평가원 성과관리실&nbsp;&nbsp; - 전화번호 : (031) 420-6771, (031) 420-6772(2011.07.11. 농림수산식품부 홈페이지 공지&middot;공고)http://www.mifaff.go.kr/list.jsp?id=27845&amp;pageNo=1&amp;NOW_YEAR=2011&amp;group_id=3&amp;menu_id=123&amp;link_menu_id=123&amp;division=B&amp;board_kind=C&amp;board_skin_id=C2&amp;parent_code=58&amp;link_url=&amp;depth=2&amp;code=top&amp;link_target_yn=&amp;menu_introduction=&amp;menu_name=&amp;popup_yn=&amp;reference=&amp;tab_yn=N",농림수산식품우수실용기술평가시범사업설명자료.hwp,http://www.fact.or.kr/action.do?action=farmtech%24file&seq=70&file_seq=1,2011.07.19,박병도,70,우수실용기술평가 시범사업 공고,394
"농림수산식품부 공고 제2011-300호2011년도 생명산업기술개발사업 신규 기획과제 시행계획 재공고농림수산식품부 공고 제2011-23호('11.1.28)에 따라 공모한 결과 연구팀이 미선정된 4개 주제에 대해 붙임과 같이 재공고합니다.2011년 7월 11일농림수산식품부 장관(2011.07.11. 농림수산식품부 홈페이지 공지&middot;공고)&nbsp;http://www.mifaff.go.kr/list.jsp?id=27846&amp;pageNo=1&amp;NOW_YEAR=2011&amp;group_id=3&amp;menu_id=123&amp;link_menu_id=123&amp;division=B&amp;board_kind=C&amp;board_skin_id=C2&amp;parent_code=58&amp;link_url=&amp;depth=2&amp;code=top&amp;link_target_yn=&amp;menu_introduction=&amp;menu_name=&amp;popup_yn=&amp;reference=&amp;tab_yn=N",2011년 생명산업기술개발사업 신규 기획과제 시행계획.hwp,http://www.fact.or.kr/action.do?action=farmtech%24file&seq=69&file_seq=1,2011.07.19,박병도,69,2011년도 생명산업기술개발사업 신규 기획과제 시행계획 재공고,393
"대한상공회의소는 14일 지역 특산물 등을 활용해 창업하는 사업주에게 자금과 컨설팅을 제공하는 '내고장 창업아이템' 지원사업을 한다고 밝혔다. 대한상의는 18일부터 8월 2일까지 우수 창업아이템을 공모해 당선자 20명에게 각각 2천만원(정부지원금)을 주고, 창업과정에서 겪는 각종 애로사항을 상담하는 컨설팅사업도 병행한다. 자세한 사항은 대한상의 홈페이지(www.korcham.net)를 참조하거나 지역협력팀(☎02-6050-3864~5)으로 문의하면 된다.(후략) (2011.07.14. 연합뉴스)http://news.naver.com/main/read.nhn?mode=LSD&amp;mid=sec&amp;sid1=101&amp;oid=001&amp;aid=0005162466",2011.07.15,박병도,68,대한상의 '내고장 창업아이템' 지원사업,418,2011년도 생명산업기술개발사업 신규 기획과제 시행계획 재공고,393
"7월1일부터 8월1일까지 ？2011 우수 쌀가공제품 TOP10？ 신청을 받는다. 신청받은 제품에 대해서는 3차에 걸쳐 엄격한 심사로 11월중 최종 TOP10 제품을 선정할 계획이다.신청은 우수쌀가공제품 TOP10 홈페이지(www.ricetop10.com)에서 받고 있다선정대상은 시판 쌀가공제품으로써 쌀함량이 최소 30% 이상이고, 쌀 소비 확대가능성이 인정되는 제품이다.&nbsp;선정분야는 떡류, 면류, 빵류, 과자류, 조미식품류, 전분？당류, 아이스크림류, 곡물가공류, 도시락류, 주류？음료류 등 10개 분야이다？우수쌀가공제품TOP10？은 농림수산식품부(장관 서규용)가 후원하고 (사)한국쌀가공식품협회(회장 신영철)가 주관하여 쌀가공식품산업의 활성화를 위해 2008년부터 우수한 쌀가공제품을 발굴？선정하여 홍보와 판로지원을 함으로써 생산자에게 고품질의 상품개발을 유도하고, 소비자에게는 믿고 찾을 수 있는 우수한 쌀 가공제품의 정보를 제공하고 있다.동 사업을 통해 선정되었던 우수쌀가공제품은 선정전과 비교하여 볼 때 브랜드 인지도가 향상되어 &lsquo;09년 TOP10제품의 경우 &rsquo;10년 매출액이 전년동기 대비 27% 증가 하는 등의 성과를 거두어 ？우수쌀가공제품 TOP10？선정사업이 쌀소비 확대에 일조를 하고 있는 것으로 나타났다.특히, &lsquo;11년부터는 선정제품에 대하여 단순？단발적인 마케팅 지원에서 벗어나 직접적인 판매 통로가 구축될 수 있는 대형마트 및 온라인 쇼핑몰을 통한 판매마케팅이 지원될 계획이다.&nbsp;또한, 10개 선정업체에는 농림수산식품부 장관상을 수여하여 생산업체의 참여의지를 높이는 등 「우수쌀가공제품TOP10」을 통해 쌀 소비촉진을 더욱 확산하는 계기가 될 것으로 기대된다.(2011.07.06. 농림수산식품부 홈페이지 보도자료)http://www.mifaff.go.kr/gonews/content_view.jsp?newsid=155441135&amp;section_id=b_sec_1&nbsp;",8월1일까지 2011 우수쌀가공제품 TOP10 선정.hwp,http://www.fact.or.kr/action.do?action=farmtech%24file&seq=67&file_seq=1,2011.07.11,박병도,67,8월1일까지「2011 우수쌀가공제품 TOP10」신청,400
"□ 「농림수산검역검사본부」(본부장직무대리 이근성, 이하 검역검사본부)는 동물 및 식물위생 R&amp;D기능을 통합한 동식물위생연구부를 신설하여 그동안 분산되었던 연구역량을 결집, 종합적이고 체계적으로 검역？방역기술 개발을 추진하기로 하였다.○ 특히 동식물위생연구부내 식물검역기술개발센터 설치를 계기로 동？식물 질병관리, 검역？검사분야 시험？연구에서 상호협력을 통한 연구역량을 극대화할 수 있을 것으로 기대하고 있다. □ 또한 독성화학과, 동물약품평가과를 동식물위생연구부로 이관하여 축산식품 안전성관리 기술개발, 동물용의약품 품질 관리 및 표준화 연구 업무 등을 통합함으로써 질병방제는 물론 체계적인 축산식품 안전서비스 제공과 우수하고 안전한 동물용 의약품 개발을 위한 연구를 본격적으로 추진하게 된다. □ 이와함께 국가재난형 가축질병에 대하여 선제적인 연구개발을 추진하고 동시에 가축질병 대응능력을 향상시키기 위하여 동식물위생연구부내에 구제역관련 연구부서를 신설한 바 있다. ○ 새롭게 출범하는 구제역진단과는 구제역 진단？예방 및 방역기술 연구, 구제역 청정화 기술개발을 강화함으로써 재발방지 및 청정국지위 획득을 위한 기반조성에 크게 기여할 것으로 예상하고 있다. □ 향후 「검역검사본부」는 동？식물 위생분야 R&amp;D를 차질없이 추진하기 위하여 연구기획 및 통합조정 기능을 강화하고 과제 제안단계 부터 종료시까지 전주기적 성과관리 체계를 가동하여 개발기술의 실용화 확산에 주력할 예정이다. ○ 이를 계기로 동？식물 질병방역, 검역？검사, 축산식품 위생 및 동물용의약품 관리 분야에서 보다 과학적이고 양질의 기술서비스가 가능해질 것으로 기대하고 있다.(2011.07.07, 농림수산식품부 홈페이지 보도자료)http://www.mifaff.go.kr/gonews/content_view.jsp?newsid=155441153&amp;section_id=b_sec_1",농림수산검역검사본부 동식물 위생기술 RnD 확대.hwp,http://www.fact.or.kr/action.do?action=farmtech%24file&seq=66&file_seq=1,2011.07.11,박병도,66,동식물 위생기술 R&D 확대,423
"양일선 연세대학교 교학부총장이 정운천(前농림수산식품부장관) 전(前) 이사장에 이어 한식재단의 새로운 이사장으로 선임되었다.？ 한식재단은 6일 이사회를 열고, 식품영양학계와 외식경영학계의 대표적인 전문가로서 그동안 한식세계화에 열정을 기울여 온 양일선 부총장을 재단의 새로운 이사장으로 선임하였다. ？ 양일선 이사장은 그동안 대한가정학회 회장, 한국식생활문화학회 회장, 한국외식경영학회 자문, 대한영양사협회 회장 등을 역임하면서 국민 식생활 증진과 외식산업 진흥에 기여한 공로를 인정받아 2006년 대한민국 국민훈장모란장을 수상한 바 있는 우리나라의 대표적인 한식 전문가로서,？ 특히, 2009년 5월 민관합동의 한식세계화 정책자문 기구로 출범한 &ldquo;한식세계화추진단&rdquo; 공동단장(정부측 단장 농림수산식품부&middot;문화체육관광부 장관)으로 활동하면서 한식세계화사업의 초석을 놓은 것으로 평가받고 있다.양일선 이사장은 &ldquo;국민의 사랑을 듬뿍 받고 있는 우리 한식의 진흥과 세계화사업에 헌신하게 되어 기쁜 마음과 함께 무거운 책임감을 느낀다&rdquo;며, ？ &ldquo;전문가, 협회 등 유관기관과 협력하면서 한식세계화사업의 새로운 도약을 이루어 내겠다&rdquo;는 포부를 밝혔다.한식재단은 2010년 3월 한식세계화를 위한 민간 전문기구로 설립되었으며, ？ 그동안 한식세계화사업 추진을 위한 중심기관으로서 농수산물유통공사(해외한식당협의체 운영 등) 등과 함께 국내외 한식 홍보와 해외 우수 한식당 추천제 사업 등 정부의 한식세계화 사업을 수행해 왔다.(2011.07.07, 농림수산식품부 홈페이지 보도자료)http://www.mifaff.go.kr/gonews/content_view.jsp?newsid=155441159&amp;section_id=b_sec_1","한식재단, 신임 이사장에 양일선 연세대 부총장 선임.hwp",http://www.fact.or.kr/action.do?action=farmtech%24file&seq=65&file_seq=1,2011.07.11,박병도,65,"한식재단, 신임 이사장에 양일선 연세대 부총장 선임",486
"□ 국립 한국농수산대학(총장 배종하, 이하 한농대)은 8일(금) 2012학년도 신입생 수시모집 계획을 밝히고, 미래 농수산업을 이끌어갈 차세대 지도자 선발에 나섰다.□ 2012학년도 한농대 수시모집은 입학사정관 전형과 일반전형으로 진행하며, 이번 수시모집으로 신입생 선발정원(330명)의 70%인 231명(입학사정관 33명, 일반 198명)을 선발한다.○ 2011학년도 수시모집에서 한농대는 정원의 65%인 216명의 신입생을 선발했으나, 올해 수시는 지난해 보다 5%(15명) 늘린 231명을 선발한다.※ 2012학년도 정시모집에서 99명 선발□ 특히, 2012학년도 수시모집은 지난해와 다르게 입학사정관 전형의 자격조건을 영농？영어기반에서 농수산계 고등학교와 농？어촌 지역 소재 고등학교 졸업(예정)자로 변경했고, 학생부 평가과목을 전 과목에서 국어？영어？수학？사회？과학으로 개선하고 미달인원에 대해 정시로 이월해 선발하던 것을 예비후보자를 선정해 선발하는 방법으로 변경했다.□ 또한, 여성우선선발제를 폐지하는 대신에 가산점 2점을 부여하며, 그동안 학교방문과 인터넷으로 접수받던 입학원서를 인터넷 원서 접수 대행사로 일원화해 수시모집의 편의를 제공한다.○ 원서접수 대행기관 : (주)진학사(www.jinhakapply.com), (주)유웨이중앙교육(www.uwayapply.com)□ 입학사정관 전형은 총 3단계에 걸쳐 진행하며, 8월 8일(월)부터 17일(수)까지 10일간 인터넷으로 원서를 접수받고 서류전형 합격자에 한해 9월 17일(토)과 18일(일) 양일간 면접평가를 진행하며, 10월 1일(토) 심층면접을 거쳐 10월 6일(목) 최종합격자를 발표한다.○ 지원자격은 농수산계 고등학교 졸업(예정)자나 농어촌지역 소재 고등학교 졸업(예정)자는 누구나 지원 가능하다.○ 입학사정관 전형은 총 33명을 선발하며, 학과별로 식량작물학과 4명, 특용작물학과 6명(약？특전공 3명+버섯전공 3명), 채소학과 4명, 과수학과 4명, 화훼학과 4명(화훼전공 3명+조경전공 1명), 대가축학과 4명, 중소가축학과 4명, 수산양식학과 3명을 선발한다.○ 3단계를 거쳐 신입생을 선발하는 입학사정관 전형은 총 300점 만점으로 1단계 서류평가 100점, 2단계 평가 100점(고등학교 생활기록부 50점 + 입학사정관 면접평가 50점), 3단계 교수면접 평가 100점으로 점수를 구분해 지원자를 선발한다.※ 생활기록부 평가는 국？영？수？사？과로 평가(기본점수 34점)□ 일반전형은 8월 29일(월)부터 9월 9일(금)까지 12일간 원서를 접수받고, 10월 8일(토) 면접을 거쳐 10월 14일(금) 최종합격자 198명을 발표한다.○ 지원자격은 고등학교 졸업(예정)자나 고등학교 졸업 학력 인정 검정고시 합격자, 교육법에 의해 동등 학력이 있다고 인정되는 사람은 누구나 지원 가능하다.※ 특히, 영농？영어기반이 있는 전국 82개 농수산계 고등학교 졸업(예정)자는 학과 모집정원의 22%를 선발하는 우선선발의 자격이 주어지니 놓치지 않길 바란다(학교목록 별첨 3 ～ 5P).○ 선발인원은 학과별로 식량작물학과 24명, 특용작물학과 36명(약？특전공 18명+버섯전공 18명), 채소학과 24명, 과수학과 24명, 화훼학과 24명(화훼전공 15명+조경전공 9명), 대가축학과 24명, 중소가축학과 24명, 수산양식학과 18명을 선발한다.○ 평가항목당 배점은 학교생활기록부 150점(교과성적 120점+출석성적 30점), 영농？영어기반 100점, 면접 50점으로 총 300점 만점이다.※ 교과성적은 기본점수 104점 부여(평가과목 : 국？영？수？사？과)□ 올해 수시모집 역시 지난해와 동일하게 입학사정관제 전형에 지원한 지원자가 일반전형에도 지원할 수 있는 복수지원이 가능하다.○ 2011학년도 수시모집 지원자 995명 중 약 16%인 155명이 복수지원을 했다.□ 배종하 총장은 &ldquo;지난해 수시모집과 달라진 점으로 인해 발생할 수 있는 지원자들의 불편사항을 사전에 막기 위해 &lsquo;찾아가는 입학설명회&rsquo;를 운영하고 있으며, 홈페이지와 페이스북 등 온？오프라인을 통해 지속적으로 홍보에 매진하고 있다&rdquo;고 밝히며, &ldquo;장차 우리나라 농수산업의 미래를 이끌어갈 포부가 있는 학생들의 많은 지원 부탁드린다&rdquo;고 말했다.□ 지난해 한농대의 수시모집 경쟁률은 평균 4.61:1로 나타났고, 입학사정관 전형 5.09:1, 일반전형 4.52:1의 경쟁률을 보였다.○ 입학사정관 전형 : 식량작물학과 4.5:1, 특용작물학과 약？특전공 3.67:1？버섯전공 2.75:1, 채소학과 4.5:1, 과수학과 3.25:1, 화훼학과 4.5:1, 대가축학과 13.75:1, 중소가축학과 6.25:1, 수산양식학과 3:1○ 일반전형 : 식량작물학과 3.68:1, 특용작물학과 약？특전공 4.76:1？버섯전공 3.29:1, 채소학과 3.95:1, 과수학과 3.23:1, 화훼학과 4.95:1, 대가축학과 10.14:1, 중소가축학과 3.27:1, 수산양식학과 2.76:1(2011.07.08, 농림수산식품부 홈페이지 보도자료)http://www.mifaff.go.kr/gonews/content_view.jsp?newsid=155441163&amp;section_id=b_sec_1",2012학년도 한국농수산대학 신입생 수시모집.hwp,http://www.fact.or.kr/action.do?action=farmtech%24file&seq=64&file_seq=1,2011.07.11,박병도,64,“한농대 2012학년도 신입생 수시모집”,509
'닭검정기준' 등 농림수산식품부의 축산관련 최근 고시사항을 붙임과 같이 게재하오니 많은 이용 바랍니다. 1. 닭검정기준 개정고시 2. 돼지검정기준 개정고시 3. 수출입종축등 규격기준 개정고시 4. 종오리 수입신고기관 지정고시 5. 젖소검정기준 개정고시 6. 한우검정기준 개정고시,닭검정기준(2011-114호).hwp,http://www.fact.or.kr/action.do?action=farmtech%24file&seq=63&file_seq=1,2011.07.04,박병도,63,농림수산식품부 축산관련 최근 고시 모음,501
'닭검정기준' 등 농림수산식품부의 축산관련 최근 고시사항을 붙임과 같이 게재하오니 많은 이용 바랍니다. 1. 닭검정기준 개정고시 2. 돼지검정기준 개정고시 3. 수출입종축등 규격기준 개정고시 4. 종오리 수입신고기관 지정고시 5. 젖소검정기준 개정고시 6. 한우검정기준 개정고시,돼지검정기준(2011-115호).hwp,http://www.fact.or.kr/action.do?action=farmtech%24file&seq=63&file_seq=2,2011.07.04,박병도,63,농림수산식품부 축산관련 최근 고시 모음,501
'닭검정기준' 등 농림수산식품부의 축산관련 최근 고시사항을 붙임과 같이 게재하오니 많은 이용 바랍니다. 1. 닭검정기준 개정고시 2. 돼지검정기준 개정고시 3. 수출입종축등 규격기준 개정고시 4. 종오리 수입신고기관 지정고시 5. 젖소검정기준 개정고시 6. 한우검정기준 개정고시,수입규격기준 고시(농식품부 고시 제2011-116).hwp,http://www.fact.or.kr/action.do?action=farmtech%24file&seq=63&file_seq=3,2011.07.04,박병도,63,농림수산식품부 축산관련 최근 고시 모음,501
'닭검정기준' 등 농림수산식품부의 축산관련 최근 고시사항을 붙임과 같이 게재하오니 많은 이용 바랍니다. 1. 닭검정기준 개정고시 2. 돼지검정기준 개정고시 3. 수출입종축등 규격기준 개정고시 4. 종오리 수입신고기관 지정고시 5. 젖소검정기준 개정고시 6. 한우검정기준 개정고시,수입기관지정고시(고시 제2011-117).hwp,http://www.fact.or.kr/action.do?action=farmtech%24file&seq=63&file_seq=4,2011.07.04,박병도,63,농림수산식품부 축산관련 최근 고시 모음,501
'닭검정기준' 등 농림수산식품부의 축산관련 최근 고시사항을 붙임과 같이 게재하오니 많은 이용 바랍니다. 1. 닭검정기준 개정고시 2. 돼지검정기준 개정고시 3. 수출입종축등 규격기준 개정고시 4. 종오리 수입신고기관 지정고시 5. 젖소검정기준 개정고시 6. 한우검정기준 개정고시,젖소검정기준(2011-118호).hwp,http://www.fact.or.kr/action.do?action=farmtech%24file&seq=63&file_seq=5,2011.07.04,박병도,63,농림수산식품부 축산관련 최근 고시 모음,501
'닭검정기준' 등 농림수산식품부의 축산관련 최근 고시사항을 붙임과 같이 게재하오니 많은 이용 바랍니다. 1. 닭검정기준 개정고시 2. 돼지검정기준 개정고시 3. 수출입종축등 규격기준 개정고시 4. 종오리 수입신고기관 지정고시 5. 젖소검정기준 개정고시 6. 한우검정기준 개정고시,한우검정기준(2011-119 호).hwp,http://www.fact.or.kr/action.do?action=farmtech%24file&seq=63&file_seq=6,2011.07.04,박병도,63,농림수산식품부 축산관련 최근 고시 모음,501
"저탄소 녹색성장의 중요성에 대한 국민적 공감대를 형성하고 우리기업 및 연구기관의 녹색기술개발을 촉진시키고자 다음과 같이『국가녹색기술대상』포상을 실시하오니 해당 기관은 신청하여 주시기 바랍니다.2011. 6. 23(목)&nbsp;&nbsp;&nbsp; 녹색성장위원회위원장&middot;교육과학기술부장관&middot;농림수산식품부장관지식경제부장관&middot;환경부장관&middot;국토해양부장관 1. 신청자격○ 기술적 성과와 경제적 효과가 뛰어난 우수 녹색기술을 개발한 기업(개인사업자 포함), 대학, 연구기관(국&middot;공립 포함) 등 연구개발조직※ 연구개발조직에 속한 단위 연구소, 연구실(Lab) 등의 조직도 해당 기관장 추천을 받아 신청 가능○ 동일기술로 타 정부부처 포상을 받은 경우 상위 상격 수상만 가능2. 포상내용○ 종합대상 : 대통령상 1개(상금 8,000만원)○ 부문상 : 국무총리상 4개(상금 각4,000만원)- 대기업, 중소기업, 대학, 연구기관 각1개○ 분야별 기술상 : 장관상 5개(상금 각1,000만원)※ 상기 포상내용은 변경될 수 있음3. 신청대상○ 녹색기술분류표의 기술분야 해당기술※ 녹색기술분류표에 대한 세부내용은 (붙임) 참조- 접수 마감일 기준으로 연구개발이 완료되었거나 또는 제품(시공 등) 최초 판매일(실시일)이 2년을 경과하지 않는 신기술4. 신청 및 접수□ 접수기간 : 2011. 6. 23(목) ~ 7. 29(금)□ 신청서류○ 신청 소정양식은 한국산업기술진흥협회 인터넷 홈페이지(http://www.koita.or.kr)에서 다운로드□ 접수방법○ 우편 또는 직접 방문접수만 가능(우편 접수 시 신청마감일 도착분에 한하며, 접수된 신청서류는 일체 반환하지 않음)○ 구비서류 미비 시에는 신청서를 접수치 않음5. 접수 및 문의처○ 한국산업기술진흥협회 시상인증팀(주관기관)- (우)137-888&nbsp; 서울시 서초구 양재동 20-17 산기협 회관 3층- 전화 : 02-3460-9027, 팩스 : 02-3460-9029(2011.6.27, 농림수산식품부 홈페이지 공지&middot;공고)http://www.mifaff.go.kr/list.jsp?id=27817&amp;pageNo=2&amp;NOW_YEAR=2011&amp;group_id=3&amp;menu_id=123&amp;link_menu_id=123&amp;division=B&amp;board_kind=C&amp;board_skin_id=C2&amp;parent_code=58&amp;link_url=&amp;depth=2&amp;code=&amp;link_target_yn=&amp;menu_introduction=&amp;menu_name=&amp;popup_yn=&amp;reference=&amp;tab_yn=N",2011 제3회 국가녹색기술대상 포상 공고문.hwp,http://www.fact.or.kr/action.do?action=farmtech%24file&seq=62&file_seq=1,2011.07.04,박병도,62,제3회 국가녹색기술대상 신청 공고,495
"농림수산식품부 공고 제 2011-292호공&nbsp;&nbsp;&nbsp;&nbsp;&nbsp;&nbsp;&nbsp; 고&nbsp; 농림수산식품 분야의 실용성 있는 기술개발 및 확산을 통해 농어업인의 소득증대, 국민의 생활여건 향상에 기여한 연구자 및 산업체를 발굴&middot;포상하기 위한 '제14회 농림수산식품과학기술대상 포상 계획'을 다음과 같이 공고합니다.&nbsp;&nbsp;&nbsp;&nbsp;&nbsp;&nbsp;&nbsp;&nbsp;&nbsp;&nbsp;&nbsp;&nbsp;&nbsp;&nbsp;&nbsp;&nbsp;&nbsp;&nbsp;&nbsp;&nbsp;&nbsp;&nbsp;&nbsp;&nbsp;&nbsp;&nbsp;&nbsp;&nbsp;&nbsp;&nbsp;&nbsp;&nbsp;&nbsp;&nbsp;&nbsp;&nbsp;&nbsp;&nbsp;&nbsp;&nbsp;&nbsp;&nbsp;&nbsp;&nbsp;&nbsp;&nbsp;&nbsp;&nbsp;2011년 6월 30일농림수산식품부장관1. 목&nbsp; 적&nbsp;○ 농림수산식품 분야의 실용성 있는 기술개발 및 확산을 통해 농어업인의 소득증대, 국민의 생활여건 향상에 기여한 연구자 및 산업체를 발굴&middot;포상하여 농림수산식품 과학기술의 발전 도모2. 포상 점수&nbsp;○ 정부포상(9점)&nbsp;&nbsp; - 훈장 1점, 포장 2점, 대통령 표창 3점, 국무총리 표창 3점&nbsp;&nbsp; &nbsp;○ 장관표창(19점)&nbsp;&nbsp; - 농림수산식품부장관 표창 16점, 교육과학기술부장관 표창 3점&nbsp;&nbsp;&nbsp; * 포상점수는 행정안전부 및 교육과학기술부 등과 협의결과에 따라 조정 될 수 있음&nbsp;&nbsp;&nbsp; * 각 부문별로 적정 배분하는 것을 원칙으로 하고, 각 포상별 부상(금메달) 수여 예정3. 포상 대상 : (붙임참조)&nbsp;4. 대상자 추천&nbsp;○ 농어업인 등 일반인 추천이 가능하되, 추천대상자가 기관&middot;단체에 소속되어 있는 경우 기관&middot;협회&middot;단체의 장이 추천&nbsp;&nbsp; - 농어업인(단체) : 농어업인, 유관 행정기관의 장 또는 소속단체 대표&nbsp;&nbsp; - 산업계 : 업계 협회장(기업인 경우 기업대표 추천 가능)&nbsp;&nbsp; - 학&nbsp; 계 : 대학 총장 및 학장, 학회 대표&nbsp;&nbsp; - 연구소 : 소속 연구기관의 장&nbsp;&nbsp; - 공무원 : 기관장&nbsp;○ 추천 시 고려사항&nbsp;&nbsp; - 포상에 따른 수공기간 및 재포상 금지기간 준수(참고 활용)&nbsp;&nbsp; - 장관표창도 2년내 재포상 금지 규정 적용&nbsp;&nbsp; - 동일인 또는 단체 중복추천 불가&nbsp;&nbsp;&nbsp;&nbsp;&nbsp; * 공적조서상의 조사자는 반드시 부서장(과장)급 이상으로 하고 현지조사 확인서의 &lsquo;현지조사자&rsquo;와 동일인으로 기재되어야 함5. 제출서류&nbsp;○ 공통서류 : 공문, 신청서, 공적조서, 기술설명서, 현지조사확인서, 서약서 각 1부(붙임 &lsquo;별지서식&rsquo; 참조)&nbsp;&nbsp;&nbsp;&nbsp;&nbsp; * 관련 서류가 첨부된 전자문서 제출&nbsp;○ 인사 관련 서류&nbsp;&nbsp; - 민간인？농업인 등 : 이력서(본인날인, 사진부착)&nbsp;&nbsp; - 단체(산업체) 임？직원 : 인사기록카드 사본(A4 규격)&nbsp;&nbsp; - 공무원 : 인사기록요약서6. 선정 절차&nbsp;○ 서류검토 &rArr; 기술심사 &rArr; 현장조사 &rArr; 공적심사위원회 &rArr; 수상자 최종 결정7. 수상자 발표 및 시상&nbsp;○ 수상자 발표 : &rsquo;11. 9월중 수상대상자 개별통보 예정 &nbsp;○ 시상 일자 : &rsquo;11. 10. 13(목) 예정8. 신청서 접수&nbsp;○ 접수기간 : &rsquo;11. 7. 4(월) ～ &rsquo;11. 7. 15(금)까지&nbsp;○ 접수방법 : 우편 및 인터넷 접수 &nbsp;&nbsp;&nbsp;&nbsp; * 추천기관장의 확인이 필요하므로 반드시 원본(스캔 문서)을 접수처에 제출&nbsp;○ 접수처 : 경기도 안양시 동안구 관양동 1117-5 우양타운 농림수산식품기술기획평가원 성과관리실(이메일 : c97311@ipet.re.kr)&nbsp;&nbsp;&nbsp;&nbsp; * 마감일자 우편소인 찍힌 신청서까지 유효&nbsp;&nbsp;&nbsp;&nbsp; * 이메일 접수 시 반드시 접수 확인전화(031-420-6773) 요망9. 기타&nbsp;○ 제출된 서류 및 자료는 일체 반환하지 않음&nbsp;○ 접수 마감일까지 기한 엄수 요망&nbsp;○ 문의처 : 농림수산식품기술기획평가원 성과관리실 채명희(031-420-6773, c97311@ipet.re.kr)(2011.06.30, 농림수산식품부 홈페이지 공지&middot;공고)http://www.mifaff.go.kr/list.jsp?id=27826&amp;pageNo=1&amp;NOW_YEAR=2011&amp;group_id=3&amp;menu_id=123&amp;link_menu_id=123&amp;division=B&amp;board_kind=C&amp;board_skin_id=C2&amp;parent_code=58&amp;link_url=&amp;depth=2&amp;code=&amp;link_target_yn=&amp;menu_introduction=&amp;menu_name=&amp;popup_yn=&amp;reference=&amp;tab_yn=N",2011 과학기술대상.hwp,http://www.fact.or.kr/action.do?action=farmtech%24file&seq=60&file_seq=1,2011.07.04,박병도,60,제14회 농림수산식품과학기술대상 포상 계획 공고,346
"동물용의약품등 검사기관의 지정 등에 관한 세부사항을 구체적으로정함으로서 동물용의약품등 품질관리 적정성 및 효율성 제고를 위해&quot;동물용의약품등 검사기관 지정 등에 관한 규정(농림수산식품부 고시)&quot;을 제정 고시합니다.(2011.7.4, 농림수산식품부 홈페이지 공지&middot;공고)http://www.mifaff.go.kr/list.jsp?id=27835&amp;pageNo=1&amp;NOW_YEAR=2011&amp;group_id=3&amp;menu_id=123&amp;link_menu_id=123&amp;division=B&amp;board_kind=C&amp;board_skin_id=C2&amp;parent_code=58&amp;link_url=&amp;depth=2&amp;code=&amp;link_target_yn=&amp;menu_introduction=&amp;menu_name=&amp;popup_yn=&amp;reference=&amp;tab_yn=N",동물용의약품등 검사기관 지정 등에 관한 규정(농림수산식품부고시)[1].hwp,http://www.fact.or.kr/action.do?action=farmtech%24file&seq=59&file_seq=1,2011.07.04,박병도,59,"""동물용의약품등 검사기관 지정 등에 관한 규정(농림수산식품부 고시)"" 제정 알림",371
"국립수의과학검역원은 세계 최초로 꿀벌 낭충봉아부패병에 대한 치료약제 평가시스템을 개발하였다고 밝혔다.지난해부터 전국적으로 발생하여 토종벌 농가에 큰 피해를 입히고 있는 낭충봉아부패병은 꿀벌 애벌레가 번데기가 되지못하고 죽게 하는 꿀벌의 바이러스성 질병으로, 지금까지 전 세계적으로 원인 바이러스의 분리배양이나 치료약제의 효능을 측정할 수 있는 실험실내 평가시스템이 개발되어 있지 않아 치료약제 개발에 큰 어려움이 있었다.검역원은 이번 낭충봉아부패병에 대한『약제 효능평가 (Screening System)』개발로, 꿀벌 애벌레의 실험실내 인공배양 기술 확립과 배양된 애벌레를 이용한 질병 원인바이러스 배양증식시험, 그리고 이 시스템을 이용한 낭충봉아부패병 치료후보물질의 성공적인 효능검증 확인을 기대할 수 있게 되었다.&nbsp;또한, 검역원은 그동안 야외 농장적용시험에 의존하여 왔던 낭충봉아부패병의 치료약제 개발시험이, 실험실내에서 신속하고 객관적인 효과검증이 가능하게 되어 약제개발에 가속이 붙을 것으로 내다보고 있으며, 이 시스템을 각종 꿀벌질병 바이러스 치료후보물질의 효능평가에 적용할 경우 시험시간이 종전의 2개월에서 4일로, 소요경비는 후보물질당 약 천여만원에서 20만원으로 크게 절감하는 등 평가효율을 크게 개선시킬 것으로 전망하였다.(2011.6.1, 농림수산식품부 홈페이지 보도자료)http://www.mifaff.go.kr/gonews/content_view.jsp?newsid=155440911&amp;section_id=b_sec_1",꿀벌 낭충봉아부패병 치료약제 개발에 한발 다가가.hwp,http://www.fact.or.kr/action.do?action=farmtech%24file&seq=58&file_seq=1,2011.06.03,박병도,58,꿀벌 낭충봉아부패병 치료약제 개발에 한발 다가가,424
"농림수산식품부(이하 &ldquo;농식품부&rdquo;)는 급변하는 농정여건에 선제적？능동적으로 대응하고, &lsquo;농식품분야 위험관리강화&rsquo;, &lsquo;농어촌지역 활성화&rsquo;와 같은 핵심정책을 보다 강력하게 추진해 나가기 위한 대폭적인 조직개편안을 마련, 6.15일부터 시행할 계획이라고 밝혔다.&nbsp;&nbsp;&nbsp; *「농림수산식품부와 그 소속기관 직제」일부 개정령안 국무회의 의결(5.31)&nbsp; 농축수산물 물가불안？가축질병？기후변화 및 FTA 확대에 따른 시장개방 등 점증하는 정책수요에 보다 신속하고 효과적으로 대응하기 위하여,&nbsp; &lsquo;작은정부&rsquo;를 지향하는 정부 조직 기조를 토대로 유사？중복 기능을 과감히 통？폐합하는 등 조직운영의 효율성을 제고하는 방향으로 조직개편을 추진하였다고 밝혔다(2011.5.31, 농림수산식품부 홈페이지, 보도자료)http://www.mifaff.go.kr/gonews/content_view.jsp?newsid=155440909&amp;section_id=b_sec_1",2011 농림수산조직의 대대적 개편 단행.hwp,http://www.fact.or.kr/action.do?action=farmtech%24file&seq=57&file_seq=1,2011.06.03,박병도,57,농림수산조직의 대대적 개편 단행,487
"우리부에서는 구제역 차단방역, 확산방지 및 재발방지를 위한 현안대응 R&amp;D 과제를 추진하고 있습니다.이와관련하여 붙임과 같이 2011년도 생명산업기술개발사업 시행계획을 추가(2차) 공고하니, 관련 연구기관 및 연구자의 적극적인 참여 바랍니다.&nbsp;공고기간 : 2011. 5.26.~6.24.(30일간)(2011.5.26, 농림수산식품부 홈페이지 공지&middot;공고)http://www.mifaff.go.kr/list.jsp?id=27773&amp;pageNo=1&amp;NOW_YEAR=2011&amp;group_id=3&amp;menu_id=123&amp;link_menu_id=123&amp;division=B&amp;board_kind=C&amp;board_skin_id=C2&amp;parent_code=58&amp;link_url=&amp;depth=2&amp;code=&amp;link_target_yn=&amp;menu_introduction=&amp;menu_name=&amp;popup_yn=&amp;reference=&amp;tab_yn=N",2011 구제역 연구과제 시행계획 공고문.hwp,http://www.fact.or.kr/action.do?action=farmtech%24file&seq=56&file_seq=1,2011.06.03,박병도,56,2011년도 생명산업기술개발사업 시행계획 추가(2차) 공고,424
"농림수산식품부공고 제2011-238호&nbsp;해외자원개발사업법 제11조 및 같은법 시행령 제11조의 규정에 따라 2011년 해외농업개발 하반기 융자사업자 모집을 다음과 같이 공고합니다.&nbsp;&nbsp;&nbsp;&nbsp;&nbsp;&nbsp;&nbsp;&nbsp;&nbsp;&nbsp;&nbsp;&nbsp;&nbsp;&nbsp;&nbsp;&nbsp;&nbsp;&nbsp;&nbsp;&nbsp;&nbsp;&nbsp;&nbsp;&nbsp;&nbsp;&nbsp;&nbsp;&nbsp;&nbsp;&nbsp;&nbsp;&nbsp;&nbsp;&nbsp;&nbsp;&nbsp;&nbsp;&nbsp;&nbsp;&nbsp;&nbsp;&nbsp;&nbsp;&nbsp;&nbsp;&nbsp;&nbsp;&nbsp;&nbsp;&nbsp;&nbsp;&nbsp;&nbsp;&nbsp;&nbsp;&nbsp;&nbsp;&nbsp;&nbsp;&nbsp;&nbsp;&nbsp;&nbsp;&nbsp;&nbsp; 2011. 5. 25&nbsp;&nbsp;&nbsp;&nbsp;&nbsp;&nbsp;&nbsp;&nbsp;&nbsp;&nbsp;&nbsp;&nbsp;&nbsp;&nbsp;&nbsp;&nbsp;&nbsp;&nbsp;&nbsp;&nbsp;&nbsp;&nbsp;&nbsp;&nbsp;&nbsp;&nbsp;&nbsp;&nbsp;&nbsp;&nbsp;&nbsp;&nbsp;&nbsp;&nbsp;&nbsp;&nbsp;&nbsp;&nbsp;&nbsp;&nbsp;&nbsp;&nbsp;&nbsp;&nbsp;&nbsp;&nbsp;&nbsp;&nbsp;&nbsp;&nbsp;&nbsp;&nbsp;&nbsp;&nbsp;&nbsp;&nbsp;&nbsp;&nbsp;&nbsp;&nbsp;&nbsp;&nbsp;&nbsp;&nbsp; 농림수산식품부장관&nbsp;&nbsp;ㅇ 자세한 사항은 붙임 공고문을 참조하시기 바랍니다.&nbsp;* 본 공고와 관련 문의사항은 한국농어촌공사 해외사업추진단(031-420-4202)으로 하시기&nbsp; 바랍니다(제출서류, 양식 등 확인 가능).(2011.5.26, 농림수산식품부 홈페이지 공지&middot;공고)http://www.mifaff.go.kr/list.jsp?id=27774&amp;pageNo=1&amp;NOW_YEAR=2011&amp;group_id=3&amp;menu_id=123&amp;link_menu_id=123&amp;division=B&amp;board_kind=C&amp;board_skin_id=C2&amp;parent_code=58&amp;link_url=&amp;depth=2&amp;code=&amp;link_target_yn=&amp;menu_introduction=&amp;menu_name=&amp;popup_yn=&amp;reference=&amp;tab_yn=N",2011 해외농업개발 사업시행지침.hwp,http://www.fact.or.kr/action.do?action=farmtech%24file&seq=55&file_seq=1,2011.06.03,박병도,55,2011년도 해외농업개발사업 하반기 융자사업자 모집 공고,491
"농림수산식품부에서는 젊고 우수한 농업인력을 육성하기 위해서 &quot;후계농업경영인&quot;을 선정하여 지원하고 있으며,&nbsp; 후계농업경영인이 병역의무(군 복무) 대신 농촌에서 농업에 종사할 수 있도록 &quot;후계농업경영인 산업기능요원 제도&quot;를 운영하고 있습니다.2012년 후계농업경영인 산업기능요원 신청을 붙임과 같이 안내해 드리오니, 관심있는 분들의 많은 참여를 바랍니다.(붙임)&nbsp; 2012년 후계농업경영인 산업기능요원 신청 안내 1부.&nbsp;&nbsp;끝.&nbsp;(2011.6.2, 농림수산식품부 홈페이지 공지&middot;공고)http://www.mifaff.go.kr/list.jsp?id=27784&amp;pageNo=1&amp;NOW_YEAR=2011&amp;group_id=3&amp;menu_id=123&amp;link_menu_id=123&amp;division=B&amp;board_kind=C&amp;board_skin_id=C2&amp;parent_code=58&amp;link_url=&amp;depth=2&amp;code=&amp;link_target_yn=&amp;menu_introduction=&amp;menu_name=&amp;popup_yn=&amp;reference=&amp;tab_yn=N",2012년 후계농업경영인 산업기능요원 신청 안내.hwp,http://www.fact.or.kr/action.do?action=farmtech%24file&seq=54&file_seq=1,2011.06.03,박병도,54,2012년 후계농업경영인 산업기능요원 신청 안내,535
"농림수산식품기술기획평가원에서 2011년 한식세계화사업의 일환으로 추진하는 &quot;한식 현지화 상품 개발사업&quot;을 다음과 같이 공모하고 있아오니 관련 연구기관 및 연구자의 적극적인 참여를 바랍니다.&nbsp;&lt;공고 및 접수&gt;- 공고기간(30일간) : 2011. 4. 27(수) ~ 5. 26(목)- 접수기간(10일간) : 2011. 5. 17(화) ~ 5. 26(목) 18:00까지- 접수방법 : 인터넷 접수(www.ipet.re.kr)&nbsp;기타 자세한 사항은 붙임 공고문 및 신청안내문을 참조하시기 바랍니다.(2011.5.9., 농림수산식품부 홈페이지 공지사항)http://www.mifaff.go.kr/list.jsp?id=27759&amp;pageNo=1&amp;NOW_YEAR=2011&amp;group_id=3&amp;menu_id=123&amp;link_menu_id=&amp;division=B&amp;board_kind=C&amp;board_skin_id=C2&amp;parent_code=58&amp;link_url=&amp;depth=2&amp;code=left&amp;link_target_yn=&amp;menu_introduction=&amp;menu_name=공지ㆍ공고&amp;popup_yn=N&amp;reference=1&amp;tab_yn=N",한식 현지화 상품개발사업 공고문.pdf,http://www.fact.or.kr/action.do?action=farmtech%24file&seq=53&file_seq=1,2011.05.20,박병도,53,한식 현지화 상품 개발사업 공고,566
"농림수산식품기술기획평가원에서 2011년 한식세계화사업의 일환으로 추진하는 &quot;한식 우수성.기능성 연구사업&quot;을 다음과 같이 공모하고 있아오니 관련 연구기관 및 연구자의 적극적인 참여를 바랍니다.&nbsp;&lt;공고 및 접수&gt;- 공고기간(30일간) : 2011. 4. 27(수) ~ 5. 26(목)- 접수기간(10일간) : 2011. 5. 17(화) ~ 5. 26(목) 18:00까지- 접수방법 : 인터넷 접수(www.ipet.re.kr)&nbsp;기타 자세한 사항은 붙임 공고문 및 신청안내문을 참조하시기 바랍니다.&nbsp;붙임 : 1. (공고문) 한식 우수성 기능성 연구사업&nbsp;&nbsp;&nbsp;&nbsp;&nbsp;&nbsp;&nbsp;&nbsp;&nbsp; 2. (신청안내) 2011년 한식세계화사업 연구개발사업(2011.5.9., 농림수산식품부 홈페이지 공지사항)http://www.mifaff.go.kr/list.jsp?id=27758&amp;pageNo=1&amp;NOW_YEAR=2011&amp;group_id=3&amp;menu_id=123&amp;link_menu_id=123&amp;division=B&amp;board_kind=C&amp;board_skin_id=C2&amp;parent_code=58&amp;link_url=&amp;depth=2&amp;code=top&amp;link_target_yn=&amp;menu_introduction=&amp;menu_name=&amp;popup_yn=&amp;reference=&amp;tab_yn=N",2011 한식 우수성 기능성 연구사업 공고문.pdf,http://www.fact.or.kr/action.do?action=farmtech%24file&seq=52&file_seq=1,2011.05.20,박병도,52,한식 우수성.기능성 연구사업 공고,539
"○&nbsp;목적 : 타산업분야 (중견기업 이상 출신) 전문경영역량을 갖춘 우수경영인재를&nbsp;&nbsp;선발,&nbsp; 농업법인 CEO 및 중간 간부로서 역량을 발휘하여 농업을 한 단계&nbsp;업그레이드시키는 첨병 육성○ 추진방향 : 농업환경변화에 대응한 농업전문 CEO 및 중간간부 양성과 풀(Pool)을&nbsp;&nbsp;구성하여 농업법인에 채용될 수 있는 기회 확대○ 교육인원 및 대상 : 중소기업 수준의 부장급 이상 경력자 20명 선발○&nbsp;선발방법 : 1차 서류전형 &rarr; 2차 면접전형 &rarr; 최종교육생 선발&nbsp;&nbsp;&nbsp;&nbsp; -&nbsp; 교육운영기간 : &lsquo;11. 4 ~ 10월○ 교육생 모집 및 선발 등 준비기간 : &rsquo;11. 4 ~ 6월&nbsp;&nbsp;&nbsp;&nbsp; ※ 대상자 공모 : 4.25～5.27, 선발심사 : 6월○ 교육기간 : &lsquo;11. 7 ~ 10월(240시간 과정)○ 교육장소 : 롯데인재개발원(경기 오산)○ 교육내용&nbsp; - 『마인드 전환 &rarr; 농업법인의 이해 &rarr; 농업법인 CEO 및 중간 간부 필요 역량 개발&nbsp; &rarr; 농업법인 CEO 및 중간 간부 역할 실행』으로 구성&nbsp; ○ 소요비용 : 111,100천원(교육생 모집 및 사후관리비용 제외)○ 교육비(강사비, 식대, 숙박비, 현장학습비 등) : 96,700천원 &nbsp;&nbsp;&nbsp;&nbsp; * 교육생 1인당 자부담 1,450천원(29,010천원(교육비의 30%)&divide;20명)&nbsp;&nbsp;&nbsp;&nbsp; * 국외연수비용은 제외○ 교육과정운영비(교재비 등) : 14,400천원○&nbsp;담당자 : 농림수산식품부 경영조직과 홍승길 사무관(Tel : 02-500-1735)○&nbsp;접수처 : 농업인재개발원 김기주 팀장(Tel : 031-460-8921), 문진화대리(Tel :&nbsp;&nbsp;031-460-8934)(2011.5.4., 농림수산식품부 홈페이지 공지사항)http://www.mifaff.go.kr/list.jsp?id=27750&amp;pageNo=2&amp;NOW_YEAR=2011&amp;group_id=3&amp;menu_id=123&amp;link_menu_id=123&amp;division=B&amp;board_kind=C&amp;board_skin_id=C2&amp;parent_code=58&amp;link_url=&amp;depth=2&amp;code=top&amp;link_target_yn=&amp;menu_introduction=&amp;menu_name=&amp;popup_yn=&amp;reference=&amp;tab_yn=N",농업CEO MBA 교육운영사업 안내서.hwp,http://www.fact.or.kr/action.do?action=farmtech%24file&seq=51&file_seq=1,2011.05.20,박병도,51,2011년 농업CEO MBA 교육사업안내,567
"포도원을 초토화시키는 잿빛 곰팡이병(Gray Mold, Botrytis Bunch Rot)은 곰팡이성 병원(Botrytis cinerea)이 그 원인이다. 그러나 다른 식물들은 이 침략자를 격퇴시키고 그 자신을 보호할 수 있는데, 이는 파이토알렉신(phytoalexins)이라고 불리는 항균물질을 생성함으로써 일종의 화학전을 펼치기 때문이다.그런데 미주리대학교 연구자들이 이 카말렉신(camalexin)이라는 파이토알렉신 생성을 조절하는 신호화 경로의 핵심인자를 발견했고, 그 연구결과가 학술지 The Plant Cell의 인터넷판에 실렸다.겨자과 식물인 애기장대가 곰팡이 Botrytis cinerea를 감지하면, 그 반응으로 카말렉신이라는 파이토알렉신을 생성한다. 카말렉신은 일종의 항생물질로 작용하여 식물 자신을 성공적으로 방어할 수 있게 한다. Zhang 등은 선행 연구에서 애기장대에서 MAPK cascade로 불리는 신호와 경로가 카말렉신을 생성하는 유전자들의 전사적 활성화를 촉발시킨다는 것을 보여주었다. 그리고 이번 연구에서는 이 신호화 캐스케이드의 타깃이 전사인자 WRKY 33라는 것을 밝혔다.이 유전자에 결함이 있는 애기장대 식물은 카말렉신을 합성할 수 없어서 잿빛 곰팡이병균에 더 취약했다. 이번 발견은 일련의 분자적 단계들에 있어서 중요한 잃어버린 고리(missing link)를 제시하는 데, 이는 식물에게 내습하는 미생물에 대항하여 적당한 방어를 개시하라고 알리는 것이다.파이토알렉신은 식물이 병균에 대항하여 그 자신을 방어하는 하나의 중요한 수단이다. 따라서, 식물이 가지는 그러한 방어 방법을 알면, 이를 응용하여 식물의 병에 대한 저항성을 증가시킬 수 있다.(2011.4.25, 한국과학기술정보연구원 KISTI 미리안 '글로벌동향브리핑' 전문 옮김)http://mirian.kisti.re.kr/global/global_v.jsp",2011.04.27,이진필,50,파이토알렉신 생산 관련 핵심적인 조절요소 발견,431,2011년 농업CEO MBA 교육사업안내,567
"지난해 중국 농업과학기술 진보 기여율이 52%에 달한 것으로 나타났다.(중략)중국 농업부 최신 예측에 따르면 2010년 농업과학기술 진보 기여율이 52%에 달해 전년 대비 1포인트 증가했으며, 양호한 종자 보급률도 96%에 달했고, 종자의 통일적인 공급률도 66%에 달했으며, 식량 수확에 사용된 기계화 수준도 52%에 달하는 것으로 나타났다.2011년 '중국 농촌 경제동향(green book)'에 따르면 2010년 중국 중앙 재정은 8,579억 7천만 위안(약 1,319억 9,538만 달러)을 '3농(농업, 농촌, 농민)'에 사용했다. 이는 전년 대비 1,360억 6천만 위안 증가한 수치이며 전국 재정 지출 비중의 9.6%에 달했다. 지난해 농촌 고정재산 투자는 3조 6,725억 위안에 달해 전년 대비 19.7% 증가했으며, 농촌 소비품 판매액은 2조 875억 위안에 달해 전년 대비 16.2% 증가했다. 지난해 중국 농민 평균 수입도 5,919위안에 달해 전년 대비 766위안 증가했으며, 증가폭은 10.9%에 달했다. 연간 증가폭도 사상 가장 높은 기록을 돌파했다.(중략)또한 2011년 '중국 농촌 경제동향(green book)'은 2011년 중국 농업 농촌 경제 동향에 대한 전망과 예측을 내놓았다. 2011년 제1산업 증가치는 4조 5,000억 위안에 달해 GDP 비중의 10%를 차지할 것으로 전망하였으며, 식량 생산량은 5.5억 톤, 2010년에 비해 2% 증가한 유료 생산량은 3,300만 톤에 달할 것으로 예상했다. 면화 생산량은 650만톤을 상회하고, 육류 생산량은 8,200만 톤을 상회할 것으로 추정했다. 농민들의 순수입의 실제 증가율도 약 9%에 달할 것으로 추산하였다.(2011.4.25, 한국과학기술정보연구원 미리안 '글로벌동향브리핑')http://mirian.kisti.re.kr/global/global_v.jsp",2011.04.25,이진필,49,지난해 중국 농업과학기술 진보 기여율 52%에 도달,416,2011년 농업CEO MBA 교육사업안내,567
"한손엔 삽ㆍ한손에 태블릿PC로 매출10억 &quot;아그리젠토 코리아 우리가 주도&quot; , &quot;음료에 균이&quot; 따지던 외국인이 나중엔 &quot;원더풀&quot;&quot;농업에 미래가 없다고요? 희망이 없었으면 애초에 시작도 안 했을 겁니다. 농사꾼은 옛말, 농민은 이제 ,농업 경영인,이고 농장은 ,농업 기업,입니다. 더 많은 젊은 농부들과 힘을 모아 농촌을 새롭게 바꾸고 싶습니다.&quot; 최근 경북 안동시 풍천면에서 만난 농업인 유화성 씨(28). 흙이 잔뜩 묻은 작업복 차림인 그의 손에는 태블릿PC 갤럭시탭이 들려 있었다. 태블릿PC로 온라인 쇼핑몰에 올라온 상품 주문을 처리하고 택배 배송을 확인하느라 여념이 없었다. 유씨는 농지 약 13만㎡(4만평)에서 마(麻)를 연간 150ｔ 생산해 15억원대 매출을 올리는 젊은 부농(富農)이다. 2006년 말부터 마 재배에 나선 그는 시행착오 끝에 2008년 ,마 캐는 젊은 농부들,이라는 브랜드를 론칭하고 인근 20대 젊은 마 재배농가 5곳과 함께 온ㆍ오프라인 시장 확보에 나섰다. 비싼 마를 품질별로 세분화해 ,알뜰마, ,꼬마, 등 이름으로 출시해 온라인 쇼핑몰에서 대박을 터트리는 등 작년 매출액은 15억원에 달한다. &quot;농촌엔 할 일이 무궁무진합니다. 생산ㆍ유통ㆍ홍보ㆍ회계 등 분야별 전문성을 높여 100억원대 매출을 달성하는 ,농업 오너,가 될 겁니다.&quot; ,스마트한, 20대 부농들이 등장했다. 사양산업이라 여겨지던 농업 분야에서 남다른 도전정신과 아이디어, 스마트함으로 새로운 부가가치를 창출해 부를 일구는 젊은 농부들이 늘고 있다. 이들은 생산에만 집중했던 예전 농민과 다르다. 체계적인 영농기술을 익히는 것은 기본. 경영인 마인드로 무장하고 소셜네트워크서비스(SNS) 등을 활용해 마케팅을 벌인다. 국내는 물론 외국까지 유통망과 판로를 개척하며 ,영업맨,으로 변신하기도 한다.(중략)매일경제신문은 농업 분야 경쟁력 제고를 위해 농림수산식품부ㆍ농수산물유통공사(aT)와 함께 오는 6월부터 매달 혁신성이 우수한 농수산식품을 선정해 ,아그리젠토상(賞),을 시상한다. 농수산식품 분야에서 신기술 제품을 발굴하고 판로를 개척하기 위한 것이다. 수상 대상은 최초 판매일 3년을 경과하지 않은 신제품과 신기술로 원예 축산 수산 식품 등 농수산식품 전체를 대상으로 한다. (2011.4.22, MK뉴스)http://mnews.mk.co.kr/mnews_042404.html",2011.04.25,이진필,48,"20대富農들 ,농업의 재발견, 자부심",464,2011년 농업CEO MBA 교육사업안내,567
"&quot;꽃은 만발했는데 토종벌이 사라져 때깔 좋은 복숭아, 단감을 수확할 수 있을지&hellip;.&quot; 봄을 맞은 과수 농가들이 지난해부터 꿀벌의 구제역이라 불리는 낭충봉아부패병이 돌면서 토종벌이 대량 폐사하자 근심에 잠겼다. 한봉(韓蜂) 주산지인 전북 남원시와 전남 구례군, 경남 함양군 등 지리산권역 7개 시&middot;군 과수 농가들은 걱정이 더 깊다. 토종벌이 대신 양봉(養蜂)이 자리했지만 우려가 앞선다. 일부 과수원은 토종벌 폐사로 고품질 과일의 생산이 감소하는 2차 피해가 현실화되자 꽃가루 수집&middot;전파 전쟁에 나서고 있다.(중략)농림수산식품부나 한국토종벌협회, 전문가들은 토종벌이 괴질에 폐사&middot;감염된 비율이나 생태계 영향에 대해 각자 분석을 달리한다. 정부는 지난해 10월경 전국 토봉농가 1만 7000곳 가운데 1만 2000곳(68.2%)에서 키우는 토종벌 41만 3000통 중 31만 7000통(76.7%)이 피해를 입었다고 분석한다. 한국토종벌협회는 토종벌 95%이상이 피해를 입었다고 주장한다. 하지만 이들 모두 괴질이 앞으로 최소 2~3년 이상 지속될 것이라는 것에는 공감한다. 강승원 국립수의과학검역원 연구관은 &quot;낭충봉아부패병 예방약으로 이산화염소나 티몰이 있지만 치료약은 없다&quot;고 말했다. 토종벌 전멸위기가 커지자 지난해 통 당 5만원이던 토종벌 가격이 올해는 80만원까지 치솟았다. 또 구례지역 한봉 농가 4곳은 3개월 동안 강원도나 제주도 등 전국을 돌며 괴질에 걸리지 않은 토종벌을 모아 전남 고흥 등 청정지역에서 번식시키고 있다. 이같은 토종벌 대피&middot;번식공간은 전국적으로 38곳이 있다.올 봄 전국적으로 한봉 농가 12곳, 양봉 2곳 괴질이 발생했다. 낭충봉아부패병이 다시 확산될 조짐이지만 농가들은 신고를 기피하면서 방역허점을 보이고 있다. 이 괴질이 가축전염병으로 지정됐으나 제대로 보상이 이뤄지지 않아 농가들은 신고를 꺼리고 있다. 38년째 벌을 키우고 있는 이태식 씨(61&middot;충남 청양군)는 &quot;봄이 왔는데 벌이 없다&quot;며 &quot;정부가 실질적인 피해지원을 해줘야한다&quot;고 말했다.(2011.4.18, 동아일보)http://news.donga.com/Society/New/3/03/20110418/36505408/1",2011.04.18,이진필,47,"괴질로 토종벌 대량 폐사, 근심에 잠긴 과수원",432,2011년 농업CEO MBA 교육사업안내,567
"농식품부는 IT강국의 저력을 농수축산분야에 접목시켜 생산성을 향상하고 고부가가치 창출을 위해 지난해부터 5개소에 대해 시행중인『농수축산 ICT융합 모델사업』을 5월부터 10개소로 확대하여 실시한다고 밝혔다.○ 동 사업은 온습도&middot;CO2&middot;Ph농도 등 각종 센서와 USN 기술을 활용하여 농수축산물의 최적생장환경을 구현하는 생산정밀화 융합모델과,○ RFID등 전파인식 기술과 산지유통센터의 통합정보시스템(ERP)을 결합시켜 농수축산물의 생산&middot;유통단계의 이력정보를 제공하는 유통지능 및 경영선진화 융합모델 5가지를 25억원을 투입, (재)한국농림수산정보센터 및 지방자치단체와 협력하여 실시하게 된다.(2011.4.11, 농림수산식품부 홈페이지 보도자료)http://www.mifaff.go.kr/gonews/content_view.jsp?newsid=155440704&amp;section_id=b_sec_1",농수축산부문 ICT와 융합하여 첨단산업으로 거듭난다.hwp,http://www.fact.or.kr/action.do?action=farmtech%24file&seq=46&file_seq=1,2011.04.25,이진필,46,"농수축산부문, ICT와 융합하여 첨단산업으로 거듭난다",500
"농림수산식품부는 2011년도 쌀소득보전직불금에 대한 등록신청을 2011년 4월 15일부터 6월 15일까지 2개월간 실시한다.○ 쌀직불금을 받고자 하는 농업인은 동 기간 내에 농지소재지 관할 읍&middot;면&middot;동 사무소에 &lsquo;쌀소득보전직접지불금 등록신청서&rsquo;를 제출하여야 한다. 쌀직불금은 지급대상 농지를 실제로 경작하는 농업인만이 신청할 수 있으며, 지급대상 농지 및 대상자의 요건은 다음과 같다.○ 쌀직불금의 지급대상이 되는 농지는 1998년 1월 1일부터 2000년 12월 31일까지 논농업에 이용된 농지로서,- 하천구역 안의 농지, 농지 전용허가&middot;전용신고&middot;전용협의를 거친 농지, 주거&middot;상업&middot;공업지역의 농지, 산업단지의 농지 등은 제외되고 - 거짓이나 부정한 방법으로 등록 또는 직불금을 수령한 자의 농지도 지급대상에서 제외된다.○ 쌀직불금 지급대상자는 2005년부터 2008년까지 기간 중 쌀직불금을 1회 이상 정당하게 지급받은 자로서,-&ldquo;농촌&rdquo; 외의 지역에 주소(주된 사무소)를 둔 자는 &ldquo;농업을 주업&rdquo;으로 하는 요건을 갖춘 자로 한정되며,* 농업의 주업 요건 : 농지 1만㎡ 이상 경작, 또는 연간 농산물 판매액 9백만원 이상, 거주하고 있는 시&middot;구에서 논 1천㎡ 경작(2년 이상) 등 - 후계 농업경영인&middot;전업농업인 등 &ldquo;신규진입 요건&rdquo;을 갖춘 자는 예외적으로 지급대상자가 될 수 있다.* 신규진입 요건 : 후계농업경영인&middot;전업농업인, 농지 1만㎡ 이상 경작(2년 이상), 직불금 수령자의 사망으로 인해 승계 받은 자 등 ○ 다만, 농업 외의 종합소득이 3천7백만원 이상인 사람은 지급대상자가 될 수 없으며, 지급 상한면적은 농업인 30ha, 법인&nbsp; 50ha이다특히, 금년부터는 직불금을 신청하는 과정에서 혹시 발생할 수 있는 신청누락을 방지하기 위하여, 신청서 접수시 접수증을 교부하도록 제도를 개선하였다농림수산식품부 관계자는 제도개선에 따라 신청누락으로 인한 농업인의 민원이 상당부분 해소될 것으로 기대한다고 밝혔다.○ 또한, 기타 지급요건, 구비 서류 등 쌀직불금 신청절차에 의문사항이 있는 농업인은 읍&middot;면&middot;동 사무소를 방문하여 자세한 안내를 받을 수 있으며○ 반드시 기간 내에 등록신청을 마쳐서 올해 쌀직불금을 수령하는 데 차질이 생기지 않도록 주의해 줄 것을 당부했다.(2011.4.14, 농림수산식품부 홈페이지 보도자료)http://www.mifaff.go.kr/gonews/content_view.jsp?newsid=155440721&amp;section_id=b_sec_1",2011년도 쌀직불금 등록신청 접수 시작.hwp,http://www.fact.or.kr/action.do?action=farmtech%24file&seq=45&file_seq=1,2011.04.15,이진필,45,2011년도 쌀직불금 등록신청 접수 시작,435
"국립종자원(원장 김창현)은 4월 15일 금년도『제7회 대한민국 우수품종상』1차 심사(서류심사)결과를 발표하였다.6개 분야 총 35점 선발식량&middot;특용(9점) : 운광(벼), 설갱(벼), 신농흑찰(벼), 신자미(고구마), 유연(보리), 조경(밀), 미흑찰(옥수수), 청운(구기자), 별똥별(뽕)채소(9점) : 대통(배추), 국보꿀(참외), 무한질주(고추), 당조마일드(고추), 전무후무(무), 베이스볼(양배추), 레드퀸(멜론), 황후(파), 토말린(상추)화훼(7점) : 그린뷰티(장미), 한마음(장미), 샤이니골드(프리지아), 수홍(풍란), 골든하트(칼라),&nbsp; 죠이아(거베라), 스노우화이트박(칼라디움)과수(6점) :&nbsp; 만풍(배), 천매(매실), 단백(복숭아), 진송화(복숭아), 대월(복숭아), 부광(사과)버섯(2점) : 인섹라워(동충하초), 화성2호(느타리)산림(2점) : 금수라1호(상수리나무), 안수황금송(곰솔)대한민국 우수품종상』은 국내에서 육성된 우수품종을 선발하여 시상함으로써 육종가의 육종의욕을 높이고, 이를 통해 국내육종의 저변을 확대함으로써 국내 종자산업 발전을 촉진하기 위해 제정된 상으로서, 국립종자원은 금년도에 대통령상 1품종(상금 3,000만원), 국무총리상 2품종(각 1,000만원), 농림수산식품부 장관상 5품종(각 500만원) 등 8품종에 대해 시상할 계획이다.이를 위해 국립종자원은 지난 1월 중순부터 2월 말까지 총 68품종을 출품 받아 (사)한국종자연구회의 추천을 받은 대학교수, 관계전문가 등으로 분야별 심사위원회을 구성하였으며, 기본심사 8항목인 육종방법 및 기술 개선 여부, 품질향상 여부, 수량 및 소득 증대 여부, 수출실적 또는 수입대체 효과, 재배자 선호도 및 소비자 기호도, 친환경재배 기여도, 재배면적 및 비율, 기타 형질개량 정도 등을 검토하여 1차 서류심사를 완료하였다.이번에 발표한 서류심사 통과 품종은 앞으로 생육기간 동안 농가 현지심사를 거친 후, 11월 상순경에 최종 종합심사를 거쳐 시상 훈격이 결정될 예정이다.한편, 국립종자원은 이번에 발표한 서류심사 통과품종에 대해 적절치 않은 이유가 있는 경우 국립종자원 홈페이지 등을 통해 의견을 제시해 줄 것을 아울러 당부하였다.(2011.4.14, 농림수삭식품부 홈페이지 보도자료)http://www.mifaff.go.kr/gonews/content_view.jsp?newsid=155440722&amp;section_id=b_sec_1",제7회 대한민국 우수품종상 1차심사 결과발표.hwp,http://www.fact.or.kr/action.do?action=farmtech%24file&seq=44&file_seq=1,2011.04.15,이진필,44,제7회『대한민국 우수품종상』1차심사 결과발표,524
"농림수산식품부에서 발표한 2011년 가축분뇨처리사업지침을 붙임과 같이 알려 드립니다.http://www.mifaff.go.kr/list.jsp?id=27690&amp;pageNo=2&amp;NOW_YEAR=2011&amp;group_id=3&amp;menu_id=123&amp;link_menu_id=123&amp;division=B&amp;board_kind=C&amp;board_skin_id=C2&amp;parent_code=58&amp;link_url=&amp;depth=2&amp;code=top&amp;link_target_yn=&amp;menu_introduction=&amp;menu_name=&amp;popup_yn=&amp;reference=&amp;tab_yn=N",2011년 가축분뇨처리지원사업지침서(시행).hwp,http://www.fact.or.kr/action.do?action=farmtech%24file&seq=43&file_seq=1,2011.04.13,이진필,43,2011년 가축분뇨처리사업지침,506
"정부는 3.24일 관계부처 합동으로「가축질병 방역체계 개선 및 축산업 선진화방안」을 확정 발표하였다.이는 이번 구제역 등 가축질병이 확산되어 축산업뿐만 아니라 국민경제에 악영향을 끼침에 따라 대통령께서 지난 1.6일 긴급 관계장관 회의를 주재하는 자리에서 &ldquo;범정부적 대책을 수립하라&rdquo;고 지시하신데 따라 수립된 것이다. 이후 총리실을 중심으로 범정부 TF가 구성되어 대책을 협의해 왔고 오늘 관계부처 합동으로 발표하게 된 것이다.김황식 총리는 정부가 구제역 발생 초기에 제대로 대응하지 못했다는 질책에 대해 무한한 책임을 느낀다고 말하고, 구제역 방역을 위해 헌신적으로 노력한 축산인, 민-군-관의 관계자, 자원봉사자들과 불편을 감내한 국민들에게 깊은 감사의 뜻을 전했다.또한, 최근 구제역이 진정됨에 따라 이제는 안정적인 통제가 가능하다고 판단되어 위기 경보단계를 &ldquo;심각단계&rdquo;에서 &ldquo;경계단계&rdquo;로 낮춘다고 밝혔다.김황식 총리는 이번 대책이 &ldquo;가축질병 방역체계를 보다 확고히 하여 선진화된 축산업으로 발전&rdquo; 시키는 데 목적이 있음을 강조하면서, 정기적 백신접종 실시, 방역체계 강화,&nbsp; 가축 사육환경 개선, 매뉴얼의 철저한 보완 등을 추진해 나가겠다고 하였다.한편, 이번 구제역으로 조성된 매몰지는 3월말까지 정비하고, 그 이후에도 환경오염이 없도록 안전 점검 등을 총리실에서 철저히 확인해 나갈 것이라고 밝혔다.이어 유정복 농림수산식품부 장관은 세부대책을 발표하면서, &ldquo;이번 구제역 발생을 계기로 방역시스템을 획기적으로 개편하고, 축산업의 체질을 근본적으로 바꾸어 나갈 것&rdquo;이며, &ldquo;앞으로 10년을 내다보고 국민에게 사랑받는 선진 축산업, 친환경 축산업을 일구어 나갈 것&rdquo;이라고 밝혔다.(2011.3.24, 농림수삭식품부 홈페이지 보도자료)http://www.mifaff.go.kr/gonews/content_view.jsp?newsid=155440623&amp;section_id=b_sec_1",가축질병방역체계 개선 및 축산업 선진화 방안.hwp,http://www.fact.or.kr/action.do?action=farmtech%24file&seq=42&file_seq=1,2011.03.28,이진필,42,"정부, 관계부처 합동「가축질병 방역체계 개선 및 축산업 선진화방안 발표",478
"농림수산식품부는 광특회계를 재원으로 추진중인 향토산업육성사업에 대한 2010년도 추진실적 평가결과를 발표하였다.이번 평가는 10개 시&middot;도, 51개 시&middot;군에서 2009년 및 2010년에 착수하여 현재 추진 중인 57개 사업을 대상으로 실시하였으며, 평가결과 우수사업에 대해서는 인센티브 예산을 추가지원하고, 부진사업에 대해서는 예산을 삭감하는 페널티를 부여할 계획이다.(2011.3.16, 농림수산식품부 홈페이지 보도자료)http://www.mifaff.go.kr/gonews/content_view.jsp?newsid=155440583&amp;section_id=b_sec_1",향토산업육성 우수사업 선정 최대 4억까지 추가 지원.hwp,http://www.fact.or.kr/action.do?action=farmtech%24file&seq=41&file_seq=1,2011.03.22,이진필,41,"향토산업육성 우수사업 선정, 최대 4억까지 추가 지원",515
"농림수산식품부는「2010 농어촌주택 표준설계도」를 개발하여 보급하였다.&lsquo;2010 농어촌주택 표준설계도&rsquo;는 농어촌의 자연경관과 조화를 이루고 변화된 주거생활을 반영한 다양한 농어촌주택모델을 발굴하여 보급함으로써 농어촌 주거환경개선 및 건축비 절감 등 농어촌주택 건축시 편의를 도모하고자 개발되었으며, 이번에 선보이는 농어촌주택 표준설계도는 5유형 10종으로 면적이 40㎡부터 125㎡까지 다양하게 개발하여 선택의 폭을 넓혔으며, 전통적 공간의 미를 그대로 살리면서 현대적 주거생활의 편리함과 쾌적함을 추구하였다.또한, 신재생 에너지와 친환경 자재를 사용하여 환경과 건강까지 배려한 저에너지 친환경주택으로 설계되었다. 금번에 개발ㆍ보급하는 농어촌 저에너지 친환경주택은 1㎡당 연평균 난방에너지 소비량이 최저 2리터로, 기존 주택의 25리터보다 93%의 에너지소비 절감효과를 기대할 수 있는 것으로 나타났다.(2011.3.9, 농림수산식품부 홈페이지 보도자료)http://www.mifaff.go.kr/gonews/content_view.jsp?newsid=155440559&amp;section_id=b_sec_1",농어촌 저에너지 친환경주택 표준도.hwp,http://www.fact.or.kr/action.do?action=farmtech%24file&seq=40&file_seq=1,2011.04.25,이진필,40,농어촌 저에너지 친환경주택 표준도 선보여,400
"농림수산식품부는 &ldquo;농협을 회원조합과 농업인의 권익을 대변하고 봉사하는 본연의 역할에 충실한 조직으로 변화되도록 하기 위해 추진한「농업협동조합법 일부개정법률안」이 3.11(금) 국회 본회의를 통과했다&rdquo;고 밝혔다.농협법 개정안은 &rsquo;09.12.16 국회에 제출되어 공청회&middot;토론회 등 의견 수렴을 거쳐 지난 3.4일 농림수산식품위원회, 3.10일 법제사법위원회에서 의결되었다.농림수산식품부장관은 &ldquo;&rsquo;94년 농어업농어촌발전대책에서 농협개혁의 핵심과제로 제시된 이래 농업계의 오랜 숙원이자 농협개혁의 핵심적인 사항이었던 중앙회 사업구조 개편(신&middot;경분리)을 추진할 수 있는 근거법을 마련하게 됨으로써, 농협의 향후 50년 발전을 위한 토대를 마련하게 되었다&rdquo;고 밝혔다.농림수산식품부장관은 또한 &ldquo;금번 농협법 개정을 통해 농축산물 유통&middot;판매 등 경제사업의 활성화와 중앙회 운영의 투명성과 책임성이 강화될 것으로 기대된다&ldquo;고 말했다.&rsquo;09.12월 정부안 국회 제출 이후 국회는 1년여의 토론과 논의를 거쳐 사업 분리방식, 경제사업 활성화, 경제&middot;금융지주회사, 농협은행, 농협생명보험 및 농협손해보험 설립, 조합장 동시 선거 등을 담은 농협법 개정안을 의결하였다.(2011.3.11, 농림수산식품부 홈페이지 보도자료)http://www.mifaff.go.kr/gonews/content_view.jsp?newsid=155440566&amp;section_id=b_sec_1",농협법 국회통과.hwp,http://www.fact.or.kr/action.do?action=farmtech%24file&seq=39&file_seq=1,2011.03.14,이진필,39,“17년만에 숙원 해결”농협법 개정안 국회 통과,340
"미국농업연구청(Agriculture Research Service; USDA ARS)에 따르면 토마토의 약 20%가 시장이나 냉장고에서 보내는 많은 시간으로 인해서 부패되는 것으로 추산된다. 그런데 ARS가 퍼듀대학교와 공동으로 토마토의 유통기한을 늘리는 연구를 해오고 있다. 또한 이 연구로 토마토가 더 영양이 품부하게 될 수도 있다.식물생리학자인 Autar Mattoo와 질소기반 유기 성분(nitrogen-based organic compounds)인 폴리아민류(polyamines)에 대한 연구를 하고 있는 Avtar Handa 교수 등과 공동연구를 했는데, 이 폴리아민 물질들은 식물 생장, 개화, 열매 발달 그리고 다른 기능에 있어 중요한 역할을 하는 시그널로 작용한다. 또한 폴리아민은 일부 암과 다른 질환 위험을 낮추는 라이코펜(lycopene)과 다른 영양물질의 생산과도 관련된다.(중략)학술지 The Plant journal에 실린 이 연구 결과에 따른면, 이 유전자 도입으로 스퍼미딘(spermidine) 수준과 영양생장이 증대될 뿐만 아니라 토마토의 수확 후 유통기간도 늘어난다. 시들음(shriveling)이 3주까지 늦추어졌고, 병에 의한 부패 속도도 늦어졌다. 또한, 그 토마토는 라이코펜 수준도 높았다. 이 연구 결과는 또한 스퍼머딘이-다른 폴리아민과 독립적으로-그 스스로의 영향력으로 유통기한을 확대시키고 생장을 증대시키는 증거를 최초로 제시한다.(후략) (2011.2.21, 한국과학기술정보연구원(KISTI) 미리안 &quot;그로벌동향브리핑&quot;)http://mirian.kisti.re.kr/global/global_v.jsp",2011.04.25,이진필,38,폴리아민에 의한 토마토 유통기한 연장,494,“17년만에 숙원 해결”농협법 개정안 국회 통과,340
"국립종자원(원장 김창현)은 불법&middot;불량종자로 인한 농업인의 피해를 방지하고 건전한 종자 유통질서 확립을 위해「2011년도 종자 유통조사 추진계획」을 발표하였다.각 작물군별로 종자유통 성수기에 맞춰 과수묘목(3월), 채소종자&middot;씨감자(3～5월), 김장채소 종자(8월), 인터넷 유통종자(9월) 및 버섯종균(10월)에 대해 정기 유통조사를 실시하고 민원&middot;제보에 의한&nbsp; 수시 조사 등 종자 생산&middot;판매업체를 대상으로 종자산업법 준수여부를 상시적으로 조사한다.특히, 올해에는 무보증 씨감자 판매 및 무등록업체의 과수 묘목 생산 행위를 방지하기 위해 재배농가, 판매처를 대상으로 탐문 조사를 실시하여 불법 종자업체를 단속할 계획이라고 밝혔다.또한 모바일 기기를 활용하여 종자업 등록번호, 품종 신고번호 등 품질표시 내용의 진위 여부를 현장에서 실시간 확인하여 무등록업체가 허위정보를 기재하여 종자를 유통시키는 행위를 근절해나갈 계획이다.한편 국립종자원은 그동안 판매업체가 고의로 위법 사실을 감추거나 조사를 거부할 경우 불법&middot;불량종자 유통 사실 적발에 어려움이 많았으나, 금년 하반기에 특별사법경찰권이 도입되면 수사도 가능하게 되어 유통조사의 실효성을 높일 수 있을 것으로 기대된다고 밝혔다.종자유통조사 담당공무원에 대한 특별사법경찰권 도입은 지난해 10월 관련법 개정안 입법예고를 거쳐 이르면 올 하반기(7월)부터 시행된다.※ 관련법 :「사법경찰관리의 직무를 행할자와 그 직무범위에 관한 법률」(법무부)- 농림수산식품부&middot;산림청 및 지방자치단체 소속 공무원에게「종자산업법」관련 범죄에 대한 사법경찰권 부여(제5조 제42호, 제6조 제39호 신설)- 입법예고(&rsquo;10.10.21～11.10), 법제처심사(&rsquo;10.12.17)(2011.2.17, 농림수산식품부 홈페이지 보도자료)http://www.mifaff.go.kr/gonews/content_view.jsp?newsid=155440481&amp;section_id=b_sec_1",2011년도 종자 유통조사 추진계획 및해외현지 품종전시포 품평회 개최.hwp,http://www.fact.or.kr/action.do?action=farmtech%24file&seq=37&file_seq=1,2011.02.18,이진필,37,2011년도 종자 유통조사 추진계획,410
"한-EU FTA 동의안이 유럽의회를 통과했다.프랑스 스트라스부르 의사당에서 17일(현지시간) 열린 유럽의회 본회의에서 소관 상임위원회인 국제통상위원회(INTA) 표결 때와 같이 찬성 465, 반대 128표, 기권 19라는 압도적인 지지로 가결됐다. 이로써 EU 측은 7월 1일 협정의 잠정발효를 위한 내부 절차를 공식적으로 마무리했으며, 한국 국회에서는 18일 열리는 임시국회에서 비준안이 다뤄질 예정이다. 정부는 지난해 10월 국회에 한-EU FTA 비준 동의안을 제출했지만, 아직 통과되지 않은 상태다. 우리쪽 비준 동의안이 국회를 통과하면 한-EU FTA는 오는 7월 1일 잠정 발효된다. (후략) (2011.2.18, 재경일보 보도자료)http://news.jkn.co.kr/article/news/20110218/2887210.htm",2011.02.18,이진필,36,"한-EU FTA, 유럽본의회 '압도적 찬성' 통과",399,2011년도 종자 유통조사 추진계획,410
"신선초와 검은콩으로 노화 및 각종 성인병을 예방할 수 있는 건강기능성 식품이 개발됐다.농촌진흥청은 항산화영양소가 풍부한 신선초와 검은콩을 이용해 노화, 비만, 당뇨병, 심장질환 등의 원인이 되는 산화적 스트레스를 효과적으로 줄일 수 있는 '항노화영양바'를 개발, 미국 식품의약국(FDA) 승인을 획득했다고 16일 밝혔다.'항노화영양바'는 동결 건조한 신선초와 볶은 검은콩을 분말로 만든 다음 각각 물엿, 포도당 등으로 만든 액상재료에 넣어 혼합한 뒤 먹기 편하고 먹는 느낌이 부드러운 바(bar) 형태로 만든 것이다.'항노화영양바'의 주재료인 신선초와 검은콩에는 카로티노이드, 비타민C, 토코페놀 등 항산화 영양소를 비롯해 혈당과 혈지방을 조절하는 기능을 가진 칼콘 등이 풍부하게 들어 있다.특히 '항노화영양바'는 추출물이 아닌 동결 건조한 분말의 신선초와 검은콩을 사용, 항산화 영양소를 그대로 보존하고 있다.이에 따라 1일 적정 섭취량인 10g(신선초 분말 5g, 검은콩 분말 5g)을 먹게 되면 우리 몸의 노화와 각종 성인병 예방에 큰 효과를 볼 수 있다.(후략)(2011.2.16. 연합뉴스)http://www.yonhapnews.co.kr/bulletin/2011/02/16/0200000000AKR20110216056300061.HTML",2011.04.25,이진필,35,"농진청, 노화.성인병 예방 건강식품 개발",509,2011년도 종자 유통조사 추진계획,410
"국립농산물품질관리원(원장 오경태, 이하 품관원)은 우리나라 친환경 농업의 확산&middot;발전을 선도하고 안전한 농식품 생산을 주도할 대표적인 친환경 및 우수관리(GAP) 인증 농장 100개소(친환경/ GAP인증 각 50개소)를 우리나라 「100大 Star Farm」으로 선정하였다.* GAP : Good Agricultural Practices, 농산물우수관리(2011.2.14, 농림수산식품부 홈페이지 보도자료)http://www.mifaff.go.kr/gonews/content_view.jsp?newsid=155440462&amp;section_id=b_sec_1",한국을 대표하는 100대 star farm 선정.hwp,http://www.fact.or.kr/action.do?action=farmtech%24file&seq=34&file_seq=1,2011.02.17,이진필,34,한국을 대표하는「100大 Star Farm」선정,517
"&lsquo;08년 이후 하향 안정세를 보이던 세계 식량가격이 &rsquo;09년 상반기부터 지속적으로 상승하여, FAO 발표 식량가격지수*가 &lsquo;08년 수치를 상회하고 있다. ※&lsquo;11.1. 231 / &rsquo;08.6 224* FAO 식량가격지수는 곡물, 유지류, 육류, 낙농품, 당류(설탕) 등 55개 주요 농산물의 국제가격동향을 모니터하여 매월 작성&middot;발표(기준: 2002-2004년 평균=100)최근 가격상승은 당류(설탕), 유지류가 주도 하고 있어, &lsquo;08년 곡물, 유지류가 가격상승을 주도하고 있는 때와는 다르지만, 곡물가격도 지속적으로 상승을 하고 있다.※&lsquo;11.1 현재 식량재고율은 19.2%로 FAO 권고재고수준 17～18%보다는 높은 수준이지만, &lsquo;10년도 재고율 22.4%보다는 낮은 수준곡물은 대두(콩), 밀, 옥수수 등의 가격이 지속적으로 상승하고 있고, 쌀은 상대적으로 안정세이다. 식량가격상승의 원인은 공급측면, 수요측면, 기타로 구분될 수 있다.&lt;공급측면&gt;① (기후변화) 자연재해로 세계 주요 곡창지역을 중심으로 곡물 생산량이 감소※ 러시아 가뭄(밀), 호주 가뭄&middot;홍수(밀,사탕수수), 중국 가뭄(밀) 등② (국제유가상승) &lsquo;09년 이후 지속 상승하여 농기계, 난방 등 농작물 생산비와 수송비 상승 요인으로 작용※ 국제 유가 (&lsquo;08.7) 135$/배럴 &rarr; (&lsquo;09.1) 40 &rarr; (&lsquo;10.1) 75 &rarr; (&lsquo;11.1) 92&lt;수요측면&gt;① (바이오에너지) 미국, EU 등을 중심으로 바이오에너지 사용을 장려하면서 원료곡물인 옥수수, 유지작물, 설탕작물 등의 수요증가 ※ 미국은 &lsquo;10.10 가솔린 바이오에탄올 혼합율을 10&rarr;15%로 상향조정하고 세제혜택강화, EU는 전체 수송에너지 중 &rsquo;10년 5.75%&rarr;&lsquo;20년 10%로 바이오에너지 사용량을 확대할 계획② (중국, 인도 등 육류소비 증가) 중국은 경제성장으로 소득수준이 향상되어 육류소비가 지속적으로 확대되고 있으며, 인도는 채식에서 육류로 소비패턴이 변화되면서 80년 이후 육류소비가 3.5배 수준 증가* 중국 1인당 육류소비: (&lsquo;01) 49.2kg &rarr; (&lsquo;10) 59.9(2011.2.11, 농림수산식품부 홈페이지 보도자료)http://www.mifaff.go.kr/gonews/content_view.jsp?newsid=155440451&amp;section_id=b_sec_1",세계 식량 동향-20110211.hwp,http://www.fact.or.kr/action.do?action=farmtech%24file&seq=33&file_seq=1,2011.02.17,이진필,33,세계 식량 동향,511
"삼성경제연구소에서 최근 발간한 보고자료를 붙임과 같이 게시하오니 참고하시기 바랍니다.http://www.seri.org/db/dbReptV.html?menu=db01&amp;pubkey=db20110214001",글로벌 식량안보 시기의 신식량안보 전략.pdf,http://www.fact.or.kr/action.do?action=farmtech%24file&seq=32&file_seq=1,2011.02.15,이진필,32,글로벌 식량안보 시기의 신식량안보 전략,493
"농림수산식품부는 2010년 8월 11일부터 적용되는 원산지표시 신규대상 67개 품목과 오리고기, 배달용닭고기 등 음식점 원산지 표시대상 확대품목에 대해 계도기간이 2월 10일자로 종료됨에 따라 2월 11일부터 본격적인 단속을 추진할 계획이라고 밝혔다.※ 주요 신규 대상품목- 음식점 : 쌀&middot;배추김치(100㎡이상&rarr;모든음식점), 오리고기&middot;배달용 닭고기는 모든음식점- 농산물 가공품 : 빵, 떡, 제과&middot;제빵, 피자, 만두류, 주류 등- 식염 : 천일염, 재제소금, 태움&middot;용융소금, 정제소금 등- 농산물 : 해바라기, 오이, 풋고추, 블루베리, 석류 등아울러, 원산지를 표시하지 않고 기 제작한 포장재도 제작비용 등을 감안 6개월간 사용토록 유예기간을 부여하였으나 동 기간이 종료됨에 따라 2.11일부터 포장재에 원산지를 표시하여 사용하여야 하며 미표시자에 대해서는 과태료 처분을 받게 된다.(2011.2.9, 농림수산식품부 홈페이지 보도자료)첨부파일 다운로드: http://www.mifaff.go.kr/gonews/content_view.jsp?newsid=155440441&amp;section_id=b_sec_1",2011.02.10,이진필,31,원산지표시 신규 품목 2.11일부터 본격 단속 및 위반시 처벌,494,글로벌 식량안보 시기의 신식량안보 전략,493
"곤충은 지구상에 존재하는 전체 동물의 3/4인 약 130만종으로 지금부터 약 3억 5천만년에서 4억만년 전 지구상에 출현한 것으로 추정되며 오래 전부터 양잠과 양봉 등으로 인간의 일상생활에 이용되어 왔다. 최근에는 곤충의 가치가 지구상의 마지막 미개발 생물자원으로 재평가되면서 곤충산업의 성장이 가속화되고 있다.곤충산업은 농식품, 비농식품, 융복합 영역으로 구분할 수 있으며, 기술의 발달에 따라 다양한 분야로 확대되는 추세이다.&nbsp;① 농식품 영역은 친환경농업과 시설원예의 확산으로 해충방제용 천적곤충, 식물의 수정을 돕는 뒤영벌 등 화분매개곤충, 단백질 공급원인 귀뚜라미와 밀웜(Meal worm) 등 식품과 사료용 곤충의 산업화가 활발하게 진행되고 있다. 경기도 화성의 귀뚜라미 사육농가는 연매출 1억 이상을 달성하기도 하였다. ② 비농식품 영역은 음식물 쓰레기의 친환경적 처리, 곤충유래 물질에서의 기능성 신약 개발이 새롭게 떠오르고 있으며 애완&middot;학습용 분야도 빠르게 성장하고 있다. 곤충을 주제로 한 체험관광, 예술작품, 문화콘텐츠도 증가하고 있는데, 함평 나비축제는 지역축제를 통한 지역개발의 성공사례로 초등학교 교과서에 실리기도 하였다. 이제는 성공적인 지역축제를 세계인의 사랑을 받는 국제적인 축제로 발전시키는 노력도 중요할 것이다. ③ 융복합 영역으로는 생명공학의 발달과 기술의 융복합 추세에 따라 초파리 등을 활용한 유전학 연구와 자벌레의 운동능력을 모방한 대장 내시경, 바퀴벌레의 이동성을 응용한 로보로치 등이 상용화되었다.이처럼 곤충산업은 미래 고부가가치 성장산업으로 자리매김하고 있으며, 선진국들은 오래 전부터 시장을 선점하기 위한 연구개발 및 산업화에 매진하고 있다. 우리나라는 아직 천적, 화분매개, 애완용 등 일부 분야에서만 산업화가 이루어지고 있다. 그러나 최근 정부의 곤충산업 육성에 관한 법률 공포를 계기로 국내 곤충연구기관들의 네트워크를 통한 협력체계 구축, 유용 곤충탐색, 연구개발 강화, 전문기업 및 사육농가 육성 등 곤충산업 진흥을 위한 산&middot;학&middot;연의 전 방위적 노력이 필요할 것으로 판단된다.(2011.2.9, 농촌진흥청 홈페이지 팝업)http://www.rda.go.kr/sys/popUpSysView.do?preview=R&amp;popup_no=100000447652http://www.rda.go.kr/sys/popUpSysView.do?preview=R&amp;popup_no=100000447652",곤충의새로운가치.pdf,http://www.fact.or.kr/action.do?action=farmtech%24file&seq=30&file_seq=1,2011.02.10,이진필,30,곤충의 새로운 가치,463
"농림수산식품부(장관 유정복)는 농정현안 해결을 도모하고 미래 성장동력 창출을 견인하기 위해 농림수산식품 관련 민간 연구기관, 산업체연구소 등에 연구개발비를 지원하는 &ldquo;2011년도 농식품부 R&amp;D사업 추진계획&ldquo;을 확정&middot;발표하였다.&lsquo;11년도 R&amp;D사업은 총 1,339억원 규모로 생명산업기술개발사업 522억원, 고부가가치식품기술개발사업 248억원, 수산실용화기술개발사업 109억원, 기술사업화지원사업 80억 등이 지원된다.특히, 생명산업 육성을 목적으로 지원되는 생명산업기술개발사업의 경우(신규 투자액은 257억원) 가축질병, 채소수급 문제, 농식품안전 등 주요 정책현안 해결을 위해 중점 투입된다.농식품부는 '11년도 R&amp;D사업의 지원규모 확대, 사업개편, 추진방식 개선 등 대대적인 개편을 하였다고 밝혔다.&lsquo;11년 농식품부 R&amp;D사업비는 총 1,339억원으로 &rsquo;10년 1,092억원에 비해 247억원(22.6%)이 확대 투자된다. &lsquo;94년부터 도입된 농림기술개발사업은 생명산업기술개발사업, 첨단기술개발사업, 수출전략기술개발사업, 융복합지원센터지원사업 등 4개 사업으로 개편하여 추진한다.정부 정책방향과의 연계성을 높이기 위해 농식품부에서 지정공모(Top down)하는 기획과제 비중을 확대하고, 연구기관이 자유응모(Bottom up)하는 일반과제도 중점투자분야를 지정&middot;공모하는 방식을 도입할 계획이다.또한, 농식품부 R&amp;D 기획단(&lsquo;10.9월 구성)을 운영하여 현안문제를 해결하고 미래를 준비한 기획과제를 선정하였고, 특정분야 연구자가 아닌 다방면의 연구자들이 참여할 수 있도록 연구주제를 선정하였다. 한편, 연구개발 성과의 활용도 제고와 우수기술의 산업화 촉진을 위한 종합적인 지원시스템도 구축할 계획이다.먼저, 연구성과의 활용을 촉진하기 위해 &ldquo;농식품분야 R&amp;D 연구성과관리 종합계획&rdquo;을 마련하고 있다.우수 기술 산업화 지원을 위해 농수산업자신용보증기금을 통한 보증우대와 저리&middot;장기의 융자금 등을 지원할 수 있도록 관계기관 협의 등을 추진 중에 있다.농식품분야 R&amp;D 연구성과를 보다 손쉽게 접근&middot;활용할 수 있도록 &lsquo;10년부터 추진 중인 &rsquo;농림수산식품 R&amp;D 통합정보 서비스(FRIS)&lsquo;가 금년 4월부터 본격적으로 운영될 계획이다.(2011.2.1, 농림수산식품부 홈페이지 보도자료)http://www.mifaff.go.kr/gonews/content_view.jsp?newsid=155440419&amp;section_id=b_sec_1",2011년 농수산식품분야 투자.hwp,http://www.fact.or.kr/action.do?action=farmtech%24file&seq=29&file_seq=1,2011.04.25,이진필,29,"농수산식품분야 R&D 투자 1,339억원",425
"농림수산식품부(장관 유정복)는 2010년산 쌀에 대한 &ldquo;변동직불금&rdquo;을 80kg 당 15,588원, 1ha 당 950,868원으로 결정&middot;고시한다고 밝혔다.○ 2010년산 수확기(&lsquo;10.10&sim;&rsquo;11.1, 4개월) 평균 쌀값1)이 80kg 당 138,231원으로 조사됨에 따라 변동직불금은 80kg 당 15,588원2), 1ha 당 950,868원3)으로 결정되었으며, 지급대상자는 781천명, 지급면적은 789천ha로 집계되었다.1) 수확기 쌀값 조사 : 통계청,&nbsp; 조사기간 2010.10.1 ～ 2011.1.312) 변동직불금(80kg) :〔(목표가격, 170,083원)-(쌀값, 138,231원)〕&times;85%-고정직불금(11,486원)3) 1ha 당 변동직불금 : 15,588원 &times; 61가마(1ha 당 쌀 생산량)□ 이에 따라 &lsquo;10년도 쌀생산 농업인의 쌀 80kg당 수입은 평균 쌀값 138,231원과 고정직불금 11,486원, 변동직불금 15,588원을 모두 합한 165,305원으로, 목표가격(170,083원) 대비 97.2% 수준이다.○ 쌀 80kg으로 환산한 &lsquo;10년산 쌀직불금(고정+변동)은 지난 해(23,564원)보다 3,510원 증가한 27,074원으로 쌀 생산 농업인들의 소득보전에 크게 기여한 것으로 분석되었다.○ 변동직불금 지급 총액 7,506억원과 지난해 지급한 고정직불금*) 6,223억원을 합하면 2010년산 쌀직불금은 총 1조 3,729억원 이다.* 1ha당 지급액 : 농업진흥지역 746천원, 진흥지역 밖 597천원□ 아울러, &lsquo;10년산 변동직접지불금은 대상 농가별 지급액 확정 및 시&middot;도의 신청을 거쳐 3월에 농업인에게 지급될 계획이다.(2011.2.7, 농림수산식품부 홈페이지 보도자료)http://www.mifaff.go.kr/gonews/content_view.jsp?newsid=155440428&amp;section_id=b_sec_1",2010년산 쌀 변동직불금.hwp,http://www.fact.or.kr/action.do?action=farmtech%24file&seq=28&file_seq=1,2011.02.08,이진필,28,"「2010년산 쌀 변동직불금」은 80kg 당 15,588원입니다.",384
"식물성 물질을 분해하여 에너지로 바꾸는 일에 관해서라면, 소는 이미 모든 것을 알고 있다. 소의 소화기관은 소가 매일 150파운드(68kg) 이상의 식물성 물질을 섭취할 수 있게 해준다. 일리노이대 동물학과 Roderick Mackie 교수 등 연구자들은 과거에 알려진 바 없는 소의 반추위, 즉, 소의 네 개의 위 중 첫 번째 위(혹위)에 든 수십 개의 미생물 효소를 발견했다고 Science에 보고했다. 이 효소들은 재생 가능한 바이오연료 에너지원인 switch grass의 분해에 기여한다. 이번 연구는 훨씬 더 적당한 가격의 환경적으로 지속 가능한 바이오연료를 개발하는데 있어 주요 장벽을 다룬다. 연구진은 옥수수, 무 또는 사탕수수 같은 환경적으로 대가가 크고, 식품 공급을 위협하는 식량작물에 든 단순당의 발효에 의존하기보다는 풀 도는 목본성 식물의 잎과 줄기기를 액체 연료로 전환하는 더 좋은 방법을 찾고 있다. 이러한 2세대 바이오연료는 이상적으로는 탄소 중립적이어서 가공 및 활용 과정에서 배출되는 이산화탄소의 양만큼 대기 중 이산화탄소를 흡수한다.(중략)2008년에 시작된 과거의 연구에서 Mackle와 현 워싱턴주립대 교수 Matthias Hess(당시 미국 에너지부(DOE) 공동게놈연구소에서 박사후 연구생)는 반추동물 영양을 연구하기 위해 수십년된 기술을 이용했다. 그들은 가공한 알팔파 또는 switch grass을 포함하는 작은 그물망을 캐뉼라(외과적으로 설치한 영구적인 포탈)를 통해 소 반추위에 넣어 2-3일 후 각 식물 유형에 부착된 미생물을 조사했다. 시각적 및 화학적 분석 결과 반추위 내 미생물은 두 종류의 식물성 물질을 효율적으로 분해하며, 각 식물 유형을 공격하는 미생물 집단은 서로 다르다는 사실을 확인했다.(후략) (2011.2.1, 한국과학기술정보연구원(KISTI) 미리안 &quot;글로벌동향브리핑&quot;)http://mirian.kisti.re.kr/global/global_v.jsp",2011.04.25,이진필,27,"소의 반추위 효소, 더 좋은 바이오연료를 만든다.",494,"「2010년산 쌀 변동직불금」은 80kg 당 15,588원입니다.",384
"국립식물검역원(원장 박종서)은 외래병원체의 주요 유입경로가 되는 종자&middot;묘목류의 병원체 감염여부를 효율적으로 검사하기 위해 표준화된 실험실 정밀검사방법을 마련하여 3월1일부터 시행한다고 밝혔다.본 검사법은 식물체내에 잠복하고 있어 육안으로 검사가 불가능한 곰팡이, 세균, 파이토플라즈마, 바이러스, 바이로이드 등의 병원체의 감염여부를 분자생물학적 검사, 혈청학적 검사, 지표식물 검사 등의 첨단검사법을 적용하여 검사할 수 있도록 그 방법과 절차를 구체화하고 있으며, 특히, 종자의 경우, 수입자가 종자를 통해 전염하는 검역병원체의 감염여부를 사전에 자체적으로 검사할 수 있도록 종자 전염이 이루어지는 품목과 병원체 및 해당 병원체의 분포국가를 제시하고, 각 병원체별 검사방법과 검사방법별 세부절차를 정하고 있다.국립식물검역원은 표준화된 정밀검사법이 마련됨으로써 수입자가 원할 경우에는 기술전수교육을 실시할 계획으로 있으며, 수입자가 이 검사법에 따라 수입 전에 사전 검사를 하고 병원체에 감염되지 않은 건전한 것만을 수입할 경우, 종자와 묘목을 통한 병원체의 유입 차단은 물론 폐기&middot;반송 등의 검역조치로 인한 수입자의 경제적 부담도 크게 줄일 수 있을 것으로 내다보고 있다앞으로도 국립식물검역원은 식물검역기술개발사업을 통해서 병해충 진단기술의 개발을&nbsp; 지속하는 한편, 외국과의 기술교류도 활발히 하여 표준화된 신속&middot;정확한 첨단검사법을 지속적으로 보완해 나갈 계획이다.(2011.1.26, 국립식물검역원 보도자료, 공감코리아)http://korea.kr/newsWeb/pages/brief/partNews2/view.do?dataId=155717415&amp;call_from=extlink&amp;call_from=extlink",우량종자묘목류수입을위한표준화된 검역검사법마련시행.hwp,http://www.fact.or.kr/action.do?action=farmtech%24file&seq=26&file_seq=1,2011.02.01,이진필,26,「우량 종자·묘목류 수입을 위한 표준화된 검역검사법」 마련 시행,428
"열대과일 &lsquo;게욱&rsquo; 국내 적응시험 통과천국의 과일로 불리는 열대과일 &lsquo;게욱(Geuk, Gac)&rsquo;이 국내에서도 재배 가능한 것으로 나타났다.농촌진흥청은 지난해 4월 종자를 심어 무가온 하우스에서 재배해온 &lsquo;게욱&rsquo;이 1월 현재 붉은색 과일들이 주렁주렁 열리면서 국내 적응시험을 통과했다고 31일 밝혔다. 게욱은 박과에 속하는 여러해살이 덩굴성 식물이다. 베트남 등 동남아 열대지역에서 자란다. 다 자라면 메론 크기의 붉은색 열매가 된다. 겨울철에 12℃까지 견딘다. 지난해 12월 중순부터 키워 수확기에 이르렀다. 이번 국내적응 시험결과 제주도에서 하우스재배를 할 경우 9개월 만에 수확이 가능한 것으로 밝혀졌다.(후략) (2011.1.31, 머니투메이)http://news.mt.co.kr/mtview.php?no=2011013113510446572&amp;type=2",2011.01.31,이진필,25,'천국의 과일'이 국내서도 재배된다,451,「우량 종자·묘목류 수입을 위한 표준화된 검역검사법」 마련 시행,428
"◇ 3년간 100여명의 전문 연구진들의 과학적 검증을 거친 우리나라 최초의 자생생물 인벤토리 완성◇ ABS 의정서 발효에 대비하여, 고유자생생물 주권확대에 크게 기여할 것으로 기대 □ 국립생물자원관(관장 김종천)은 「국가 생물종 목록 구축」사업을 통해 객관적이고 과학적 검증을 거친우리나라 최초의 자생생물 인벤토리를 구축하였다고 밝혔다※ 자생생물: 한반도 내 자연 상태에서 서식하는 모든 생물(관상, 양식, 작물 등의 외래도입종 제외)○ 국내&middot;외 최고의 전문연구진 100여명이 참여하여 지난 3년간(&lsquo;08-&rsquo;10) 방대한 양의 문헌을 수집하고 분석하여, 식물(5,230종), 곤충(13,384종), 척추동물(1,841종) 등 총 36,921종에 대한 새로운 국가 생물종 목록을 완성하였다.※ 국가 생물종의 분류체계, 학명, 명명자, 원기재문, 국명, 이명, 발표문헌 등에 대한 과학적 검토를 수행하였다□ 국립생물자원관은 1996년에 &lsquo;자연보호중앙협의회&rsquo;가 「국내 생물종 문헌조사 연구」에서 보고한 28,462종에 대한 과학적이고 종합적인 재검토와 함께 누락되거나 새로이 발굴된 16,410종에 대한 추가 조사를 수행하였다.○ 1996년 목록에서 같은 종을 여러 다른 이름으로 기록한 것들을 찾아 재정리하였는데, 대표적인 예로, 홍어(Okamejei kenojei), 상어가오리&nbsp; (Raja porosa), 묵가오리(Raja fusca)는 모두 같은 하나의 종으로 확인 되어, 분류학적 검토 후 정명인 홍어(Okamejei kenojei)로 정리하였다※ 정명&middot;이명: 「국제동&middot;식물명명규약」에 따라 동일한 종에 이름이 여럿 부여되었을 경우, 발표 순서가 빠른 것이 정명이 되고 발표의 시기가 늦거나 다른 여러가지 이유로 사용되지 않는 학명을 그 정명에 귀속되는 이명이라고 한다○ 풀매미(Cicadetta pellosoma)처럼 우리나라에 분포하지 않는 것으로 확인된 종들과,&nbsp; 구름버섯(Coriolus)과 같이 &lsquo;국제식물명명규약&rsquo;에 어긋난 학명(비합법명)을 사용하였던 종들을 찾아 전문연구진들의 면밀한 검토를 거쳐 이번에 구축한 &lsquo;국가 생물종 인벤토리&rsquo;에서 제외시켰다○ 또한 1996년 목록에서 누락되었던 &lsquo;식물병원성균류&rsquo;, &lsquo;해면동물&rsquo;, &lsquo;선형동물&rsquo; 등의 분류군과 함께 &lsquo;제주고사리삼&rsquo;, &lsquo;참갈겨니&rsquo;, &lsquo;꽃매미&rsquo;와 같이 새로이 발굴된 신종&middot;미기록종 16,410종을 추가로 검토하였다○ 그 결과, 2010년 12월 현재 우리나라 자생생물자원이 14년전 보다 8,459종이 늘어난 36,921종임을 공식 확인하였으며 이들의 모든 정보를 쉽고 빠르게 이용할 수 있도록 국가 생물자원 관리시스템과 연계하여 데이터베이스화 하였다□ 한편, 국가 생물자원 주권확립의 중심기관으로서 국립생물자원관이 공식 출범하면서 지난 4년간 체계적이고 집중적인 자생생물 조사&middot;발굴 연구 사업을 통해 발굴한 자생생물 중, 국제적인 검증과정에 있는 3,500여종의 신종&middot;미기록 후보종을 포함한다면 현재 우리나라에서 보고된 자생생물종 수는 4만1천종에&nbsp; 이르는 것으로 추정된다□ 이번에 새롭게 구축된 &lsquo;국가 생물종 인벤토리&rsquo;를 통해 우리나라 고유생물자원의 주권영역이 확대되었고, ABS에 대응하기 위한 실질적인 체제를 우선적으로 갖추게 되었다고 할 수 있다※ 일본 나고야에서 개최된 제10차 생물다양성협약(CBD) 당사국총회에서 &lsquo;생물자원의 접근 및 이익공유(ABS)를 규정하는 「나고야 의정서」가 채택(&rsquo;10.10.30)됨에 따라 생물자원 주권 강화를 위한 국가간 경쟁이 본격화될 것으로 전망이며, 나고야 의정서는 50개국 이상이 비준한 후 90일이 지나면 발효될 예정이다○ 새로운 「국가 생물종 인벤토리」는 우리나라 자생생물자원 보존&middot;관리는 물론 생물유전자원 전쟁에 대비한 중요한 증거 자료로써 활용될 것으로 기대된다□ 김종천 국립생물자원관장은 &ldquo;국가 생물자원 인벤토리 완성을 통해, 이제서야 비로소 ABS 의정서(나고야 의정서) 발효 후 본격화 될 국가간 생물자원 전쟁에서 우리나라 고유생물자원에 대한 주권을 지킬 수 있는 근거자료가 마련된 것이며, 이를 바탕으로 국내&middot;외 생물(유전)자원의 안정적 확보 및 관리를 위해 글로벌 선도기관으로서 최선을 다할 것이다&rdquo;라고 밝혔다○ 이를 위해 우선 10만종으로 추정되는 우리나라 자생생물 중에서 그간 밝혀지지 않은 것을 신속히 찾아내어 우리나라 생물자원의 주권영역을 최대한 확대해 나갈 계획이라고 밝혔다※ 우리나라와 국토 면적 및 지리학적 위치가 비슷한 일본과 영국의 경우 각각 9만 여종이 보고되고 있다(OECD, 2004)붙임 1. 1996년 이후 새로 발굴하여 검증이 완료된 주요 생물종붙임 2. 새로이 발굴되어 검증 단계에 있는 신종&middot;미기록종 후보붙임 3. 과학적 검증을 거쳐 재정리된 주요 생물종붙임 4. 분류군별 국가 생물종 목록 구축 현황붙임 5. 1996년자료와 비교한 분류군별 종 수붙임 6. 국가 생물종 목록 데이터베이스(2011.1.14, 국립생물자원관 보도자료)http://www.nibr.go.kr/NEW/board/article_view.jsp?board_no=21&amp;article_no=20046&amp;menuTop=5&amp;menuSub=03-01-00-04",우리나라 자생생물 3만7천종을 새로이 밝혀내다.hwp,http://www.fact.or.kr/action.do?action=farmtech%24file&seq=24&file_seq=1,2011.04.25,이진필,24,우리나라 자생생물 3만7천종을 새로이 밝혀내다,539
"- 농진청 홈페이지에서 개정 설계도&middot;시방서 볼 수 있어 -대설, 강풍 등 기상재해로부터 비닐하우스, 인삼재배시설 및 간이버섯재배사 등의 시설피해를 막기 위한 &lsquo;원예특작시설 내재해형 규격&rsquo; 기준이 바뀌었다.농촌진흥청은 지난 12월 7일 원예특작시설 내재해형 규격 고시가 개정(농림수산식품부 고시 제2010-128호)됨에 따라 관련 설계도와 시방서를 홈페이지에 게시, 시설재배 농업인이 활용할 수 있도록 했다고 밝혔다.이번에 고시된 개정안의 주요 내용을 보면 단동하우스의 서까래 규격 조정시공 내용이 확대돼 농업인의 선택 폭이 넓어졌다. 이전의 내재해 단동하우스 중에서 하우스 크기가 2종인 &lsquo;07-단동-5~17형&rsquo;은 폐지되고 규격을 다양화한 &lsquo;10-단동-1~13형&rsquo; 모델이 제시됐다.&nbsp; 이전의 내재해형 규격시설은 설계도에 명시된 모델에서 서까래 간격만 조정 가능했으나 이번 개정안에는 지붕도리 개수, 서까래외경(&phi;25.4&times;1.5t/1.7t~&phi;31.8&times;1.5t/1.7t)과 간격(50~90cm) 조정을 모두 고려한 적설심 및 풍속강도가 제시됐다.고설(高設&middot;High bed) 벤치 설치가 가능한 딸기재배용 단동하우스 4종(서까래 규격 조정시공 포함)과 참외재배용 단동하우스 4종도 추가됐다.&nbsp;&nbsp; 광폭비닐하우스 2종(폭 14m 아치형과 폭 16m 트러스형), 파프리카 재배가 가능한 자동화비닐하우스 1종, 포도재배용 소형 연동비닐하우스 1종 등도 추가됐다.또한 내재해형 민간 전문업체 개발 규격시설인 &lsquo;07-광폭(민)-1~3형&rsquo; 모델은 &lsquo;10-광폭(민)-1~3형&rsquo;으로 대체 지정됐다.&nbsp;&nbsp; 이밖에 기존 규격시설 중 농가보급형 자동화비닐하우스 1-2W형 2종(각관A형 및 서까래보강형)의 하우스 높이 상승에 따른 구조보강 방법이 부록으로 실려 있다.농촌진흥청은 앞으로도 내재해형 규격 운영상의 미비점을 꾸준히 보완하는 한편, 농업인이 필요로 하고 재배작목을 고려한 내재해 규격을 지속적으로 개발할 계획이다.&nbsp; 또한 이번 개정안에 포함되지 않은 시설은 시설전문기관(구조기술사무소)의 구조안전성 검토를 거쳐 구조해석 결과가 지역별 내재해 설계 적설심 및 풍속강도 기준을 상회하는 시설에 대해서는 농림수산식품부의 심사 등을 거쳐 내재해 규격으로 인정받을 수 있다.이번에 개정 고시된 &lsquo;원예특작시설 내재해형 규격 설계도&middot;시방서&rsquo;는 농촌진흥청 홈페이지(www.rda.go.kr&gt;기술정보&gt;영농기술보급&gt;시설표준설계도)에 게시되어 있으며, 궁금한 사항은 국립농업과학원 농업재해예방과(031-290-1943~4), 국립원예특작과학원 시설원예시험장(051-602-2144)으로 문의하면 자세한 안내를 받을 수 있다.(2011.1.10, 농촌진흥청 홈페이지 농촌진흥일보)http://www.rda.go.kr/board/board.do?catgId=&amp;menu_id=pun&amp;boardId=farmprmninfo&amp;searchKey=&amp;userJumin=&amp;searchVal=&amp;searchSDate=&amp;prgId=day_farmprmninfoEntry&amp;portlet_kind=default&amp;portlet_rowCnt=4&amp;mode=view&amp;portlet_gubun=1&amp;currPage=2&amp;CONTENT2=&amp;searchEDate=&amp;CONTENT1=&amp;nckUserNm=&amp;list_kind=news&amp;CONTENT3=&amp;dataNo=100000446669&amp;menu_nm=%C8%AB%BA%B8%B4%BA%BD%BA",원예특작시설+내재해형+규격+설계도(농식품부고시+제2010-128호).pdf,http://www.fact.or.kr/action.do?action=farmtech%24file&seq=23&file_seq=1,2011.01.27,이진필,23,원예특작시설 ‘내재해’ 규격기준 바뀌었어요,562
"1년새 두배 올라 &hellip;종자원 &ldquo;민간업체도 공급할 수 있도록 정부지원 계속 낮출것&rdquo;정부가 보급하는 콩 종자 가격이 1년 새 두배 가까이 올라 농업인들의 원성을 사고 있다.농림수산식품부와 일선 농가들에 따르면 국립종자원은 올봄에 파종할 콩 종자 1,170t을 확보, 2월1일부터 농가 신청을 받을 예정이다. 종자원이 공급하는 정부보급종 콩은 발아율이 높고 값도 저렴해 농가들로부터 큰 인기를 얻어 왔다. 하지만 올해 공급가격은 5㎏짜리 한자루에 2만3,000원으로 지난해의 1만2,200원에 견줘 89%(1만800원)나 올랐다표 참조. 종자원은 &ldquo;지난해 콩 가격이 급등하면서 (계약생산농가에 지급하는) 수매가격이 크게 올랐고, 이 때문에 보급종 콩 가격의 대폭적인 인상이 불가피했다&rdquo;고 설명했다.여기에 정부가 콩 종자에 대한 지원을 줄인 것도 보급종 콩 가격 급등의 한 원인으로 꼽힌다. 그동안 정부는 수매와 소독 등에 들어가는 비용 중 50%를 보조해 줬다. 정부보급종 콩 가격이 사실상 원가에도 미치지 않았던 것. 하지만 정부는 식량작물 종자시장에 민간업계의 참여를 확대한다는 취지 아래 콩 종자에 대한 지원을 단계적으로 줄이기로 하고 정부보전율을 올해부터 매년 12.5%포인트씩 낮추기로 했다. 보급종 콩 가격이 앞으로도 계속해서 오를 가능성이 높은 것.(후략) (2011.1.26, 농민신문)http://www.nongmin.com/article/ar_detail.htm?ar_id=183322&amp;subMenu=point",2011.01.27,이진필,22,"보급종 콩 종자, 지원 ‘싹둑’ 값 ‘껑충’",465,원예특작시설 ‘내재해’ 규격기준 바뀌었어요,562
"국립 한국농수산대학(총장 배종하, 이하 한농대)은 18일(화) '2011학년도 정시모집' 합격자 114명의 명단을 발표했다.정시모집에 376명(2010학년도 정시모집과 동일)이 지원해 평균 3.3:1의 경쟁률을 보였다.학과별로 살펴보면 14명을 선발한 대가축학과에 69명이 지원해 4.9:1로 가장 높은 경쟁률을 보였으며, 특용작물학과의 약&middot;특전공이 3.9:1, 채소학과 3.7:1, 식량작물학과 3.3:1, 화훼학과 3.1:1, 특용작물학과 버섯전공 3.1:1, 과수학과 3.0:1, 수산양식학과 2.4:1, 중소가축학과 2.1:1 순이었다.학과별 합격자 수는 식량작물학과 14명, 특용작물학과(약&middot;특전공+버섯전공) 20명, 채소학과 14명, 과수학과 14명, 화훼학과 14명, 대가축학과 14명, 중소가축학과 14명, 수산양식학과 10명 등 총 114명이다.합격자 가운데 4년제 대학교를 졸업한 고학력자들과 일본 농업계 고교 출신 학생, 일란성 쌍둥이 자매&middot;형제 3쌍이 합격하는 등 특이합격자들도 눈에 띄었다.※ 2011학년도 신입생 중 최고령합격자 : 손영진(42세, 특용작물학과 약특전공) (2011.1.24., 농림수산식품부 홈페이지 보도자료)http://www.mifaff.go.kr/gonews/content_view.jsp?newsid=155440382&amp;section_id=b_sec_1",2011 미래의 농어업 농어촌 지도자 114명 선발.hwp,http://www.fact.or.kr/action.do?action=farmtech%24file&seq=21&file_seq=1,2011.01.25,이진필,21,미래의 농어업·농어촌 지도자 114명 선발,488
"전국적으로 유명한 추어탕 식당의 요리법을 몰래 빼낸 뒤 유사 체인점을 차려 장사를 하던 업주가 실형을 선고받았다. 요리법도 경제적 이득과 직결될 수 있으므로 지적재산권으로 보호받을 수 있다는 판결이다.(중략)서울중앙지법 형사3단독 손병준 판사는 영업비밀을 알아내 부당한 이득을 챙긴 혐의(부정경쟁방지 및 영업비밀보호법 위반)로 기소된 박씨에게 징역 1년을 선고했다고 23일 밝혔다. 손 판사는 &ldquo;박씨는 남가네 설악 추어탕에 근무한 사람이면 누구나 조리할 줄 알아 추어탕 조리방법에 비밀이 없다고 주장했다&rdquo;며 &ldquo;그러나 남씨 등은 추어탕 소스배합실을 출입금지 구역으로 정해 놓고 제조 담당 직원에게는 비밀유지 서약서를 받는 등 요리법이 지적재산권으로 보호받을 가치가 있다&rdquo;고 설명했다. (2011.1.23, 국민일보)http://news.kukinews.com/article/view.asp?page=1&amp;gCode=kmi&amp;arcid=0004564481&amp;cp=nv",2011.01.25,이진필,20,“요리법도 지재권 보호”… 몰래 빼내 가맹점 차린 50대 징역 1년 실형,343,미래의 농어업·농어촌 지도자 114명 선발,488
"농어촌 주민에게 필요한 공공서비스 수준, 즉 농어촌서비스기준의 법적근거가 마련되고, 농어촌에 일자리를 창출하거나 공공서비스를 제공하는 법인은 정부의 지원을 받을 수 있게 된다.농림수산식품부는 이러한 내용을 골자로 하는「농어업인 삶의 질 향상 및 농어촌지역 개발촉진에 관한 특별법」&middot;시행령&middot;시행규칙&middot;고시 제&middot;개정안이 1월 24일부터 시행된다고 발표하였다. 주요 내용은 다음과 같다.농어촌 주민의 삶의 질 향상을 위해 2009년 12월 농어업인 삶의 질 향상 위원회에서 심의&middot;의결된 농어촌서비스기준이 법적근거를 가지고 체계적으로 운용된다. 농어촌서비스기준이란 농어촌주민이 일상생활을 영위하는데 필요한 공공서비스의 항목과 항목별 목표치로 주거&middot;교육&middot;교통&middot;문화&middot;의료 등 8개 분야 31개 항목으로 구성된다.동안 농어업인 삶의 질 계획 시행 등 농어촌정책을 통해 농어촌의 기초인프라를 구축하고, 사회안전망을 강화하는 등 다양한 성과를 가져왔지만, 여전히 도시와 농어촌간의 공공서비스 수준의 격차가 있었다.(2011.1.23, 농림수산식품부 홈피이지 보도자료(일부수정))http://www.mifaff.go.kr/gonews/content_view.jsp?newsid=155440380&amp;section_id=b_sec_1",2011 농어촌의 공공서비스수준 높아진다.hwp,http://www.fact.or.kr/action.do?action=farmtech%24file&seq=19&file_seq=1,2011.01.24,이진필,19,농어촌의 공공서비스 수준 높아진다,358
"미국의 농업 관행은 대기 중에서 세번째로 만연한 온실가스인 아산화질소(N₂O)를 58%나 만들어낸다. 과학자들은 아산화질소가 이산화탄소보다 지구 온난화에 300배 이상 더 기여한다고 믿는다. 이 문제를 해결하기 위해 새로운 농법과 제품들이 도입되었지만, 농민들에게는 궁극적으로 &quot;최종 결산 결과&quot;를 손상시킬 수 있는 아이디어들을 시험할만한 시간이나 이윤이 없다. 이러한 상황에서 미국 미주리대 연구진은 농민들이 옥수수 수확량을 증가시키는 한편, 온실가스 배출량을 감소시키는 방법을 찾아냈다.농업경제학자이자 미주리대 식물학과 부교수인 Kelly Nelson은 미주리주 북동부에 있는 미주리대 그린리연구센터(Greenley Research Center)에서 콩 다음에 옥수수를 재배했던 배수 불량 점토반 밭을 모니터링 했다. 밭 하나는 토양 밴드에 질소 비료가 있는 상태에서 스트립 경운한 밭이었으나, 다른 밭은 질소 비료로 표면 시용한 채 경운하지 않은 밭이었다. 연구진은 표면시용-무경운법에 비해, 스트립 경운과 구역 시비법이 생산된 옥수수 약 35리터 기준으로 배출되는 온실가스의 양을 상당히 줄인다는 사실을 발견했다.스트립 경운법은 전체 밭을 경운하지 않고, 폭 30cm, 깊이 약 20&sim;23cm 되는 스트립 단위로 밭을 경운하는 농법으로, 이 농법은 작물 잔여물이 밭의 표면 대부분에 남도록 한다. 옥수수를 이러한 스트립으로 심으면서 비료를 시비함으로써, 농민들은 더 적은 양의 에너지를 사용할 수 있고, 토양 부식을 줄이며, 넓은 면적의 토양 수분을 보존할 수 있다. 또한, 질소가 환경으로 손실될 가능성이 더 낮은 깊숙한 토양 내에 머무를 수 있다.(후략) (2011.1.19, 한국과학기술정보연구원(KISTI) 미리안 &quot;글로벌동향브리핑&quot;)http://mirian.kisti.re.kr/global/global_v.jsp",2011.04.25,이진필,18,온실가스 배출 저감 및 수확량 증산을 위한 새로운 농법,443,농어촌의 공공서비스 수준 높아진다,358
"미국 캘리포니아대학교 포도재배&middot;와인양조학부 연구진은 포도 흰가루병 저항성 유전자(Ren4)의 유전체 위치를 파악하고 저항성 품종 육성을 위한 선발표지를 개발한 연구결과를 Theoretical and Applied Genetics지 온라인 최신호에 발표하였다.(중략) 연구진은 단일 염기 반복(simple sequence repeat; SSR) 표지 자료에 기초한 제한적인 저항성 유전자의 집적을 위한 연구를 수행했다.연구결과 97개체의 06708 집단에서 기존 흰가루병과 관련이 있는 것으로 보고된 7개의 염색체(4, 7, 9, 12, 13, 15, 18)로부터 137개의 SSR표지가 탐색되었다. 이들 표지는 유사검정교배(pseudo-testcross)방법과 양적형질유전자좌(QTL) 분석을 이용하여 유전자지도를 작성하였다. 유전자지도 작성 결과 선발된 SSR표지들은 47개체의 04327 집단과 80개체의 06712 집단의 염색체 13과 18번에서만 표지들이 위치하였다. 흰가루병 저항성과 관련된 중요한 QTL들은 염색체 18번에서 다른 조직형태(잎, 줄기, 엽병, 장과)와 연관되어 있었다. 이 QTL은 염색체 12번의 Run1로 명명하였다.(후략) (2011.1.19, 한국과학기술정보연구원(KISTI) 미리안 &quot;글로벌동향브리핑&quot;)http://mirian.kisti.re.kr/global/global_v.jsp",2011.04.25,이진필,17,포도 흰가루병 저항성 분자표지 개발,525,농어촌의 공공서비스 수준 높아진다,358
"국립 한국농수산대학(총장 배종하, 이하 한농대)은 현장 중심의 지식, 기술 등을 통해 농어촌사회를 주도적으로 이끌어갈 창의적 농어업 인재 육성을 위해 현장실습교육에 대한 열정과 봉사정신을 가진 실습지도 현장교수를 공개모집 한다.'장기현장실습'이란 1학년 때 배운 기본지식과 기술을 바탕으로 선진농장주 지도하에 직접 종사하며, 생산&middot;유통&middot;경영&middot;가공기술을 배우는 현장중심의 2학년 교육과정이다.(2011.1.20, 농림수산식품부 홈페이지 보도자료)http://www.mifaff.go.kr/gonews/content_view.jsp?newsid=155440370&amp;section_id=b_sec_1",2011년 농업선생님을 찾습니다-한국농수산대학.hwp,http://www.fact.or.kr/action.do?action=farmtech%24file&seq=16&file_seq=1,2011.01.21,이진필,16,“농업선생님을 찾습니다”,417
"농림수산식품부 국립종자원(원장 김창현)은 올 봄에 파종할 콩 보급종을 2월 1일부터 3월 18일까지 시&middot;군 농업기술센터(농업인상담소) 또는 읍&middot;면&middot;동 주민센터를 통해 신청 접수 받는다.신청 대상 품종은 장류 및 두부용 콩인 대원콩, 태광콩, 황금콩, 대풍콩 4개 품종(950톤)과 콩나물용 콩인 풍산나물콩, 신화콩 2품종(220톤)이다.공급 가격은 5kg 한 포대당 23,000원이며, 4월 1일부터 5월 10일까지 지역농협을 통해 신청농가에 공급된다.콩 정부 보급종은 LMO(유전자변형생물체) 위해성 논란으로부터 안전한 종자로써 정밀한 종자검사를 거쳐 합격한 종자만을 공급하므로 발아율이 좋고, 품종 고유의 특성이 유지된다.다만, 과도한 밀식과 다비재배를 할 경우, 도복 및 병해충 저항성을 약화시킬 수 있으므로 적정 재식거리 유지 및 과다 시비에 주의하여야 한다.(2011.1.20, 농림수산식품부 홈페이지 보도자료)http://www.mifaff.go.kr/gonews/content_view.jsp?newsid=155440371&amp;section_id=b_sec_1",2011년 콩보급종 2월 1일부터 신청하세요.hwp,http://www.fact.or.kr/action.do?action=farmtech%24file&seq=15&file_seq=1,2011.01.21,이진필,15,콩 보급종 2월 1일부터 신청하세요,413
"농림수산식품부공고 제2011-7호해외자원개발사업법 제11조 및 같은법 시행령 제11조의 규정에 따라 2011년 해외농업개발 융자사업자 모집을 다음과 같이 공고합니다.2011. 1. 17농림수산식품부장관ㅇ 자세한 사항은 붙임 공고문을 참조하시기 바랍니다.* 본 공고와 관련 문의사항은 한국농어촌공사 해외사업추진단(031-420-4202)으로 하시기&nbsp; 바랍니다(제출서류 양식 등 확인 가능).(2011.1.18, 농림수산식품부 홈페이지 공고)",2011년해외농업개발사업시행지침(홈페이지).hwp,http://www.fact.or.kr/action.do?action=farmtech%24file&seq=14&file_seq=1,2011.01.21,이진필,14,2011년도 해외농업개발사업 융자사업자 모집 공고,491
"□ 식품의약품안전청(청장 노연홍)은 네팔과 뉴질랜드 여행 중 현지에서 또는 인터넷 사이트를 통해 직접 벌꿀을 구매하거나 섭취하고자 할 경우 각별한 주의를 당부하였다. ○ 네팔 고산지대에서 채취한 벌꿀(석청)은 그레이아노톡신이라는 독소를 함유하여 이를 섭취할 경우 저혈압, 오심, 구토 등을 일으킬 수 있어, 네팔산 석청의 수입 및 유통은 금지되어 있다. ※ 그레이아노톡신(Grayanotoxin) : 히말리아 고산지역 철쭉(Rhododendron)속 식물의 화분(pollen)과 꽃 꿀(nectar)에 존재하는 심혈관관련 독소○ 또한, 투투나무가 자생하는 뉴질랜드 지역에서 늦은 여름에 생산한 벌꿀은 투틴이라는 독소를 함유하고 있어, 이를 섭취할 경우 구토, 어지러움 등을 일으킬 수 있어 주의하여야한다.※ 투틴(Tutin) : 투투나무(Coriaria arborea)수액을 곤충(passion vine hopper, Scolypopa australis)이 섭취하여 만들어낸 신경독소□ 식약청은 평소 즐겨먹는 달콤한 벌꿀도 잘못 섭취할 경우 유해할 수 있으니 주의할 것을 당부하였으며, 국내에 정식 수입되어 유통되고 있는 벌꿀은 안전하다고 밝혔다.(2011.1.20, 식품의약품안전청 보도자료)http://www.kfda.go.kr/index.kfda?mid=56&amp;pageNo=1&amp;seq=14001&amp;cmd=v",벌꿀 구입시 주의-식품의약품안전청.hwp,http://www.fact.or.kr/action.do?action=farmtech%24file&seq=13&file_seq=1,2011.04.25,이진필,13,‘벌꿀’해외에서 구입 시 이것만은 주의하세요!,574
"□ 식품의약품안전청(청장 노연홍)은 &lsquo;10년 건강기능식품 기능성원료의 개별 인정 현황을 분석한 결과, 기능성 원료 다양화와 국내 개발 비중 증가 등의 특징이 더욱 뚜렷해지고 있다고 밝혔다.○ 이는 고령화 영향과 삶의 질에 대한 욕구가 더욱 높아지면서 건강기능식품에 대한 관심이 늘어나고 있는 데 따른 것으로 분석된다.□ 은행잎추출물과 밀크씨슬추출물이 두각○ 은행잎추출물은 &lsquo;기억력개선과 혈행 개선&rsquo;으로 인정받은 기능성 원료로서 11건이 인정되었으며, 밀크씨슬추출물은 &lsquo;간건강&rsquo; 원료로 10건이 인정되었다. ○ 특히 &lsquo;간건강&rsquo; 기능성 원료는 &rsquo;09년부터 수요가 꾸준히 증가하여 &lsquo;08~&rsquo;09년 가르시니캄보지아추출물, 공액리놀레산으로 최상위를 차지하던 '체지방 감소&rsquo;, &lsquo;관절&middot;뼈 건강&rsquo; 보다 원료 인정건수도 더 많고 제품 개발도 더욱 활기를 띠고 있다. □ 기능성 원료 다양화○ &lsquo;10년 개별인정 원료는 전년 대비 24%증가(278건&rarr;346건)하였으며 &rsquo;체지방감소, 관절&middot;뼈 건강&lsquo; 등에서 &rsquo;갱년기 여성건강, 눈건강,피부건강, 요로건강, 기억력, 소화기능&lsquo; 등으로 기능성 인정이 다양화되는 양상을 보이고 있다.○ 특히, &lsquo;10년에 &rsquo;갱년기 여성건강&lsquo;으로 신규 인정된 원료인 백수오 등 복합추출물, 석류추출물, 회화나무열매추출물은 국내개발원료로, 제품신고도 가장 많았고(총 36품목),&nbsp; - 간건강 제품(26품목), 혈행개선/기억력개선 제품(6품목), 눈건강 제품(5품목), 면역제품(2품목), 요로건강제품(1품목), 피부제품(1품목) 등으로 다양하였다.○ &rsquo;04년 법률 시행 이후 6년간(&lsquo;04~&rsquo;10) 기능성원료 인정 건수는 총 346건으로 매년 15% 이상의 성장세를 보이고 있다.□ 기능성원료 국내 개발 증가 추세○ &lsquo;10년 인정된 기능성 원료는 총 68건으로 이 중 국내에서 개발된 원료가 차지하는 비율이 27%(18건)로서 &lsquo;08년(23%)에 비하여 4% 늘어났다.- 국내 개발 기능성 원료 비율 : (&lsquo;08)23%&rarr;(&rsquo;09) 26%&rarr;(&rsquo;10) 27% ○ 특히 양파추출물을 비롯하여 레몬밤추출물혼합분말, 지각상엽추출혼합물, 전칠삼추출물등복합물 등 국내개발 신규 원료가 다양해졌다. □ 식약청은 기능성 인정 등급을 세분화하여 소비자 선택권 및 알권리 보호를 강화하는 동시에 관련 산업 활성화 및 국내 기능성소재 원료개발을 적극 지원하기 위하여 제품화기술 컨설팅과 전문가 양성 교육을 확대해 나갈 계획이라고 밝혔다.(2011.1.14, 식품의약품안전청 보도자료)http://www.kfda.go.kr/index.kfda?mid=56&amp;pageNo=1&amp;seq=13959&amp;cmd=v",건강기능식품기준과-1.hwp,http://www.fact.or.kr/action.do?action=farmtech%24file&seq=12&file_seq=1,2011.04.25,이진필,12,건강기능식품 원료가 다양해졌다!,544
"□ 식품의약품안전청(청장 노연홍)은 국제식품규격위원회(Codex)에&nbsp; 현재 열대과일류로 분류되어 있는 우리 농산물 감 및 대추에 대한 식품분류 체계 개정 요청을 요청하였다고 밝혔다. ○ 동 개정안이 승인될 경우 우리나라의 감 및 대추에 대한 농산물 수출길이 확대된다고 밝혔다.※ Codex : 1962년 소비자의 건강보호와 식품 교역 시 공정한 무역 행위를 확보할 목적으로 설립, 동 위원회의 잔류농약 등 규격이 범세계적인 공통 규격으로 활용□ 현행 Codex의 식품분류는 우리나라, 중국, 일본 등 아시아에서 주로 재배되는 감과 대추의 분류가 열대과일류로 분류되어 있어서 우리나라 식품 수출에 불리하게 작용하고 있다.○ Codex의 열대과일류에는 농약기준이 거의 없어서 국내 농산물 수출시 불검출로 적용받게 되어 부적합 판정을 받게 된다. ○ 우리나라에서 감은 인과류로, 대추는 핵과류로 분류되어 있으며, Codex의 식품분류가 우리나라와 동일하게 개정되면 농산물 수출시 농약기준 초과에 의한 부적합이 현저히 감소될 수 있다.&nbsp;&nbsp; ※ 2011년 1월 15일 국제식품분류체계 개정안을 Codex에 제출※ 국가 잔류농약 안전관리 연구사업단(단장 :이중근, 한국보건산업진흥원), 단감 수출 연구사업단(단장 : 안광환, 경상남도 농업기술원), 농촌진흥청, 국립종자원의 전문가 그룹에서 자료 마련○ 금번에 제출한 개정안은 올해 4월 중국 베이징에서 개최되는 Codex 농약잔류분과위원회 회의에 상정되며, 동 개정안 반영을 위하여 일본 및 중국과 공동으로 대처할 예정이다.○ 식약청은 2010년에도 쪽파, 복분자, 송이버섯, 버섯류, 들깨, 유자 를 국제식품분류 개정안을 제출하여 최종 등재시킨 바 있다.※ 우리나라 농산물이 국제식품분류에 등재되지 않거나 잘못 분류되어 있을 경우 농약잔류허용기준을 엄격하게 적용 받는 등의 불이익을 받게 되므로 분류체계 개정이 필요함.□ 식약청은 향후에도 채소류에 대한 국제식품분류에 배추, 들깻잎 등에 대한 우리나라의 개정안을 마련하여 국격 향상 및 수출증대에&nbsp; 주도적인 역할을 하겠다고 밝혔다. (2011.1.19, 식품의약품안전청 보도자료)http://www.kfda.go.kr/index.kfda?mid=56&amp;pageNo=1&amp;seq=13980&amp;cmd=v",우리 농산물(감 및 대추) 수출 길 확대된다.hwp,http://www.fact.or.kr/action.do?action=farmtech%24file&seq=11&file_seq=1,2011.01.20,이진필,11,우리 농산물(감 및 대추) 수출 길 확대된다!,494
"농촌진흥청(청장 민승규)과 중소기업청(청장 김동선)은 19일 '강소농(强小農)' 육성을 위한 업무협약을 체결했다.이번 협약체결을 계기로 양 기관은 신기술과 경영노하우, 마케팅을 접목해 농업을 단순 식품생산 기능에서 1~3차 고부가가치 융복합산업으로 탈바꿈시키는 '강소농' 육성사업을 적극 추진하게 된다.특히 농진청의 농업인 소규모 창업사업과 중기청의 창업활성화 지원사업 등을 연계, 창업자금 지원이나 창업컨설팅 활동 등을 통해 농업인에게 실질적인 도움을 주게된다.(후략) (2011.1.19, 연합뉴스)http://news.naver.com/main/read.nhn?mode=LSD&amp;mid=sec&amp;sid1=100&amp;oid=001&amp;aid=0004873976",2011.01.19,이진필,10,농진청-중기청 '강소농 육성' 한마음,340,우리 농산물(감 및 대추) 수출 길 확대된다!,494
"농림수산식품부는 '11년 맞춤형비료 농가 판매가격(평균)이 전년 대비 19.2%(전체 화학비료는 16.8%) 인하되었다고 밝혔다.맞춤형비료를 포함한 화학비료 가격인하로 전체농가의 &lsquo;11년 화학비료 부담액은 전년보다 약 1,022억원 감소할 것으로 전망하고 있다.&lsquo;11년 화학비료 가격은 국제 원자재가격 상승으로 6% 수준의 인상요인이 있었으나 맞춤형비료 등의 입찰결과 낮은 가격으로 낙찰되어 농가 판매가격이 낮아지게 되었다.* 복합비료 중 맞춤형비료 점유율 : (&lsquo;10) 68%(498천톤) &rarr; (&rsquo;11.P) 90(665)맞춤형비료의 농가 판매가격(평균)은 1포(20kg)당 지난해 11,072원에서 올해는 2,122원 인하된 8,950원에 공급된다.농림수산식품부는 농가가 신청한 &lsquo;11년 맞춤형비료(30종, 629천톤)와 완효성비료(36천톤)를 비료의 종류에 관계없이 20kg 1포당 1,100원씩 보조한다.* 맞춤형비료와 완효성비료의 농가 판매가격에는 정부보조(1,100원/20kg)가 포함된 가격임(2011.1.16, 농림수산식품부 홈페이지 보도자료)http://www.mifaff.go.kr/gonews/content_view.jsp?newsid=155440349&amp;section_id=b_sec_1",2011년 맞춤형(화학)비료가격전대비인하.hwp,http://www.fact.or.kr/action.do?action=farmtech%24file&seq=9&file_seq=1,2011.01.18,이진필,9,"11년 맞춤형(화학)비료 가격, 전년 대비 19.2% 인하",362
"농림수산식품부는 1월 13일 해외 가축전염병의 국내유입 차단과 가축전염병 확산 방지를 위한 국경검역과 국내방역 시스템 강화 등을 주 내용으로 하는「가축전염병예방법 일부개정법률안」이 국회 본회의를 통과했다고 밝혔다.본 개정안은 김학용 의원 등 11명의 의원이 대표 발의한 12건의 법률안을 통합&middot;조정하여 농식품위원회 대안으로 마련된 것임주요 개정내용을 살펴보면,① 국가 및 지방자치단체의 책무에 매몰 대책 및 시&middot;도 가축방역기관 지원 대책 추가(제3조)- 살처분&middot;소각&middot;매몰 등 가축방역에 따른 주변환경 오염방지 대책 및 사후관리 대책 추가- 살처분&middot;매몰에 직접 관여한 자 등에 대한 심리적&middot;정신적 안정을 위한 치료를 포함하는 사후관리대책 마련&nbsp;&nbsp;- 매몰 후보지를 미리 선정하여 관리토록 책무 부여&nbsp;- 시&middot;도 가축방역기관의 인력&middot;장비&middot;기술 등의 보강을 위한 지원 강화② 해외 가축전염병의 가축전염병 발생국가 현황을 공개, 해외 여행시 이들 국가의 여행을 자제토록 유도(제3조의 2)- 농식품부, 시&middot;도 및 시&middot;군 홈페이지 등을 통해 가축전염병의 종류, 발생 국가, 일시, 지역 및 여행객의 유의사항 등 공개③ 해외 가축전염병의 국내 유입을 차단을 위한 외국인 근로자 방역관리와 축산농장주등의 해외여행 후 입국시 소독 의무화 등 제도 신설 (제5조)- 가축의 소유자등이 외국인 근로자를 고용할 경우 관할 시&middot;군에 신고하고 예방교육 및 소독 등 필요한 조치를 하도록 하고* 위반시 500만원 이하의 과태료 처분- 국립가축방역기관장은 가축전염병 발생국가에서 입국하는 자의 입국시 신고 의무와, 소독 등 방역조치를 받을 수 있음을 고지하고,&nbsp;- 일반 국민들도 가축전염병 발생 국가에서 입국시 신고하여야 하며, 이 중 여행 국가의 축산농가를 방문한 자 등 가축전염병을 옮길 위험이 상당하다고 판&nbsp;&nbsp;&nbsp; 단할 경우 신체 및 휴대품 등을 소독할 수 있음* 검사&middot;소독 등을 거부&middot;방해 또는 기피한 자 500만원 이하의 과태료 처분-&nbsp;특히, 가축의 소유자등과 그의 동거가족, 수의사, 가축인공수정사, 동물약품 및 사료 판매업자는 입국시 국립가축방역기관에서 질문&middot;조사&middot;소독 조치를 받아야 하며, 가축전염병 발생 국가를 방문하려는 경우에는 출국하는 항구나 공항의 가축방역기관장에게 출국 사실을 신고해야 함* 가축의 소유자등 축산관련자가 가축방역기관장의 질문에 거짓으로 답변하거나 검사&middot;소독 조치를 거부&middot;방해 또는 기피한 경우 1년 이하의 징역 또는 500만원 이하의 벌금 부과-&nbsp;국립가축방역기관장은 질문&middot;검사&middot;소독 조치를 받은 자의 입국신고 내용을 해당 시장&middot;군수&middot;구청장에게 통보하고- 통보를 받은 시장&middot;군수&middot;구청장은 필요한 경우 해당 가축의 소유자등에게 가축사육시설에 대하여 소독 실시를 명령하거나 직접 소독을 실시할 수 있다 ④ 구제역 등 발생시 효율적인 초동대응을 위하여 농림수산식품부장관 소속으로 가축전염병기동방역기구를 설치하며(제9조의2)⑤ 축산농장의 차단방역 강화를 위하여 농장을 출입하는 수의사&middot;가축인공수정사 등 모든 출입자 및 차량(탑승자 포함)에 대한 소독을 의무화(제17조) ⑥ 입국시 신고 및 소독 등 방역조치 의무를 이행하지 않아 가축전염병을 발생시키거나 다른 지역으로 퍼지게 한 자에 대해서 가축사육시설 폐쇄나 사육제한&nbsp;조치를 하고 보상금 지급시 감액 지급토록 제도 강화(제19조, 제48조)&nbsp;&nbsp;&nbsp;* 공포후 6개월 이후 시행 : 가축전염병 발생현황 정보공개(제3조의 2), 외국인 근로자 신고&middot;입국자에 대한 소독&middot;가축의 소유자등 축산관련자 입국시 소독조치출국신고 등(제5조), 가축전염병기동방역기구 설치(제9조의2), 보상금 지급대상 확대(제48조), 매몰 직접 관여자에 대한 심리적&middot;정신적 치료지원(제49조 의 2) 등 일부 조항* 공포일부터 시행 : 국가 및 지방자치단체의 책무(제3조), 축산농가 출입자 및 차량 소독 의무화(제17조), 방역의무 불이행에 따른 가축사육시설 폐쇄(제19조), 매몰지 관리강화(제22조), 매몰지 다른 용도사용 금지(제24조), 지정검역물 소독의무(제30조) 등 농림수산식품부는 금번 가축전염병예방법 개정을 통해 국경검역시스템을 강화하고 국내 방역체계를 개선함으로써 가축의 소유자등의 방역&middot;검역의식 제고와 지자체의 방역역량 강화, 구제역 등 발생시 신속한 초동대응 능력 향상 등 가축전염병 발생 방지와 확산 차단에 기여할 것으로 기대함 (2011.14, 농림수산식품부 홈페이지 보도자료)http://www.mifaff.go.kr/gonews/content_view.jsp?newsid=155440341&amp;section_id=b_sec_1",가축전염병예방법 일부개정법률안 국회 통과.hwp,http://www.fact.or.kr/action.do?action=farmtech%24file&seq=8&file_seq=1,2011.01.18,이진필,8,「가축전염병예방법 일부개정법률안」국회 통과,366
"중국이나 브라질 같은 신흥 국가에서 육류 소비량은 급격히 증가하고 있다. 사실 전 세계적인 붉은살코기 소비량은 1961년 이래 네 배가 되었다. UN 식량농업기구(FAO)에서는 전 세계 육류 생산량이 날로 번창하여 2050년에는 두 배에 이를 것이리고 전망한다. 문제는 유한한 농지 자원으로 우리의 행성이 앞으로도 여전히 모든 욕구를 충족시킬 수 있을 것이냐이다.(중략)육류 생산을 위해서는 많은 토지가 필요하다. 독일의 Peter Eisner(Fraunhofer Institute for Processing and Packaging IVV) 박사는 &quot;육류 1kg을 생산하기 위해서는 사료로 곡물 또는 콩이 7&sim;16kg 소모된다. 그 결과&nbsp; 미국에서는 곡물의 80%가 가축의 사료로 이용된다&quot;라고 보고했다. 육류 생산과 비교할 때, 식품 공급원으로서의 식물 재배에는 토지가 훨씬 덜 이용된다. 육류 1kg을 생산하기 위해서는 40평방미터가 소요되지만, 같은 면적에서 당근은 120kg, 사과는 80kg을 생산할 수 있다.(중략)식물 기반 식품 재료는 동물에서 유래되는 원재료의 대체물로서 일정 부분 중요한 역할을 하리라 기대할 수 있다. Eisner 박사는 루핀(lupin, 루피너스, 층층이부채꽃) 단백질로 만든 &quot;우유 대체물&quot;로서, 아이스크림 도는 치즈 같은 음식의 기초로 적합한 대체물을 제시했다. 이 우유 대체물은 젖당이 포함되어 있지 않으며, 중립적인 맛을 지니고 있고, 콜레스테롤이 없으며, 다가불포화지방산이 풍부하다. 루핀 종자 또한 IVV 연구자 Daniela Sussmann이 개발한 지방과 같은 성질을 지닌 새로운 채소 단백질 분획 내 기초 성분이다. 루핀 종자에 적용된 특별한 생산 방법은 크림 같은 농도를 지닌 고점성 단백질 현탁액을 만들어낸다. &quot;이 제품의 미세한 구조는 소시지의 지방 입자의 미세 구조와 유사하다. 따라서, 진짜 소시지 같은 맛을 지닌 저지방 소시지를 개발할 때, 이 제품을 이용할 수 있다&quot; 라고 연구자는 덧붙였다. 관능검사에서 연구자는 루핀 단백질의 첨가가 저지방 소시지 레시피의 육즙 많고 크림 같은 느낌을 향상시키는지 여부를 조사했다. 결과는 성공적이었다. 연구자는 &quot;단백질 분획 10%를 첨가함으로써 우리는 저지방 간 소시지의 지방 같은 느낌을 대폭 향상시킬 수 있었다&quot; 라고 말했다.(후략) (2011.1.10. 한국과학기술정보연구원(KISTI) 미리안 &quot;글로벌동향브리핑&quot;) http://mirian.kisti.re.kr/global/global_v.jsp",2011.04.25,이진필,7,루핀 단백질 덕분에 가능한 저지방 식사,501,「가축전염병예방법 일부개정법률안」국회 통과,366
"농어촌 공동체회사란 지역주민 또는 귀촌인력이 자발적으로 참여해 기업경영방식을 접목하여 지역의 인적&middot;물적 자원을 활용함으로써 농어촌 지역의 일자리와 소득을 창출하고 지역사회 발전에 기여하는 조직을 의미한다.농림수산식품부(장관 유정복)는 금년부터 이런 농어촌 공동체회사를 육성 지원할 계획이며, 국민들의 이해를 돕기 위하여 사례 55개소를 선정, 책자로 제작하여 농어촌 공동체회사, 지자체, 한국농어촌공사지사 등에 보급한다고 밝혔다.이런 다양한 사례소개는 공동체회사에 대한 이해를 높이고, 잠재적 창업 희망자들에게 참여의욕을 고취하여 농어촌의 활력을 증진시키는데 기여할 것으로 보인다.(2011.1.5, 농림수산식품부 홈페이지 보도자료)http://www.mifaff.go.kr/gonews/content_view.jsp?newsid=155440310&amp;section_id=b_sec_1",농어촌 공동체회사 사례 소개.hwp,http://www.fact.or.kr/action.do?action=farmtech%24file&seq=6&file_seq=1,2011.01.06,이진필,6,농어촌 공동체회사란?,482
"(전략) 대만 환경보호청에서는 전통적인 돼지 농가의 환경을 크게 개선시키면서도, 악취와 폐수를 줄일 뿐만 아니라, 낮은 유지관리비용으로 돼지생존율을 증가시키고, 돼지 배설물을 효율적으로 재사용하며, 자원을 재활용할 수 있는 새로운 친환경 양돈법을 적극적으로 개발했다고 전했다.&quot;청정 양돈과 재생가능한 녹색 에너지&quot; 개념은 물 절약, 오염 감소 및 자원 재활용의 목표를 달성하기 위해 주로 생산, 수집, 재사용이라는 기술적 과정을 이용한다. &quot;생산&quot;이란 돼지 배설물을 농축하는 돼지변소를 설치해, 돈사 청소에 드는 물 사용량을 줄이고 돈사를 건조하게 유지시키는 것을 의미한다. &quot;수집&quot;이란 재활용할 고형 돼지 배설물을 수집하여 유용한 자원이나 에너지로 재사용하기 위한 자동 또는 반자동 시설을 활용함을 의미한다. 그리고, 퇴비, 바이오 연료, 구더기 사육과 바이오가스 에너지 전환을 위한 돼지 배설물의 &quot;재사용&quot; 기술들이 있다.윈린형 산둥 목장의 경험에 비추어 보면, 돼지 변소 설치는 물 이용량을 50% 가량 감소시키고 오염원을 제거함으로써 주변 하천의 수질을 향상시킬 수 있다. 게다가 돼지 배설물은 네 종류의 악취(NH₄, CO₂, H₂S, CH₄)를 쉽게 생성할 수 있으므로, 발생장소에서 돼지 배설물을 수집하면 악취 발생의 가능성과 공기 오염이나 돼지 농가의 악취 관련 불만을 상당히 줄일 수 있다.(후략) (2011.1.6, 한국과학기술정보연구원(KISTI) 미리안 &quot;글로벌동향브리핑&quot;)http://mirian.kisti.re.kr/global/global_v.jsp",2011.01.06,이진필,5,"대만, 청정 양돈을 통한 지속 가능한 농촌 마을과 재생 가능한 녹색 에너지 창출",450,농어촌 공동체회사란?,482
"2011년도 상반기부터 달라지는 농식품 분야 제도는 다음과 같으며, 자세한 사항은 농림수산식품부 홈페이니자 블로그(아래 링크)를 참고하시기 바랍니다.1. 경영이양 농지 양수대상자 확대(농림수산식품부 농가소득안정추진단 (☎ 02-500-1762))2. 농지연금 시행(농림수산식품부 농지과 (☎ 02-500-1719))3. 닭&middot;오리 고기 전면 포장유통 실시 등 축산물 위생관리 강화(농림수산식품부 안전위생과 (☎ 02-500-2103))4. 농어업재해보험 적용대상품목 및 보장수준 확대 시행(농림수산식품부 농업금융정책과 (☎ 02-500-1748))5. 술 품질인증제 실시(식품산업진흥과 (☎ 02-500-1955))6. 수산인안전공제 공제료 지원사업 대상자 확대(농림수산식품부 수산개발과 (☎ 02-500-2335)) http://blog.daum.net/mifaff/13429999",2011.01.05,이진필,4,2011년도 상반기부터 달라지는 농식품 분야 제도,479,농어촌 공동체회사란?,482
"팬실베니아주립대학교 Diana Cox-Foster 연구진은 야생꿀벌이나 말벌처럼 자연수분 매개자들이 양봉 꿀벌과 같은 종류의 바이러스 병에 감염될 수 있고, 이 바이러스들이 꽃가를 통해서 전염된다는 사실을 온라인저널인 PloS ONE 12월 22일자에 발표하였다. 이 연구 결과는 RNA 바이러스 병이 자연에서 수분매개 활동을 하는 곤충 군집에서도 치명적인 영향을 줄 수 있는 중용한 요인일 수 있다는 점을 시사하고 있다.봉군붕괴증후군(蜂群崩壞症候群; Colony Collapse Disorede)은 양봉산업에 치명적인 위협으로서 2007년 미국양봉협회의 조사자료에 따르면 전체 봉군의 30% 이상이 이 증후군 때문에 사라졌다.&nbsp; 온라인저널인 PloS ONE 10월호에서는 DNA 바이러스에 속하는 곤충 무지개 바이러스와 노제마 세라내라는 곰팡이가 이 문제를 일으키는 원인의 하나로 지목되었다.펜실베니아주립대학교 연구자들은 야생 꿀벌과 말벌같은 자연수분 매개충들이 꿀벌에 감염을 일으키는 동일한 바이러스에 감염되고 이 바이러스가 꽃가루에 의해서 전파된다는 사실을 발견했다. 여러 연구기관이 공동으로 수행한 이 연구는 바이러스 병이 수분매개충의 군집에 영향을 주는 핵심 요인들일 수 있다는 것을 시사하는 것으로서 자연수분 매개충에서의 바이러스 감염에 대한 새로운 통찰력을 가져다 주고 있다.(후략) (2011.1.3, 한국과학기술정보연구원(KISTI) 미리안 &quot;글로벌동향브리핑&quot;)http://mirian.kisti.re.kr/global/global_v.jsp",2011.01.03,이진필,3,"봉군붕괴증후군(蜂群崩壞症候群; Colony Collapse Disorede)을 일으키는 RNA 바이러스, 꽃가루를 통해 전염",486,농어촌 공동체회사란?,48